ISO-10303-21;
HEADER;
/* Generated by software containing ST-Developer
 * from STEP Tools, Inc. (www.steptools.com) 
 */

FILE_DESCRIPTION(
/* description */ (''),
/* implementation_level */ '2;1');

FILE_NAME(
/* name */ 'haptic_paddle_v1.step',
/* time_stamp */ '2026-05-30T23:15:52-05:00',
/* author */ (''),
/* organization */ (''),
/* preprocessor_version */ 'ST-DEVELOPER v20.1',
/* originating_system */ 'Autodesk Translation Framework v15.8.0.0',
/* authorisation */ '');

FILE_SCHEMA (('AUTOMOTIVE_DESIGN { 1 0 10303 214 3 1 1 }'));
ENDSEC;

DATA;
#10=MECHANICAL_DESIGN_GEOMETRIC_PRESENTATION_REPRESENTATION('',(#121,#122,
#123,#124,#125,#126,#127),#6736);
#11=ITEM_DEFINED_TRANSFORMATION($,$,#4050,#4433);
#12=ITEM_DEFINED_TRANSFORMATION($,$,#4110,#4434);
#13=ITEM_DEFINED_TRANSFORMATION($,$,#4166,#4435);
#14=ITEM_DEFINED_TRANSFORMATION($,$,#4220,#4436);
#15=ITEM_DEFINED_TRANSFORMATION($,$,#4262,#4437);
#16=ITEM_DEFINED_TRANSFORMATION($,$,#4319,#4438);
#17=ITEM_DEFINED_TRANSFORMATION($,$,#4378,#4439);
#18=(
REPRESENTATION_RELATIONSHIP($,$,#6765,#6764)
REPRESENTATION_RELATIONSHIP_WITH_TRANSFORMATION(#11)
SHAPE_REPRESENTATION_RELATIONSHIP()
);
#19=(
REPRESENTATION_RELATIONSHIP($,$,#6766,#6764)
REPRESENTATION_RELATIONSHIP_WITH_TRANSFORMATION(#12)
SHAPE_REPRESENTATION_RELATIONSHIP()
);
#20=(
REPRESENTATION_RELATIONSHIP($,$,#6767,#6764)
REPRESENTATION_RELATIONSHIP_WITH_TRANSFORMATION(#13)
SHAPE_REPRESENTATION_RELATIONSHIP()
);
#21=(
REPRESENTATION_RELATIONSHIP($,$,#6768,#6764)
REPRESENTATION_RELATIONSHIP_WITH_TRANSFORMATION(#14)
SHAPE_REPRESENTATION_RELATIONSHIP()
);
#22=(
REPRESENTATION_RELATIONSHIP($,$,#6769,#6764)
REPRESENTATION_RELATIONSHIP_WITH_TRANSFORMATION(#15)
SHAPE_REPRESENTATION_RELATIONSHIP()
);
#23=(
REPRESENTATION_RELATIONSHIP($,$,#6770,#6764)
REPRESENTATION_RELATIONSHIP_WITH_TRANSFORMATION(#16)
SHAPE_REPRESENTATION_RELATIONSHIP()
);
#24=(
REPRESENTATION_RELATIONSHIP($,$,#6771,#6764)
REPRESENTATION_RELATIONSHIP_WITH_TRANSFORMATION(#17)
SHAPE_REPRESENTATION_RELATIONSHIP()
);
#25=CONTEXT_DEPENDENT_SHAPE_REPRESENTATION(#18,#6757);
#26=CONTEXT_DEPENDENT_SHAPE_REPRESENTATION(#19,#6758);
#27=CONTEXT_DEPENDENT_SHAPE_REPRESENTATION(#20,#6759);
#28=CONTEXT_DEPENDENT_SHAPE_REPRESENTATION(#21,#6760);
#29=CONTEXT_DEPENDENT_SHAPE_REPRESENTATION(#22,#6761);
#30=CONTEXT_DEPENDENT_SHAPE_REPRESENTATION(#23,#6762);
#31=CONTEXT_DEPENDENT_SHAPE_REPRESENTATION(#24,#6763);
#32=NEXT_ASSEMBLY_USAGE_OCCURRENCE('MG996R Servo v3:1',
'MG996R Servo v3:1','MG996R Servo v3:1',#6773,#6774,'MG996R Servo v3:1');
#33=NEXT_ASSEMBLY_USAGE_OCCURRENCE('Base:1','Base:1','Base:1',#6773,#6775,
'Base:1');
#34=NEXT_ASSEMBLY_USAGE_OCCURRENCE('servoHorn v1:1','servoHorn v1:1',
'servoHorn v1:1',#6773,#6776,'servoHorn v1:1');
#35=NEXT_ASSEMBLY_USAGE_OCCURRENCE('Arm:1','Arm:1','Arm:1',#6773,#6777,
'Arm:1');
#36=NEXT_ASSEMBLY_USAGE_OCCURRENCE('AS6500_breakout_board v2:1',
'AS6500_breakout_board v2:1','AS6500_breakout_board v2:1',#6773,#6778,
'AS6500_breakout_board v2:1');
#37=NEXT_ASSEMBLY_USAGE_OCCURRENCE('Interface:1','Interface:1',
'Interface:1',#6773,#6779,'Interface:1');
#38=NEXT_ASSEMBLY_USAGE_OCCURRENCE('newLoadCell v1:1',
'newLoadCell v1:1','newLoadCell v1:1',#6773,#6780,'newLoadCell v1:1');
#39=CONICAL_SURFACE('',#4242,2.25,0.785398163397451);
#40=DERIVED_UNIT_ELEMENT(#52,1.);
#41=DERIVED_UNIT_ELEMENT(#6738,-3.);
#42=DERIVED_UNIT_ELEMENT(#52,1.);
#43=DERIVED_UNIT_ELEMENT(#6738,-3.);
#44=DERIVED_UNIT_ELEMENT(#52,1.);
#45=DERIVED_UNIT_ELEMENT(#6738,-3.);
#46=DERIVED_UNIT_ELEMENT(#52,1.);
#47=DERIVED_UNIT_ELEMENT(#6738,-3.);
#48=DERIVED_UNIT_ELEMENT(#52,1.);
#49=DERIVED_UNIT_ELEMENT(#6738,-3.);
#50=DERIVED_UNIT_ELEMENT(#52,1.);
#51=DERIVED_UNIT_ELEMENT(#6738,-3.);
#52=(
MASS_UNIT()
NAMED_UNIT(*)
SI_UNIT(.KILO.,.GRAM.)
);
#53=DERIVED_UNIT((#40,#41));
#54=DERIVED_UNIT((#42,#43));
#55=DERIVED_UNIT((#44,#45));
#56=DERIVED_UNIT((#46,#47));
#57=DERIVED_UNIT((#48,#49));
#58=DERIVED_UNIT((#50,#51));
#59=MEASURE_REPRESENTATION_ITEM('density measure',
POSITIVE_RATIO_MEASURE(7850.),#53);
#60=MEASURE_REPRESENTATION_ITEM('density measure',
POSITIVE_RATIO_MEASURE(7850.),#54);
#61=MEASURE_REPRESENTATION_ITEM('density measure',
POSITIVE_RATIO_MEASURE(7850.),#55);
#62=MEASURE_REPRESENTATION_ITEM('density measure',
POSITIVE_RATIO_MEASURE(7850.),#56);
#63=MEASURE_REPRESENTATION_ITEM('density measure',
POSITIVE_RATIO_MEASURE(7850.),#57);
#64=MEASURE_REPRESENTATION_ITEM('density measure',
POSITIVE_RATIO_MEASURE(7850.),#58);
#65=PROPERTY_DEFINITION_REPRESENTATION(#95,#77);
#66=PROPERTY_DEFINITION_REPRESENTATION(#96,#78);
#67=PROPERTY_DEFINITION_REPRESENTATION(#97,#79);
#68=PROPERTY_DEFINITION_REPRESENTATION(#98,#80);
#69=PROPERTY_DEFINITION_REPRESENTATION(#99,#81);
#70=PROPERTY_DEFINITION_REPRESENTATION(#100,#82);
#71=PROPERTY_DEFINITION_REPRESENTATION(#101,#83);
#72=PROPERTY_DEFINITION_REPRESENTATION(#102,#84);
#73=PROPERTY_DEFINITION_REPRESENTATION(#103,#85);
#74=PROPERTY_DEFINITION_REPRESENTATION(#104,#86);
#75=PROPERTY_DEFINITION_REPRESENTATION(#105,#87);
#76=PROPERTY_DEFINITION_REPRESENTATION(#106,#88);
#77=REPRESENTATION('material name',(#89),#6730);
#78=REPRESENTATION('density',(#59),#6730);
#79=REPRESENTATION('material name',(#90),#6731);
#80=REPRESENTATION('density',(#60),#6731);
#81=REPRESENTATION('material name',(#91),#6732);
#82=REPRESENTATION('density',(#61),#6732);
#83=REPRESENTATION('material name',(#92),#6733);
#84=REPRESENTATION('density',(#62),#6733);
#85=REPRESENTATION('material name',(#93),#6734);
#86=REPRESENTATION('density',(#63),#6734);
#87=REPRESENTATION('material name',(#94),#6735);
#88=REPRESENTATION('density',(#64),#6735);
#89=DESCRIPTIVE_REPRESENTATION_ITEM('Steel','Steel');
#90=DESCRIPTIVE_REPRESENTATION_ITEM('Steel','Steel');
#91=DESCRIPTIVE_REPRESENTATION_ITEM('Steel','Steel');
#92=DESCRIPTIVE_REPRESENTATION_ITEM('Steel','Steel');
#93=DESCRIPTIVE_REPRESENTATION_ITEM('Steel','Steel');
#94=DESCRIPTIVE_REPRESENTATION_ITEM('Steel','Steel');
#95=PROPERTY_DEFINITION('material property','material name',#6775);
#96=PROPERTY_DEFINITION('material property','density of part',#6775);
#97=PROPERTY_DEFINITION('material property','material name',#6776);
#98=PROPERTY_DEFINITION('material property','density of part',#6776);
#99=PROPERTY_DEFINITION('material property','material name',#6777);
#100=PROPERTY_DEFINITION('material property','density of part',#6777);
#101=PROPERTY_DEFINITION('material property','material name',#6778);
#102=PROPERTY_DEFINITION('material property','density of part',#6778);
#103=PROPERTY_DEFINITION('material property','material name',#6779);
#104=PROPERTY_DEFINITION('material property','density of part',#6779);
#105=PROPERTY_DEFINITION('material property','material name',#6780);
#106=PROPERTY_DEFINITION('material property','density of part',#6780);
#107=SHAPE_REPRESENTATION_RELATIONSHIP('SRR','None',#6765,#114);
#108=SHAPE_REPRESENTATION_RELATIONSHIP('SRR','None',#6766,#115);
#109=SHAPE_REPRESENTATION_RELATIONSHIP('SRR','None',#6767,#116);
#110=SHAPE_REPRESENTATION_RELATIONSHIP('SRR','None',#6768,#117);
#111=SHAPE_REPRESENTATION_RELATIONSHIP('SRR','None',#6769,#118);
#112=SHAPE_REPRESENTATION_RELATIONSHIP('SRR','None',#6770,#119);
#113=SHAPE_REPRESENTATION_RELATIONSHIP('SRR','None',#6771,#120);
#114=ADVANCED_BREP_SHAPE_REPRESENTATION('',(#128),#6729);
#115=ADVANCED_BREP_SHAPE_REPRESENTATION('',(#129),#6730);
#116=ADVANCED_BREP_SHAPE_REPRESENTATION('',(#130),#6731);
#117=ADVANCED_BREP_SHAPE_REPRESENTATION('',(#131),#6732);
#118=ADVANCED_BREP_SHAPE_REPRESENTATION('',(#132),#6733);
#119=ADVANCED_BREP_SHAPE_REPRESENTATION('',(#133),#6734);
#120=ADVANCED_BREP_SHAPE_REPRESENTATION('',(#134),#6735);
#121=STYLED_ITEM('',(#6808),#128);
#122=STYLED_ITEM('',(#6808),#129);
#123=STYLED_ITEM('',(#6808),#130);
#124=STYLED_ITEM('',(#6808),#131);
#125=STYLED_ITEM('',(#6808),#132);
#126=STYLED_ITEM('',(#6808),#133);
#127=STYLED_ITEM('',(#6808),#134);
#128=MANIFOLD_SOLID_BREP('Body1',#4042);
#129=MANIFOLD_SOLID_BREP('Body1',#4043);
#130=MANIFOLD_SOLID_BREP('Body1',#4044);
#131=MANIFOLD_SOLID_BREP('Body1',#4045);
#132=MANIFOLD_SOLID_BREP('Body1',#4046);
#133=MANIFOLD_SOLID_BREP('Body1',#4047);
#134=MANIFOLD_SOLID_BREP('Body1',#4048);
#135=FACE_BOUND('',#692,.T.);
#136=FACE_BOUND('',#700,.T.);
#137=FACE_BOUND('',#725,.T.);
#138=FACE_BOUND('',#726,.T.);
#139=FACE_BOUND('',#737,.T.);
#140=FACE_BOUND('',#738,.T.);
#141=FACE_BOUND('',#745,.T.);
#142=FACE_BOUND('',#767,.T.);
#143=FACE_BOUND('',#768,.T.);
#144=FACE_BOUND('',#769,.T.);
#145=FACE_BOUND('',#770,.T.);
#146=FACE_BOUND('',#773,.T.);
#147=FACE_BOUND('',#774,.T.);
#148=FACE_BOUND('',#775,.T.);
#149=FACE_BOUND('',#776,.T.);
#150=FACE_BOUND('',#781,.T.);
#151=FACE_BOUND('',#784,.T.);
#152=FACE_BOUND('',#802,.T.);
#153=FACE_BOUND('',#803,.T.);
#154=FACE_BOUND('',#804,.T.);
#155=FACE_BOUND('',#805,.T.);
#156=FACE_BOUND('',#806,.T.);
#157=FACE_BOUND('',#807,.T.);
#158=FACE_BOUND('',#808,.T.);
#159=FACE_BOUND('',#809,.T.);
#160=FACE_BOUND('',#810,.T.);
#161=FACE_BOUND('',#812,.T.);
#162=FACE_BOUND('',#813,.T.);
#163=FACE_BOUND('',#814,.T.);
#164=FACE_BOUND('',#815,.T.);
#165=FACE_BOUND('',#816,.T.);
#166=FACE_BOUND('',#817,.T.);
#167=FACE_BOUND('',#818,.T.);
#168=FACE_BOUND('',#819,.T.);
#169=FACE_BOUND('',#820,.T.);
#170=FACE_BOUND('',#823,.T.);
#171=FACE_BOUND('',#824,.T.);
#172=FACE_BOUND('',#827,.T.);
#173=FACE_BOUND('',#828,.T.);
#174=FACE_BOUND('',#829,.T.);
#175=FACE_BOUND('',#831,.T.);
#176=FACE_BOUND('',#832,.T.);
#177=FACE_BOUND('',#837,.T.);
#178=FACE_BOUND('',#838,.T.);
#179=FACE_BOUND('',#843,.T.);
#180=FACE_BOUND('',#847,.T.);
#181=FACE_BOUND('',#850,.T.);
#182=FACE_BOUND('',#856,.T.);
#183=FACE_BOUND('',#857,.T.);
#184=FACE_BOUND('',#858,.T.);
#185=FACE_BOUND('',#859,.T.);
#186=FACE_BOUND('',#860,.T.);
#187=FACE_BOUND('',#861,.T.);
#188=FACE_BOUND('',#862,.T.);
#189=FACE_BOUND('',#863,.T.);
#190=FACE_BOUND('',#864,.T.);
#191=FACE_BOUND('',#865,.T.);
#192=FACE_BOUND('',#866,.T.);
#193=FACE_BOUND('',#892,.T.);
#194=FACE_BOUND('',#893,.T.);
#195=FACE_BOUND('',#894,.T.);
#196=FACE_BOUND('',#895,.T.);
#197=FACE_BOUND('',#896,.T.);
#198=FACE_BOUND('',#897,.T.);
#199=FACE_BOUND('',#898,.T.);
#200=FACE_BOUND('',#899,.T.);
#201=FACE_BOUND('',#900,.T.);
#202=FACE_BOUND('',#901,.T.);
#203=FACE_BOUND('',#902,.T.);
#204=FACE_BOUND('',#903,.T.);
#205=FACE_BOUND('',#911,.T.);
#206=FACE_BOUND('',#912,.T.);
#207=FACE_BOUND('',#916,.T.);
#208=FACE_BOUND('',#917,.T.);
#209=FACE_BOUND('',#920,.T.);
#210=FACE_BOUND('',#921,.T.);
#211=FACE_BOUND('',#940,.T.);
#212=FACE_BOUND('',#941,.T.);
#213=FACE_BOUND('',#967,.T.);
#214=FACE_BOUND('',#968,.T.);
#215=FACE_BOUND('',#969,.T.);
#216=FACE_BOUND('',#970,.T.);
#217=FACE_BOUND('',#971,.T.);
#218=FACE_BOUND('',#973,.T.);
#219=FACE_BOUND('',#974,.T.);
#220=FACE_BOUND('',#975,.T.);
#221=FACE_BOUND('',#976,.T.);
#222=FACE_BOUND('',#977,.T.);
#223=CIRCLE('',#4057,2.92);
#224=CIRCLE('',#4058,2.92);
#225=CIRCLE('',#4062,9.85);
#226=CIRCLE('',#4063,9.85);
#227=CIRCLE('',#4064,9.85);
#228=CIRCLE('',#4075,2.175);
#229=CIRCLE('',#4076,2.175);
#230=CIRCLE('',#4077,2.);
#231=CIRCLE('',#4078,2.);
#232=CIRCLE('',#4080,2.);
#233=CIRCLE('',#4081,2.);
#234=CIRCLE('',#4082,2.175);
#235=CIRCLE('',#4083,2.175);
#236=CIRCLE('',#4093,2.175);
#237=CIRCLE('',#4094,2.175);
#238=CIRCLE('',#4095,2.);
#239=CIRCLE('',#4096,2.);
#240=CIRCLE('',#4098,2.);
#241=CIRCLE('',#4099,2.);
#242=CIRCLE('',#4100,2.175);
#243=CIRCLE('',#4101,2.175);
#244=CIRCLE('',#4114,1.925);
#245=CIRCLE('',#4115,1.925);
#246=CIRCLE('',#4119,1.925);
#247=CIRCLE('',#4123,1.925);
#248=CIRCLE('',#4146,2.175);
#249=CIRCLE('',#4147,2.175);
#250=CIRCLE('',#4149,2.17500000000005);
#251=CIRCLE('',#4150,2.17500000000005);
#252=CIRCLE('',#4153,2.175);
#253=CIRCLE('',#4154,2.175);
#254=CIRCLE('',#4156,2.175);
#255=CIRCLE('',#4157,2.175);
#256=CIRCLE('',#4168,4.4);
#257=CIRCLE('',#4169,4.4);
#258=CIRCLE('',#4171,2.75);
#259=CIRCLE('',#4172,2.75);
#260=CIRCLE('',#4175,1.575);
#261=CIRCLE('',#4176,1.575);
#262=CIRCLE('',#4179,0.875);
#263=CIRCLE('',#4180,0.875);
#264=CIRCLE('',#4182,0.875);
#265=CIRCLE('',#4183,0.875);
#266=CIRCLE('',#4185,0.875);
#267=CIRCLE('',#4186,0.875);
#268=CIRCLE('',#4188,0.875);
#269=CIRCLE('',#4189,0.875);
#270=CIRCLE('',#4191,0.875);
#271=CIRCLE('',#4192,0.875);
#272=CIRCLE('',#4194,0.875);
#273=CIRCLE('',#4195,0.875);
#274=CIRCLE('',#4197,0.875);
#275=CIRCLE('',#4198,0.875);
#276=CIRCLE('',#4200,0.875);
#277=CIRCLE('',#4201,0.875);
#278=CIRCLE('',#4204,6.);
#279=CIRCLE('',#4205,6.);
#280=CIRCLE('',#4208,2.57226293808394);
#281=CIRCLE('',#4209,2.57226293808394);
#282=CIRCLE('',#4212,6.);
#283=CIRCLE('',#4213,6.);
#284=CIRCLE('',#4216,2.57226293808394);
#285=CIRCLE('',#4217,2.57226293808394);
#286=CIRCLE('',#4222,1.75);
#287=CIRCLE('',#4223,1.75);
#288=CIRCLE('',#4225,1.75);
#289=CIRCLE('',#4228,9.);
#290=CIRCLE('',#4229,5.);
#291=CIRCLE('',#4230,3.);
#292=CIRCLE('',#4231,3.);
#293=CIRCLE('',#4233,1.75);
#294=CIRCLE('',#4238,9.);
#295=CIRCLE('',#4239,1.125);
#296=CIRCLE('',#4240,1.125);
#297=CIRCLE('',#4243,2.5);
#298=CIRCLE('',#4244,2.);
#299=CIRCLE('',#4246,2.);
#300=CIRCLE('',#4248,5.);
#301=CIRCLE('',#4251,3.);
#302=CIRCLE('',#4253,1.125);
#303=CIRCLE('',#4255,3.);
#304=CIRCLE('',#4257,1.125);
#305=CIRCLE('',#4264,3.19082773070106);
#306=CIRCLE('',#4265,3.6);
#307=CIRCLE('',#4266,3.6);
#308=CIRCLE('',#4267,3.19082773070106);
#309=CIRCLE('',#4268,1.925);
#310=CIRCLE('',#4269,1.925);
#311=CIRCLE('',#4270,1.925);
#312=CIRCLE('',#4271,1.925);
#313=CIRCLE('',#4272,0.5875);
#314=CIRCLE('',#4273,0.5875);
#315=CIRCLE('',#4274,0.5875);
#316=CIRCLE('',#4275,0.5875);
#317=CIRCLE('',#4276,0.5875);
#318=CIRCLE('',#4277,0.5875);
#319=CIRCLE('',#4278,0.5875);
#320=CIRCLE('',#4280,0.5875);
#321=CIRCLE('',#4282,0.5875);
#322=CIRCLE('',#4284,0.5875);
#323=CIRCLE('',#4286,0.5875);
#324=CIRCLE('',#4288,0.5875);
#325=CIRCLE('',#4290,0.5875);
#326=CIRCLE('',#4292,0.5875);
#327=CIRCLE('',#4299,1.925);
#328=CIRCLE('',#4301,1.925);
#329=CIRCLE('',#4303,1.925);
#330=CIRCLE('',#4305,1.925);
#331=CIRCLE('',#4307,3.19082773070106);
#332=CIRCLE('',#4310,3.6);
#333=CIRCLE('',#4313,3.6);
#334=CIRCLE('',#4316,3.19082773070106);
#335=CIRCLE('',#4322,17.5);
#336=CIRCLE('',#4323,17.5);
#337=CIRCLE('',#4325,17.5);
#338=CIRCLE('',#4326,17.5);
#339=CIRCLE('',#4330,3.);
#340=CIRCLE('',#4331,3.);
#341=CIRCLE('',#4333,3.);
#342=CIRCLE('',#4334,1.75);
#343=CIRCLE('',#4335,1.75);
#344=CIRCLE('',#4338,3.);
#345=CIRCLE('',#4339,3.);
#346=CIRCLE('',#4341,3.);
#347=CIRCLE('',#4342,3.);
#348=CIRCLE('',#4343,3.);
#349=CIRCLE('',#4344,1.75);
#350=CIRCLE('',#4345,1.75);
#351=CIRCLE('',#4347,3.);
#352=CIRCLE('',#4348,3.);
#353=CIRCLE('',#4350,3.);
#354=CIRCLE('',#4351,3.);
#355=CIRCLE('',#4352,1.75);
#356=CIRCLE('',#4353,1.75);
#357=CIRCLE('',#4355,3.);
#358=CIRCLE('',#4357,3.);
#359=CIRCLE('',#4362,3.);
#360=CIRCLE('',#4365,3.);
#361=CIRCLE('',#4373,1.75);
#362=CIRCLE('',#4375,1.75);
#363=CIRCLE('',#4380,1.75);
#364=CIRCLE('',#4381,1.75);
#365=CIRCLE('',#4383,1.75);
#366=CIRCLE('',#4384,1.75);
#367=CIRCLE('',#4386,1.75);
#368=CIRCLE('',#4387,1.75);
#369=CIRCLE('',#4389,5.97541468624024);
#370=CIRCLE('',#4390,5.97541468624024);
#371=CIRCLE('',#4393,7.19447245321725);
#372=CIRCLE('',#4394,7.19447245321725);
#373=CIRCLE('',#4397,7.00000010430813);
#374=CIRCLE('',#4398,7.00000010430813);
#375=CIRCLE('',#4401,5.59795723664236);
#376=CIRCLE('',#4402,5.59795723664236);
#377=CIRCLE('',#4405,2.96998275251753);
#378=CIRCLE('',#4406,2.96998275251753);
#379=CIRCLE('',#4409,3.10671296218989);
#380=CIRCLE('',#4410,3.10671296218989);
#381=CIRCLE('',#4413,1.75);
#382=CIRCLE('',#4414,1.75);
#383=CIRCLE('',#4417,9.48393921722561);
#384=CIRCLE('',#4418,9.48393921722561);
#385=CIRCLE('',#4421,9.59012810639868);
#386=CIRCLE('',#4422,9.59012810639868);
#387=CIRCLE('',#4425,10.5271073901499);
#388=CIRCLE('',#4426,10.5271073901499);
#389=CIRCLE('',#4429,9.75385998445718);
#390=CIRCLE('',#4430,9.75385998445718);
#391=CYLINDRICAL_SURFACE('',#4056,2.92);
#392=CYLINDRICAL_SURFACE('',#4061,9.85);
#393=CYLINDRICAL_SURFACE('',#4087,2.175);
#394=CYLINDRICAL_SURFACE('',#4088,2.);
#395=CYLINDRICAL_SURFACE('',#4089,2.);
#396=CYLINDRICAL_SURFACE('',#4091,2.175);
#397=CYLINDRICAL_SURFACE('',#4105,2.175);
#398=CYLINDRICAL_SURFACE('',#4106,2.);
#399=CYLINDRICAL_SURFACE('',#4107,2.);
#400=CYLINDRICAL_SURFACE('',#4108,2.175);
#401=CYLINDRICAL_SURFACE('',#4118,1.925);
#402=CYLINDRICAL_SURFACE('',#4122,1.925);
#403=CYLINDRICAL_SURFACE('',#4145,2.175);
#404=CYLINDRICAL_SURFACE('',#4148,2.17500000000005);
#405=CYLINDRICAL_SURFACE('',#4152,2.175);
#406=CYLINDRICAL_SURFACE('',#4155,2.175);
#407=CYLINDRICAL_SURFACE('',#4167,4.4);
#408=CYLINDRICAL_SURFACE('',#4170,2.75);
#409=CYLINDRICAL_SURFACE('',#4174,1.575);
#410=CYLINDRICAL_SURFACE('',#4178,0.875);
#411=CYLINDRICAL_SURFACE('',#4181,0.875);
#412=CYLINDRICAL_SURFACE('',#4184,0.875);
#413=CYLINDRICAL_SURFACE('',#4187,0.875);
#414=CYLINDRICAL_SURFACE('',#4190,0.875);
#415=CYLINDRICAL_SURFACE('',#4193,0.875);
#416=CYLINDRICAL_SURFACE('',#4196,0.875);
#417=CYLINDRICAL_SURFACE('',#4199,0.875);
#418=CYLINDRICAL_SURFACE('',#4203,6.);
#419=CYLINDRICAL_SURFACE('',#4207,2.57226293808394);
#420=CYLINDRICAL_SURFACE('',#4211,6.);
#421=CYLINDRICAL_SURFACE('',#4215,2.57226293808394);
#422=CYLINDRICAL_SURFACE('',#4221,1.75);
#423=CYLINDRICAL_SURFACE('',#4241,1.75);
#424=CYLINDRICAL_SURFACE('',#4245,2.);
#425=CYLINDRICAL_SURFACE('',#4249,5.);
#426=CYLINDRICAL_SURFACE('',#4250,3.);
#427=CYLINDRICAL_SURFACE('',#4254,3.);
#428=CYLINDRICAL_SURFACE('',#4259,9.);
#429=CYLINDRICAL_SURFACE('',#4260,1.125);
#430=CYLINDRICAL_SURFACE('',#4261,1.125);
#431=CYLINDRICAL_SURFACE('',#4279,0.5875);
#432=CYLINDRICAL_SURFACE('',#4281,0.5875);
#433=CYLINDRICAL_SURFACE('',#4283,0.5875);
#434=CYLINDRICAL_SURFACE('',#4285,0.5875);
#435=CYLINDRICAL_SURFACE('',#4287,0.5875);
#436=CYLINDRICAL_SURFACE('',#4289,0.5875);
#437=CYLINDRICAL_SURFACE('',#4291,0.5875);
#438=CYLINDRICAL_SURFACE('',#4298,1.925);
#439=CYLINDRICAL_SURFACE('',#4300,1.925);
#440=CYLINDRICAL_SURFACE('',#4302,1.925);
#441=CYLINDRICAL_SURFACE('',#4304,1.925);
#442=CYLINDRICAL_SURFACE('',#4306,3.19082773070106);
#443=CYLINDRICAL_SURFACE('',#4309,3.6);
#444=CYLINDRICAL_SURFACE('',#4312,3.6);
#445=CYLINDRICAL_SURFACE('',#4315,3.19082773070106);
#446=CYLINDRICAL_SURFACE('',#4321,17.5);
#447=CYLINDRICAL_SURFACE('',#4324,17.5);
#448=CYLINDRICAL_SURFACE('',#4329,3.);
#449=CYLINDRICAL_SURFACE('',#4337,3.);
#450=CYLINDRICAL_SURFACE('',#4346,3.);
#451=CYLINDRICAL_SURFACE('',#4354,3.);
#452=CYLINDRICAL_SURFACE('',#4356,3.);
#453=CYLINDRICAL_SURFACE('',#4359,3.);
#454=CYLINDRICAL_SURFACE('',#4361,3.);
#455=CYLINDRICAL_SURFACE('',#4364,3.);
#456=CYLINDRICAL_SURFACE('',#4368,1.75);
#457=CYLINDRICAL_SURFACE('',#4369,1.75);
#458=CYLINDRICAL_SURFACE('',#4372,1.75);
#459=CYLINDRICAL_SURFACE('',#4374,1.75);
#460=CYLINDRICAL_SURFACE('',#4379,1.75);
#461=CYLINDRICAL_SURFACE('',#4382,1.75);
#462=CYLINDRICAL_SURFACE('',#4385,1.75);
#463=CYLINDRICAL_SURFACE('',#4388,5.97541468624024);
#464=CYLINDRICAL_SURFACE('',#4392,7.19447245321725);
#465=CYLINDRICAL_SURFACE('',#4396,7.00000010430813);
#466=CYLINDRICAL_SURFACE('',#4400,5.59795723664236);
#467=CYLINDRICAL_SURFACE('',#4404,2.96998275251753);
#468=CYLINDRICAL_SURFACE('',#4408,3.10671296218989);
#469=CYLINDRICAL_SURFACE('',#4412,1.75);
#470=CYLINDRICAL_SURFACE('',#4416,9.48393921722561);
#471=CYLINDRICAL_SURFACE('',#4420,9.59012810639868);
#472=CYLINDRICAL_SURFACE('',#4424,10.5271073901499);
#473=CYLINDRICAL_SURFACE('',#4428,9.75385998445718);
#474=FACE_OUTER_BOUND('',#682,.T.);
#475=FACE_OUTER_BOUND('',#683,.T.);
#476=FACE_OUTER_BOUND('',#684,.T.);
#477=FACE_OUTER_BOUND('',#685,.T.);
#478=FACE_OUTER_BOUND('',#686,.T.);
#479=FACE_OUTER_BOUND('',#687,.T.);
#480=FACE_OUTER_BOUND('',#688,.T.);
#481=FACE_OUTER_BOUND('',#689,.T.);
#482=FACE_OUTER_BOUND('',#690,.T.);
#483=FACE_OUTER_BOUND('',#691,.T.);
#484=FACE_OUTER_BOUND('',#693,.T.);
#485=FACE_OUTER_BOUND('',#694,.T.);
#486=FACE_OUTER_BOUND('',#695,.T.);
#487=FACE_OUTER_BOUND('',#696,.T.);
#488=FACE_OUTER_BOUND('',#697,.T.);
#489=FACE_OUTER_BOUND('',#698,.T.);
#490=FACE_OUTER_BOUND('',#699,.T.);
#491=FACE_OUTER_BOUND('',#701,.T.);
#492=FACE_OUTER_BOUND('',#702,.T.);
#493=FACE_OUTER_BOUND('',#703,.T.);
#494=FACE_OUTER_BOUND('',#704,.T.);
#495=FACE_OUTER_BOUND('',#705,.T.);
#496=FACE_OUTER_BOUND('',#706,.T.);
#497=FACE_OUTER_BOUND('',#707,.T.);
#498=FACE_OUTER_BOUND('',#708,.T.);
#499=FACE_OUTER_BOUND('',#709,.T.);
#500=FACE_OUTER_BOUND('',#710,.T.);
#501=FACE_OUTER_BOUND('',#711,.T.);
#502=FACE_OUTER_BOUND('',#712,.T.);
#503=FACE_OUTER_BOUND('',#713,.T.);
#504=FACE_OUTER_BOUND('',#714,.T.);
#505=FACE_OUTER_BOUND('',#715,.T.);
#506=FACE_OUTER_BOUND('',#716,.T.);
#507=FACE_OUTER_BOUND('',#717,.T.);
#508=FACE_OUTER_BOUND('',#718,.T.);
#509=FACE_OUTER_BOUND('',#719,.T.);
#510=FACE_OUTER_BOUND('',#720,.T.);
#511=FACE_OUTER_BOUND('',#721,.T.);
#512=FACE_OUTER_BOUND('',#722,.T.);
#513=FACE_OUTER_BOUND('',#723,.T.);
#514=FACE_OUTER_BOUND('',#724,.T.);
#515=FACE_OUTER_BOUND('',#727,.T.);
#516=FACE_OUTER_BOUND('',#728,.T.);
#517=FACE_OUTER_BOUND('',#729,.T.);
#518=FACE_OUTER_BOUND('',#730,.T.);
#519=FACE_OUTER_BOUND('',#731,.T.);
#520=FACE_OUTER_BOUND('',#732,.T.);
#521=FACE_OUTER_BOUND('',#733,.T.);
#522=FACE_OUTER_BOUND('',#734,.T.);
#523=FACE_OUTER_BOUND('',#735,.T.);
#524=FACE_OUTER_BOUND('',#736,.T.);
#525=FACE_OUTER_BOUND('',#739,.T.);
#526=FACE_OUTER_BOUND('',#740,.T.);
#527=FACE_OUTER_BOUND('',#741,.T.);
#528=FACE_OUTER_BOUND('',#742,.T.);
#529=FACE_OUTER_BOUND('',#743,.T.);
#530=FACE_OUTER_BOUND('',#744,.T.);
#531=FACE_OUTER_BOUND('',#746,.T.);
#532=FACE_OUTER_BOUND('',#747,.T.);
#533=FACE_OUTER_BOUND('',#748,.T.);
#534=FACE_OUTER_BOUND('',#749,.T.);
#535=FACE_OUTER_BOUND('',#750,.T.);
#536=FACE_OUTER_BOUND('',#751,.T.);
#537=FACE_OUTER_BOUND('',#752,.T.);
#538=FACE_OUTER_BOUND('',#753,.T.);
#539=FACE_OUTER_BOUND('',#754,.T.);
#540=FACE_OUTER_BOUND('',#755,.T.);
#541=FACE_OUTER_BOUND('',#756,.T.);
#542=FACE_OUTER_BOUND('',#757,.T.);
#543=FACE_OUTER_BOUND('',#758,.T.);
#544=FACE_OUTER_BOUND('',#759,.T.);
#545=FACE_OUTER_BOUND('',#760,.T.);
#546=FACE_OUTER_BOUND('',#761,.T.);
#547=FACE_OUTER_BOUND('',#762,.T.);
#548=FACE_OUTER_BOUND('',#763,.T.);
#549=FACE_OUTER_BOUND('',#764,.T.);
#550=FACE_OUTER_BOUND('',#765,.T.);
#551=FACE_OUTER_BOUND('',#766,.T.);
#552=FACE_OUTER_BOUND('',#771,.T.);
#553=FACE_OUTER_BOUND('',#772,.T.);
#554=FACE_OUTER_BOUND('',#777,.T.);
#555=FACE_OUTER_BOUND('',#778,.T.);
#556=FACE_OUTER_BOUND('',#779,.T.);
#557=FACE_OUTER_BOUND('',#780,.T.);
#558=FACE_OUTER_BOUND('',#782,.T.);
#559=FACE_OUTER_BOUND('',#783,.T.);
#560=FACE_OUTER_BOUND('',#785,.T.);
#561=FACE_OUTER_BOUND('',#786,.T.);
#562=FACE_OUTER_BOUND('',#787,.T.);
#563=FACE_OUTER_BOUND('',#788,.T.);
#564=FACE_OUTER_BOUND('',#789,.T.);
#565=FACE_OUTER_BOUND('',#790,.T.);
#566=FACE_OUTER_BOUND('',#791,.T.);
#567=FACE_OUTER_BOUND('',#792,.T.);
#568=FACE_OUTER_BOUND('',#793,.T.);
#569=FACE_OUTER_BOUND('',#794,.T.);
#570=FACE_OUTER_BOUND('',#795,.T.);
#571=FACE_OUTER_BOUND('',#796,.T.);
#572=FACE_OUTER_BOUND('',#797,.T.);
#573=FACE_OUTER_BOUND('',#798,.T.);
#574=FACE_OUTER_BOUND('',#799,.T.);
#575=FACE_OUTER_BOUND('',#800,.T.);
#576=FACE_OUTER_BOUND('',#801,.T.);
#577=FACE_OUTER_BOUND('',#811,.T.);
#578=FACE_OUTER_BOUND('',#821,.T.);
#579=FACE_OUTER_BOUND('',#822,.T.);
#580=FACE_OUTER_BOUND('',#825,.T.);
#581=FACE_OUTER_BOUND('',#826,.T.);
#582=FACE_OUTER_BOUND('',#830,.T.);
#583=FACE_OUTER_BOUND('',#833,.T.);
#584=FACE_OUTER_BOUND('',#834,.T.);
#585=FACE_OUTER_BOUND('',#835,.T.);
#586=FACE_OUTER_BOUND('',#836,.T.);
#587=FACE_OUTER_BOUND('',#839,.T.);
#588=FACE_OUTER_BOUND('',#840,.T.);
#589=FACE_OUTER_BOUND('',#841,.T.);
#590=FACE_OUTER_BOUND('',#842,.T.);
#591=FACE_OUTER_BOUND('',#844,.T.);
#592=FACE_OUTER_BOUND('',#845,.T.);
#593=FACE_OUTER_BOUND('',#846,.T.);
#594=FACE_OUTER_BOUND('',#848,.T.);
#595=FACE_OUTER_BOUND('',#849,.T.);
#596=FACE_OUTER_BOUND('',#851,.T.);
#597=FACE_OUTER_BOUND('',#852,.T.);
#598=FACE_OUTER_BOUND('',#853,.T.);
#599=FACE_OUTER_BOUND('',#854,.T.);
#600=FACE_OUTER_BOUND('',#855,.T.);
#601=FACE_OUTER_BOUND('',#867,.T.);
#602=FACE_OUTER_BOUND('',#868,.T.);
#603=FACE_OUTER_BOUND('',#869,.T.);
#604=FACE_OUTER_BOUND('',#870,.T.);
#605=FACE_OUTER_BOUND('',#871,.T.);
#606=FACE_OUTER_BOUND('',#872,.T.);
#607=FACE_OUTER_BOUND('',#873,.T.);
#608=FACE_OUTER_BOUND('',#874,.T.);
#609=FACE_OUTER_BOUND('',#875,.T.);
#610=FACE_OUTER_BOUND('',#876,.T.);
#611=FACE_OUTER_BOUND('',#877,.T.);
#612=FACE_OUTER_BOUND('',#878,.T.);
#613=FACE_OUTER_BOUND('',#879,.T.);
#614=FACE_OUTER_BOUND('',#880,.T.);
#615=FACE_OUTER_BOUND('',#881,.T.);
#616=FACE_OUTER_BOUND('',#882,.T.);
#617=FACE_OUTER_BOUND('',#883,.T.);
#618=FACE_OUTER_BOUND('',#884,.T.);
#619=FACE_OUTER_BOUND('',#885,.T.);
#620=FACE_OUTER_BOUND('',#886,.T.);
#621=FACE_OUTER_BOUND('',#887,.T.);
#622=FACE_OUTER_BOUND('',#888,.T.);
#623=FACE_OUTER_BOUND('',#889,.T.);
#624=FACE_OUTER_BOUND('',#890,.T.);
#625=FACE_OUTER_BOUND('',#891,.T.);
#626=FACE_OUTER_BOUND('',#904,.T.);
#627=FACE_OUTER_BOUND('',#905,.T.);
#628=FACE_OUTER_BOUND('',#906,.T.);
#629=FACE_OUTER_BOUND('',#907,.T.);
#630=FACE_OUTER_BOUND('',#908,.T.);
#631=FACE_OUTER_BOUND('',#909,.T.);
#632=FACE_OUTER_BOUND('',#910,.T.);
#633=FACE_OUTER_BOUND('',#913,.T.);
#634=FACE_OUTER_BOUND('',#914,.T.);
#635=FACE_OUTER_BOUND('',#915,.T.);
#636=FACE_OUTER_BOUND('',#918,.T.);
#637=FACE_OUTER_BOUND('',#919,.T.);
#638=FACE_OUTER_BOUND('',#922,.T.);
#639=FACE_OUTER_BOUND('',#923,.T.);
#640=FACE_OUTER_BOUND('',#924,.T.);
#641=FACE_OUTER_BOUND('',#925,.T.);
#642=FACE_OUTER_BOUND('',#926,.T.);
#643=FACE_OUTER_BOUND('',#927,.T.);
#644=FACE_OUTER_BOUND('',#928,.T.);
#645=FACE_OUTER_BOUND('',#929,.T.);
#646=FACE_OUTER_BOUND('',#930,.T.);
#647=FACE_OUTER_BOUND('',#931,.T.);
#648=FACE_OUTER_BOUND('',#932,.T.);
#649=FACE_OUTER_BOUND('',#933,.T.);
#650=FACE_OUTER_BOUND('',#934,.T.);
#651=FACE_OUTER_BOUND('',#935,.T.);
#652=FACE_OUTER_BOUND('',#936,.T.);
#653=FACE_OUTER_BOUND('',#937,.T.);
#654=FACE_OUTER_BOUND('',#938,.T.);
#655=FACE_OUTER_BOUND('',#939,.T.);
#656=FACE_OUTER_BOUND('',#942,.T.);
#657=FACE_OUTER_BOUND('',#943,.T.);
#658=FACE_OUTER_BOUND('',#944,.T.);
#659=FACE_OUTER_BOUND('',#945,.T.);
#660=FACE_OUTER_BOUND('',#946,.T.);
#661=FACE_OUTER_BOUND('',#947,.T.);
#662=FACE_OUTER_BOUND('',#948,.T.);
#663=FACE_OUTER_BOUND('',#949,.T.);
#664=FACE_OUTER_BOUND('',#950,.T.);
#665=FACE_OUTER_BOUND('',#951,.T.);
#666=FACE_OUTER_BOUND('',#952,.T.);
#667=FACE_OUTER_BOUND('',#953,.T.);
#668=FACE_OUTER_BOUND('',#954,.T.);
#669=FACE_OUTER_BOUND('',#955,.T.);
#670=FACE_OUTER_BOUND('',#956,.T.);
#671=FACE_OUTER_BOUND('',#957,.T.);
#672=FACE_OUTER_BOUND('',#958,.T.);
#673=FACE_OUTER_BOUND('',#959,.T.);
#674=FACE_OUTER_BOUND('',#960,.T.);
#675=FACE_OUTER_BOUND('',#961,.T.);
#676=FACE_OUTER_BOUND('',#962,.T.);
#677=FACE_OUTER_BOUND('',#963,.T.);
#678=FACE_OUTER_BOUND('',#964,.T.);
#679=FACE_OUTER_BOUND('',#965,.T.);
#680=FACE_OUTER_BOUND('',#966,.T.);
#681=FACE_OUTER_BOUND('',#972,.T.);
#682=EDGE_LOOP('',(#2626,#2627,#2628,#2629));
#683=EDGE_LOOP('',(#2630,#2631,#2632,#2633));
#684=EDGE_LOOP('',(#2634,#2635,#2636,#2637));
#685=EDGE_LOOP('',(#2638,#2639,#2640,#2641));
#686=EDGE_LOOP('',(#2642,#2643,#2644,#2645));
#687=EDGE_LOOP('',(#2646,#2647,#2648,#2649));
#688=EDGE_LOOP('',(#2650));
#689=EDGE_LOOP('',(#2651,#2652,#2653,#2654));
#690=EDGE_LOOP('',(#2655,#2656,#2657,#2658,#2659));
#691=EDGE_LOOP('',(#2660,#2661,#2662,#2663));
#692=EDGE_LOOP('',(#2664));
#693=EDGE_LOOP('',(#2665,#2666,#2667));
#694=EDGE_LOOP('',(#2668,#2669,#2670,#2671));
#695=EDGE_LOOP('',(#2672,#2673,#2674));
#696=EDGE_LOOP('',(#2675,#2676,#2677,#2678,#2679));
#697=EDGE_LOOP('',(#2680,#2681,#2682,#2683));
#698=EDGE_LOOP('',(#2684,#2685,#2686,#2687));
#699=EDGE_LOOP('',(#2688,#2689,#2690,#2691));
#700=EDGE_LOOP('',(#2692,#2693,#2694,#2695));
#701=EDGE_LOOP('',(#2696,#2697,#2698,#2699));
#702=EDGE_LOOP('',(#2700,#2701,#2702,#2703,#2704,#2705,#2706,#2707,#2708,
#2709));
#703=EDGE_LOOP('',(#2710,#2711,#2712,#2713,#2714,#2715,#2716,#2717,#2718,
#2719));
#704=EDGE_LOOP('',(#2720,#2721,#2722,#2723));
#705=EDGE_LOOP('',(#2724,#2725,#2726,#2727));
#706=EDGE_LOOP('',(#2728,#2729,#2730,#2731));
#707=EDGE_LOOP('',(#2732,#2733,#2734,#2735));
#708=EDGE_LOOP('',(#2736,#2737,#2738,#2739));
#709=EDGE_LOOP('',(#2740,#2741,#2742,#2743));
#710=EDGE_LOOP('',(#2744,#2745,#2746,#2747,#2748,#2749,#2750,#2751,#2752,
#2753,#2754,#2755,#2756,#2757,#2758,#2759));
#711=EDGE_LOOP('',(#2760,#2761,#2762,#2763));
#712=EDGE_LOOP('',(#2764,#2765,#2766,#2767,#2768,#2769,#2770,#2771,#2772,
#2773));
#713=EDGE_LOOP('',(#2774,#2775,#2776,#2777,#2778,#2779,#2780,#2781,#2782,
#2783));
#714=EDGE_LOOP('',(#2784,#2785,#2786,#2787));
#715=EDGE_LOOP('',(#2788,#2789,#2790,#2791));
#716=EDGE_LOOP('',(#2792,#2793,#2794,#2795));
#717=EDGE_LOOP('',(#2796,#2797,#2798,#2799));
#718=EDGE_LOOP('',(#2800,#2801,#2802,#2803));
#719=EDGE_LOOP('',(#2804,#2805,#2806,#2807));
#720=EDGE_LOOP('',(#2808,#2809,#2810,#2811));
#721=EDGE_LOOP('',(#2812,#2813,#2814,#2815,#2816,#2817,#2818,#2819,#2820,
#2821,#2822,#2823,#2824,#2825,#2826,#2827));
#722=EDGE_LOOP('',(#2828,#2829,#2830,#2831));
#723=EDGE_LOOP('',(#2832,#2833,#2834,#2835));
#724=EDGE_LOOP('',(#2836,#2837,#2838,#2839,#2840,#2841,#2842,#2843,#2844,
#2845,#2846,#2847,#2848,#2849));
#725=EDGE_LOOP('',(#2850));
#726=EDGE_LOOP('',(#2851));
#727=EDGE_LOOP('',(#2852,#2853,#2854,#2855));
#728=EDGE_LOOP('',(#2856,#2857,#2858,#2859));
#729=EDGE_LOOP('',(#2860,#2861,#2862,#2863));
#730=EDGE_LOOP('',(#2864,#2865,#2866,#2867));
#731=EDGE_LOOP('',(#2868,#2869,#2870,#2871));
#732=EDGE_LOOP('',(#2872,#2873,#2874,#2875));
#733=EDGE_LOOP('',(#2876,#2877,#2878,#2879));
#734=EDGE_LOOP('',(#2880,#2881,#2882,#2883));
#735=EDGE_LOOP('',(#2884,#2885,#2886,#2887));
#736=EDGE_LOOP('',(#2888,#2889,#2890,#2891,#2892,#2893,#2894,#2895,#2896,
#2897,#2898,#2899,#2900,#2901));
#737=EDGE_LOOP('',(#2902));
#738=EDGE_LOOP('',(#2903));
#739=EDGE_LOOP('',(#2904,#2905,#2906,#2907));
#740=EDGE_LOOP('',(#2908,#2909,#2910,#2911));
#741=EDGE_LOOP('',(#2912,#2913,#2914,#2915));
#742=EDGE_LOOP('',(#2916,#2917,#2918,#2919));
#743=EDGE_LOOP('',(#2920,#2921,#2922,#2923));
#744=EDGE_LOOP('',(#2924,#2925,#2926,#2927));
#745=EDGE_LOOP('',(#2928,#2929,#2930,#2931));
#746=EDGE_LOOP('',(#2932,#2933,#2934,#2935,#2936,#2937));
#747=EDGE_LOOP('',(#2938,#2939,#2940,#2941));
#748=EDGE_LOOP('',(#2942,#2943,#2944,#2945,#2946,#2947));
#749=EDGE_LOOP('',(#2948,#2949,#2950,#2951));
#750=EDGE_LOOP('',(#2952,#2953,#2954,#2955));
#751=EDGE_LOOP('',(#2956,#2957,#2958,#2959));
#752=EDGE_LOOP('',(#2960,#2961,#2962,#2963));
#753=EDGE_LOOP('',(#2964,#2965,#2966,#2967));
#754=EDGE_LOOP('',(#2968,#2969,#2970,#2971));
#755=EDGE_LOOP('',(#2972,#2973,#2974,#2975));
#756=EDGE_LOOP('',(#2976,#2977,#2978,#2979));
#757=EDGE_LOOP('',(#2980,#2981,#2982,#2983));
#758=EDGE_LOOP('',(#2984,#2985,#2986,#2987));
#759=EDGE_LOOP('',(#2988,#2989,#2990,#2991));
#760=EDGE_LOOP('',(#2992,#2993,#2994,#2995));
#761=EDGE_LOOP('',(#2996,#2997,#2998,#2999));
#762=EDGE_LOOP('',(#3000,#3001,#3002,#3003));
#763=EDGE_LOOP('',(#3004,#3005,#3006,#3007));
#764=EDGE_LOOP('',(#3008,#3009,#3010,#3011));
#765=EDGE_LOOP('',(#3012,#3013,#3014,#3015));
#766=EDGE_LOOP('',(#3016,#3017,#3018,#3019,#3020,#3021,#3022,#3023));
#767=EDGE_LOOP('',(#3024));
#768=EDGE_LOOP('',(#3025,#3026));
#769=EDGE_LOOP('',(#3027));
#770=EDGE_LOOP('',(#3028,#3029));
#771=EDGE_LOOP('',(#3030,#3031,#3032,#3033));
#772=EDGE_LOOP('',(#3034,#3035,#3036,#3037,#3038,#3039,#3040,#3041));
#773=EDGE_LOOP('',(#3042));
#774=EDGE_LOOP('',(#3043,#3044));
#775=EDGE_LOOP('',(#3045));
#776=EDGE_LOOP('',(#3046,#3047));
#777=EDGE_LOOP('',(#3048,#3049,#3050,#3051));
#778=EDGE_LOOP('',(#3052,#3053,#3054,#3055));
#779=EDGE_LOOP('',(#3056,#3057,#3058,#3059));
#780=EDGE_LOOP('',(#3060));
#781=EDGE_LOOP('',(#3061));
#782=EDGE_LOOP('',(#3062,#3063,#3064,#3065));
#783=EDGE_LOOP('',(#3066));
#784=EDGE_LOOP('',(#3067));
#785=EDGE_LOOP('',(#3068,#3069,#3070,#3071));
#786=EDGE_LOOP('',(#3072,#3073,#3074,#3075));
#787=EDGE_LOOP('',(#3076,#3077,#3078,#3079));
#788=EDGE_LOOP('',(#3080,#3081,#3082,#3083));
#789=EDGE_LOOP('',(#3084,#3085,#3086,#3087));
#790=EDGE_LOOP('',(#3088,#3089,#3090,#3091));
#791=EDGE_LOOP('',(#3092,#3093,#3094,#3095));
#792=EDGE_LOOP('',(#3096,#3097,#3098,#3099));
#793=EDGE_LOOP('',(#3100,#3101,#3102,#3103));
#794=EDGE_LOOP('',(#3104,#3105,#3106,#3107));
#795=EDGE_LOOP('',(#3108,#3109,#3110,#3111));
#796=EDGE_LOOP('',(#3112,#3113,#3114,#3115));
#797=EDGE_LOOP('',(#3116,#3117,#3118,#3119));
#798=EDGE_LOOP('',(#3120,#3121,#3122,#3123));
#799=EDGE_LOOP('',(#3124,#3125,#3126,#3127));
#800=EDGE_LOOP('',(#3128,#3129,#3130,#3131));
#801=EDGE_LOOP('',(#3132,#3133,#3134,#3135,#3136,#3137,#3138,#3139));
#802=EDGE_LOOP('',(#3140));
#803=EDGE_LOOP('',(#3141));
#804=EDGE_LOOP('',(#3142));
#805=EDGE_LOOP('',(#3143));
#806=EDGE_LOOP('',(#3144));
#807=EDGE_LOOP('',(#3145));
#808=EDGE_LOOP('',(#3146));
#809=EDGE_LOOP('',(#3147));
#810=EDGE_LOOP('',(#3148));
#811=EDGE_LOOP('',(#3149,#3150,#3151,#3152,#3153,#3154,#3155,#3156));
#812=EDGE_LOOP('',(#3157));
#813=EDGE_LOOP('',(#3158));
#814=EDGE_LOOP('',(#3159));
#815=EDGE_LOOP('',(#3160));
#816=EDGE_LOOP('',(#3161));
#817=EDGE_LOOP('',(#3162));
#818=EDGE_LOOP('',(#3163));
#819=EDGE_LOOP('',(#3164));
#820=EDGE_LOOP('',(#3165));
#821=EDGE_LOOP('',(#3166,#3167,#3168,#3169));
#822=EDGE_LOOP('',(#3170,#3171,#3172,#3173));
#823=EDGE_LOOP('',(#3174));
#824=EDGE_LOOP('',(#3175));
#825=EDGE_LOOP('',(#3176,#3177,#3178,#3179));
#826=EDGE_LOOP('',(#3180,#3181,#3182,#3183,#3184,#3185,#3186));
#827=EDGE_LOOP('',(#3187));
#828=EDGE_LOOP('',(#3188));
#829=EDGE_LOOP('',(#3189));
#830=EDGE_LOOP('',(#3190,#3191,#3192,#3193));
#831=EDGE_LOOP('',(#3194));
#832=EDGE_LOOP('',(#3195));
#833=EDGE_LOOP('',(#3196,#3197,#3198,#3199));
#834=EDGE_LOOP('',(#3200,#3201,#3202,#3203));
#835=EDGE_LOOP('',(#3204,#3205,#3206,#3207));
#836=EDGE_LOOP('',(#3208,#3209,#3210,#3211,#3212,#3213,#3214));
#837=EDGE_LOOP('',(#3215));
#838=EDGE_LOOP('',(#3216));
#839=EDGE_LOOP('',(#3217,#3218,#3219,#3220));
#840=EDGE_LOOP('',(#3221,#3222,#3223,#3224));
#841=EDGE_LOOP('',(#3225,#3226,#3227,#3228));
#842=EDGE_LOOP('',(#3229));
#843=EDGE_LOOP('',(#3230));
#844=EDGE_LOOP('',(#3231,#3232,#3233,#3234));
#845=EDGE_LOOP('',(#3235,#3236,#3237,#3238));
#846=EDGE_LOOP('',(#3239));
#847=EDGE_LOOP('',(#3240));
#848=EDGE_LOOP('',(#3241,#3242,#3243,#3244));
#849=EDGE_LOOP('',(#3245));
#850=EDGE_LOOP('',(#3246));
#851=EDGE_LOOP('',(#3247));
#852=EDGE_LOOP('',(#3248,#3249,#3250,#3251));
#853=EDGE_LOOP('',(#3252,#3253,#3254,#3255));
#854=EDGE_LOOP('',(#3256,#3257,#3258,#3259));
#855=EDGE_LOOP('',(#3260,#3261,#3262,#3263,#3264,#3265,#3266,#3267));
#856=EDGE_LOOP('',(#3268));
#857=EDGE_LOOP('',(#3269));
#858=EDGE_LOOP('',(#3270));
#859=EDGE_LOOP('',(#3271));
#860=EDGE_LOOP('',(#3272));
#861=EDGE_LOOP('',(#3273));
#862=EDGE_LOOP('',(#3274));
#863=EDGE_LOOP('',(#3275));
#864=EDGE_LOOP('',(#3276));
#865=EDGE_LOOP('',(#3277));
#866=EDGE_LOOP('',(#3278));
#867=EDGE_LOOP('',(#3279,#3280,#3281,#3282));
#868=EDGE_LOOP('',(#3283,#3284,#3285,#3286));
#869=EDGE_LOOP('',(#3287,#3288,#3289,#3290));
#870=EDGE_LOOP('',(#3291,#3292,#3293,#3294));
#871=EDGE_LOOP('',(#3295,#3296,#3297,#3298));
#872=EDGE_LOOP('',(#3299,#3300,#3301,#3302));
#873=EDGE_LOOP('',(#3303,#3304,#3305,#3306));
#874=EDGE_LOOP('',(#3307,#3308,#3309,#3310));
#875=EDGE_LOOP('',(#3311,#3312,#3313,#3314));
#876=EDGE_LOOP('',(#3315,#3316,#3317,#3318));
#877=EDGE_LOOP('',(#3319,#3320,#3321,#3322));
#878=EDGE_LOOP('',(#3323,#3324,#3325,#3326));
#879=EDGE_LOOP('',(#3327,#3328,#3329,#3330));
#880=EDGE_LOOP('',(#3331,#3332,#3333,#3334));
#881=EDGE_LOOP('',(#3335,#3336,#3337,#3338));
#882=EDGE_LOOP('',(#3339,#3340,#3341,#3342));
#883=EDGE_LOOP('',(#3343,#3344,#3345,#3346));
#884=EDGE_LOOP('',(#3347,#3348,#3349,#3350));
#885=EDGE_LOOP('',(#3351,#3352,#3353,#3354));
#886=EDGE_LOOP('',(#3355,#3356,#3357,#3358));
#887=EDGE_LOOP('',(#3359,#3360,#3361,#3362));
#888=EDGE_LOOP('',(#3363,#3364,#3365,#3366));
#889=EDGE_LOOP('',(#3367,#3368,#3369,#3370));
#890=EDGE_LOOP('',(#3371,#3372,#3373,#3374));
#891=EDGE_LOOP('',(#3375,#3376,#3377,#3378,#3379,#3380,#3381,#3382));
#892=EDGE_LOOP('',(#3383));
#893=EDGE_LOOP('',(#3384));
#894=EDGE_LOOP('',(#3385));
#895=EDGE_LOOP('',(#3386));
#896=EDGE_LOOP('',(#3387,#3388,#3389,#3390));
#897=EDGE_LOOP('',(#3391));
#898=EDGE_LOOP('',(#3392));
#899=EDGE_LOOP('',(#3393));
#900=EDGE_LOOP('',(#3394));
#901=EDGE_LOOP('',(#3395));
#902=EDGE_LOOP('',(#3396));
#903=EDGE_LOOP('',(#3397));
#904=EDGE_LOOP('',(#3398,#3399,#3400,#3401));
#905=EDGE_LOOP('',(#3402,#3403,#3404,#3405));
#906=EDGE_LOOP('',(#3406,#3407,#3408,#3409));
#907=EDGE_LOOP('',(#3410,#3411,#3412,#3413));
#908=EDGE_LOOP('',(#3414,#3415,#3416,#3417));
#909=EDGE_LOOP('',(#3418,#3419,#3420,#3421));
#910=EDGE_LOOP('',(#3422,#3423,#3424,#3425,#3426,#3427));
#911=EDGE_LOOP('',(#3428));
#912=EDGE_LOOP('',(#3429));
#913=EDGE_LOOP('',(#3430,#3431,#3432,#3433,#3434,#3435,#3436,#3437,#3438,
#3439,#3440,#3441,#3442,#3443,#3444,#3445));
#914=EDGE_LOOP('',(#3446,#3447,#3448,#3449));
#915=EDGE_LOOP('',(#3450,#3451,#3452,#3453,#3454,#3455,#3456,#3457));
#916=EDGE_LOOP('',(#3458));
#917=EDGE_LOOP('',(#3459));
#918=EDGE_LOOP('',(#3460,#3461,#3462,#3463));
#919=EDGE_LOOP('',(#3464,#3465,#3466,#3467,#3468,#3469,#3470,#3471));
#920=EDGE_LOOP('',(#3472));
#921=EDGE_LOOP('',(#3473));
#922=EDGE_LOOP('',(#3474,#3475,#3476,#3477));
#923=EDGE_LOOP('',(#3478,#3479,#3480,#3481));
#924=EDGE_LOOP('',(#3482,#3483,#3484,#3485));
#925=EDGE_LOOP('',(#3486,#3487,#3488,#3489));
#926=EDGE_LOOP('',(#3490,#3491,#3492,#3493));
#927=EDGE_LOOP('',(#3494,#3495,#3496,#3497));
#928=EDGE_LOOP('',(#3498,#3499,#3500,#3501));
#929=EDGE_LOOP('',(#3502,#3503,#3504,#3505));
#930=EDGE_LOOP('',(#3506,#3507,#3508,#3509,#3510,#3511,#3512,#3513,#3514,
#3515,#3516,#3517,#3518,#3519,#3520,#3521));
#931=EDGE_LOOP('',(#3522,#3523,#3524,#3525,#3526,#3527));
#932=EDGE_LOOP('',(#3528,#3529,#3530,#3531));
#933=EDGE_LOOP('',(#3532,#3533,#3534,#3535));
#934=EDGE_LOOP('',(#3536,#3537,#3538,#3539));
#935=EDGE_LOOP('',(#3540,#3541,#3542,#3543,#3544,#3545));
#936=EDGE_LOOP('',(#3546,#3547,#3548,#3549));
#937=EDGE_LOOP('',(#3550,#3551,#3552,#3553));
#938=EDGE_LOOP('',(#3554,#3555,#3556,#3557));
#939=EDGE_LOOP('',(#3558,#3559,#3560,#3561,#3562,#3563));
#940=EDGE_LOOP('',(#3564));
#941=EDGE_LOOP('',(#3565));
#942=EDGE_LOOP('',(#3566,#3567,#3568,#3569));
#943=EDGE_LOOP('',(#3570,#3571,#3572,#3573));
#944=EDGE_LOOP('',(#3574,#3575,#3576,#3577));
#945=EDGE_LOOP('',(#3578,#3579,#3580,#3581));
#946=EDGE_LOOP('',(#3582,#3583,#3584,#3585));
#947=EDGE_LOOP('',(#3586,#3587,#3588,#3589));
#948=EDGE_LOOP('',(#3590,#3591,#3592,#3593));
#949=EDGE_LOOP('',(#3594,#3595,#3596,#3597));
#950=EDGE_LOOP('',(#3598,#3599,#3600,#3601));
#951=EDGE_LOOP('',(#3602,#3603,#3604,#3605));
#952=EDGE_LOOP('',(#3606,#3607,#3608,#3609));
#953=EDGE_LOOP('',(#3610,#3611,#3612,#3613));
#954=EDGE_LOOP('',(#3614,#3615,#3616,#3617));
#955=EDGE_LOOP('',(#3618,#3619,#3620,#3621));
#956=EDGE_LOOP('',(#3622,#3623,#3624,#3625));
#957=EDGE_LOOP('',(#3626,#3627,#3628,#3629));
#958=EDGE_LOOP('',(#3630,#3631,#3632,#3633));
#959=EDGE_LOOP('',(#3634,#3635,#3636,#3637));
#960=EDGE_LOOP('',(#3638,#3639,#3640,#3641));
#961=EDGE_LOOP('',(#3642,#3643,#3644,#3645));
#962=EDGE_LOOP('',(#3646,#3647,#3648,#3649));
#963=EDGE_LOOP('',(#3650,#3651,#3652,#3653));
#964=EDGE_LOOP('',(#3654,#3655,#3656,#3657));
#965=EDGE_LOOP('',(#3658,#3659,#3660,#3661));
#966=EDGE_LOOP('',(#3662,#3663,#3664,#3665,#3666,#3667,#3668,#3669));
#967=EDGE_LOOP('',(#3670));
#968=EDGE_LOOP('',(#3671,#3672,#3673,#3674,#3675,#3676,#3677,#3678,#3679,
#3680,#3681,#3682));
#969=EDGE_LOOP('',(#3683));
#970=EDGE_LOOP('',(#3684));
#971=EDGE_LOOP('',(#3685));
#972=EDGE_LOOP('',(#3686,#3687,#3688,#3689,#3690,#3691,#3692,#3693));
#973=EDGE_LOOP('',(#3694));
#974=EDGE_LOOP('',(#3695,#3696,#3697,#3698,#3699,#3700,#3701,#3702,#3703,
#3704,#3705,#3706));
#975=EDGE_LOOP('',(#3707));
#976=EDGE_LOOP('',(#3708));
#977=EDGE_LOOP('',(#3709));
#978=LINE('',#5601,#1352);
#979=LINE('',#5603,#1353);
#980=LINE('',#5605,#1354);
#981=LINE('',#5606,#1355);
#982=LINE('',#5609,#1356);
#983=LINE('',#5611,#1357);
#984=LINE('',#5612,#1358);
#985=LINE('',#5615,#1359);
#986=LINE('',#5617,#1360);
#987=LINE('',#5618,#1361);
#988=LINE('',#5620,#1362);
#989=LINE('',#5621,#1363);
#990=LINE('',#5627,#1364);
#991=LINE('',#5633,#1365);
#992=LINE('',#5635,#1366);
#993=LINE('',#5637,#1367);
#994=LINE('',#5638,#1368);
#995=LINE('',#5646,#1369);
#996=LINE('',#5649,#1370);
#997=LINE('',#5651,#1371);
#998=LINE('',#5652,#1372);
#999=LINE('',#5655,#1373);
#1000=LINE('',#5656,#1374);
#1001=LINE('',#5659,#1375);
#1002=LINE('',#5661,#1376);
#1003=LINE('',#5662,#1377);
#1004=LINE('',#5665,#1378);
#1005=LINE('',#5666,#1379);
#1006=LINE('',#5670,#1380);
#1007=LINE('',#5671,#1381);
#1008=LINE('',#5672,#1382);
#1009=LINE('',#5676,#1383);
#1010=LINE('',#5677,#1384);
#1011=LINE('',#5678,#1385);
#1012=LINE('',#5682,#1386);
#1013=LINE('',#5684,#1387);
#1014=LINE('',#5686,#1388);
#1015=LINE('',#5687,#1389);
#1016=LINE('',#5691,#1390);
#1017=LINE('',#5693,#1391);
#1018=LINE('',#5695,#1392);
#1019=LINE('',#5696,#1393);
#1020=LINE('',#5698,#1394);
#1021=LINE('',#5699,#1395);
#1022=LINE('',#5703,#1396);
#1023=LINE('',#5707,#1397);
#1024=LINE('',#5711,#1398);
#1025=LINE('',#5714,#1399);
#1026=LINE('',#5716,#1400);
#1027=LINE('',#5721,#1401);
#1028=LINE('',#5724,#1402);
#1029=LINE('',#5726,#1403);
#1030=LINE('',#5730,#1404);
#1031=LINE('',#5734,#1405);
#1032=LINE('',#5737,#1406);
#1033=LINE('',#5738,#1407);
#1034=LINE('',#5740,#1408);
#1035=LINE('',#5741,#1409);
#1036=LINE('',#5743,#1410);
#1037=LINE('',#5744,#1411);
#1038=LINE('',#5747,#1412);
#1039=LINE('',#5749,#1413);
#1040=LINE('',#5752,#1414);
#1041=LINE('',#5754,#1415);
#1042=LINE('',#5755,#1416);
#1043=LINE('',#5760,#1417);
#1044=LINE('',#5764,#1418);
#1045=LINE('',#5768,#1419);
#1046=LINE('',#5771,#1420);
#1047=LINE('',#5776,#1421);
#1048=LINE('',#5779,#1422);
#1049=LINE('',#5783,#1423);
#1050=LINE('',#5787,#1424);
#1051=LINE('',#5790,#1425);
#1052=LINE('',#5791,#1426);
#1053=LINE('',#5793,#1427);
#1054=LINE('',#5794,#1428);
#1055=LINE('',#5796,#1429);
#1056=LINE('',#5797,#1430);
#1057=LINE('',#5800,#1431);
#1058=LINE('',#5808,#1432);
#1059=LINE('',#5810,#1433);
#1060=LINE('',#5812,#1434);
#1061=LINE('',#5813,#1435);
#1062=LINE('',#5816,#1436);
#1063=LINE('',#5818,#1437);
#1064=LINE('',#5819,#1438);
#1065=LINE('',#5822,#1439);
#1066=LINE('',#5824,#1440);
#1067=LINE('',#5826,#1441);
#1068=LINE('',#5828,#1442);
#1069=LINE('',#5830,#1443);
#1070=LINE('',#5832,#1444);
#1071=LINE('',#5834,#1445);
#1072=LINE('',#5836,#1446);
#1073=LINE('',#5838,#1447);
#1074=LINE('',#5840,#1448);
#1075=LINE('',#5842,#1449);
#1076=LINE('',#5843,#1450);
#1077=LINE('',#5850,#1451);
#1078=LINE('',#5852,#1452);
#1079=LINE('',#5853,#1453);
#1080=LINE('',#5856,#1454);
#1081=LINE('',#5857,#1455);
#1082=LINE('',#5860,#1456);
#1083=LINE('',#5864,#1457);
#1084=LINE('',#5865,#1458);
#1085=LINE('',#5868,#1459);
#1086=LINE('',#5869,#1460);
#1087=LINE('',#5872,#1461);
#1088=LINE('',#5876,#1462);
#1089=LINE('',#5878,#1463);
#1090=LINE('',#5879,#1464);
#1091=LINE('',#5881,#1465);
#1092=LINE('',#5884,#1466);
#1093=LINE('',#5885,#1467);
#1094=LINE('',#5888,#1468);
#1095=LINE('',#5890,#1469);
#1096=LINE('',#5892,#1470);
#1097=LINE('',#5893,#1471);
#1098=LINE('',#5894,#1472);
#1099=LINE('',#5896,#1473);
#1100=LINE('',#5897,#1474);
#1101=LINE('',#5900,#1475);
#1102=LINE('',#5905,#1476);
#1103=LINE('',#5907,#1477);
#1104=LINE('',#5909,#1478);
#1105=LINE('',#5910,#1479);
#1106=LINE('',#5914,#1480);
#1107=LINE('',#5916,#1481);
#1108=LINE('',#5918,#1482);
#1109=LINE('',#5919,#1483);
#1110=LINE('',#5921,#1484);
#1111=LINE('',#5923,#1485);
#1112=LINE('',#5925,#1486);
#1113=LINE('',#5926,#1487);
#1114=LINE('',#5929,#1488);
#1115=LINE('',#5930,#1489);
#1116=LINE('',#5932,#1490);
#1117=LINE('',#5934,#1491);
#1118=LINE('',#5935,#1492);
#1119=LINE('',#5937,#1493);
#1120=LINE('',#5941,#1494);
#1121=LINE('',#5943,#1495);
#1122=LINE('',#5944,#1496);
#1123=LINE('',#5947,#1497);
#1124=LINE('',#5948,#1498);
#1125=LINE('',#5951,#1499);
#1126=LINE('',#5952,#1500);
#1127=LINE('',#5954,#1501);
#1128=LINE('',#5958,#1502);
#1129=LINE('',#5960,#1503);
#1130=LINE('',#5962,#1504);
#1131=LINE('',#5963,#1505);
#1132=LINE('',#5967,#1506);
#1133=LINE('',#5969,#1507);
#1134=LINE('',#5971,#1508);
#1135=LINE('',#5972,#1509);
#1136=LINE('',#5977,#1510);
#1137=LINE('',#5984,#1511);
#1138=LINE('',#5987,#1512);
#1139=LINE('',#5989,#1513);
#1140=LINE('',#5990,#1514);
#1141=LINE('',#5995,#1515);
#1142=LINE('',#6002,#1516);
#1143=LINE('',#6005,#1517);
#1144=LINE('',#6007,#1518);
#1145=LINE('',#6008,#1519);
#1146=LINE('',#6012,#1520);
#1147=LINE('',#6013,#1521);
#1148=LINE('',#6014,#1522);
#1149=LINE('',#6017,#1523);
#1150=LINE('',#6019,#1524);
#1151=LINE('',#6020,#1525);
#1152=LINE('',#6022,#1526);
#1153=LINE('',#6023,#1527);
#1154=LINE('',#6025,#1528);
#1155=LINE('',#6026,#1529);
#1156=LINE('',#6028,#1530);
#1157=LINE('',#6030,#1531);
#1158=LINE('',#6037,#1532);
#1159=LINE('',#6043,#1533);
#1160=LINE('',#6050,#1534);
#1161=LINE('',#6057,#1535);
#1162=LINE('',#6063,#1536);
#1163=LINE('',#6069,#1537);
#1164=LINE('',#6075,#1538);
#1165=LINE('',#6081,#1539);
#1166=LINE('',#6087,#1540);
#1167=LINE('',#6093,#1541);
#1168=LINE('',#6099,#1542);
#1169=LINE('',#6104,#1543);
#1170=LINE('',#6106,#1544);
#1171=LINE('',#6108,#1545);
#1172=LINE('',#6109,#1546);
#1173=LINE('',#6115,#1547);
#1174=LINE('',#6118,#1548);
#1175=LINE('',#6120,#1549);
#1176=LINE('',#6121,#1550);
#1177=LINE('',#6127,#1551);
#1178=LINE('',#6130,#1552);
#1179=LINE('',#6132,#1553);
#1180=LINE('',#6133,#1554);
#1181=LINE('',#6139,#1555);
#1182=LINE('',#6142,#1556);
#1183=LINE('',#6144,#1557);
#1184=LINE('',#6145,#1558);
#1185=LINE('',#6156,#1559);
#1186=LINE('',#6161,#1560);
#1187=LINE('',#6163,#1561);
#1188=LINE('',#6165,#1562);
#1189=LINE('',#6166,#1563);
#1190=LINE('',#6172,#1564);
#1191=LINE('',#6173,#1565);
#1192=LINE('',#6174,#1566);
#1193=LINE('',#6177,#1567);
#1194=LINE('',#6179,#1568);
#1195=LINE('',#6181,#1569);
#1196=LINE('',#6183,#1570);
#1197=LINE('',#6193,#1571);
#1198=LINE('',#6194,#1572);
#1199=LINE('',#6199,#1573);
#1200=LINE('',#6200,#1574);
#1201=LINE('',#6203,#1575);
#1202=LINE('',#6204,#1576);
#1203=LINE('',#6207,#1577);
#1204=LINE('',#6208,#1578);
#1205=LINE('',#6216,#1579);
#1206=LINE('',#6221,#1580);
#1207=LINE('',#6225,#1581);
#1208=LINE('',#6231,#1582);
#1209=LINE('',#6234,#1583);
#1210=LINE('',#6241,#1584);
#1211=LINE('',#6249,#1585);
#1212=LINE('',#6251,#1586);
#1213=LINE('',#6256,#1587);
#1214=LINE('',#6260,#1588);
#1215=LINE('',#6264,#1589);
#1216=LINE('',#6268,#1590);
#1217=LINE('',#6295,#1591);
#1218=LINE('',#6299,#1592);
#1219=LINE('',#6303,#1593);
#1220=LINE('',#6307,#1594);
#1221=LINE('',#6311,#1595);
#1222=LINE('',#6315,#1596);
#1223=LINE('',#6319,#1597);
#1224=LINE('',#6323,#1598);
#1225=LINE('',#6325,#1599);
#1226=LINE('',#6327,#1600);
#1227=LINE('',#6328,#1601);
#1228=LINE('',#6331,#1602);
#1229=LINE('',#6333,#1603);
#1230=LINE('',#6334,#1604);
#1231=LINE('',#6337,#1605);
#1232=LINE('',#6339,#1606);
#1233=LINE('',#6340,#1607);
#1234=LINE('',#6342,#1608);
#1235=LINE('',#6343,#1609);
#1236=LINE('',#6348,#1610);
#1237=LINE('',#6352,#1611);
#1238=LINE('',#6356,#1612);
#1239=LINE('',#6360,#1613);
#1240=LINE('',#6363,#1614);
#1241=LINE('',#6366,#1615);
#1242=LINE('',#6369,#1616);
#1243=LINE('',#6370,#1617);
#1244=LINE('',#6374,#1618);
#1245=LINE('',#6377,#1619);
#1246=LINE('',#6378,#1620);
#1247=LINE('',#6382,#1621);
#1248=LINE('',#6385,#1622);
#1249=LINE('',#6386,#1623);
#1250=LINE('',#6390,#1624);
#1251=LINE('',#6392,#1625);
#1252=LINE('',#6398,#1626);
#1253=LINE('',#6400,#1627);
#1254=LINE('',#6402,#1628);
#1255=LINE('',#6403,#1629);
#1256=LINE('',#6409,#1630);
#1257=LINE('',#6412,#1631);
#1258=LINE('',#6418,#1632);
#1259=LINE('',#6421,#1633);
#1260=LINE('',#6423,#1634);
#1261=LINE('',#6424,#1635);
#1262=LINE('',#6426,#1636);
#1263=LINE('',#6427,#1637);
#1264=LINE('',#6433,#1638);
#1265=LINE('',#6436,#1639);
#1266=LINE('',#6438,#1640);
#1267=LINE('',#6440,#1641);
#1268=LINE('',#6443,#1642);
#1269=LINE('',#6450,#1643);
#1270=LINE('',#6452,#1644);
#1271=LINE('',#6454,#1645);
#1272=LINE('',#6456,#1646);
#1273=LINE('',#6458,#1647);
#1274=LINE('',#6460,#1648);
#1275=LINE('',#6462,#1649);
#1276=LINE('',#6464,#1650);
#1277=LINE('',#6465,#1651);
#1278=LINE('',#6471,#1652);
#1279=LINE('',#6476,#1653);
#1280=LINE('',#6480,#1654);
#1281=LINE('',#6483,#1655);
#1282=LINE('',#6492,#1656);
#1283=LINE('',#6496,#1657);
#1284=LINE('',#6500,#1658);
#1285=LINE('',#6503,#1659);
#1286=LINE('',#6511,#1660);
#1287=LINE('',#6516,#1661);
#1288=LINE('',#6517,#1662);
#1289=LINE('',#6519,#1663);
#1290=LINE('',#6521,#1664);
#1291=LINE('',#6522,#1665);
#1292=LINE('',#6526,#1666);
#1293=LINE('',#6529,#1667);
#1294=LINE('',#6531,#1668);
#1295=LINE('',#6534,#1669);
#1296=LINE('',#6537,#1670);
#1297=LINE('',#6540,#1671);
#1298=LINE('',#6542,#1672);
#1299=LINE('',#6543,#1673);
#1300=LINE('',#6544,#1674);
#1301=LINE('',#6546,#1675);
#1302=LINE('',#6548,#1676);
#1303=LINE('',#6550,#1677);
#1304=LINE('',#6552,#1678);
#1305=LINE('',#6554,#1679);
#1306=LINE('',#6558,#1680);
#1307=LINE('',#6562,#1681);
#1308=LINE('',#6570,#1682);
#1309=LINE('',#6576,#1683);
#1310=LINE('',#6582,#1684);
#1311=LINE('',#6589,#1685);
#1312=LINE('',#6592,#1686);
#1313=LINE('',#6595,#1687);
#1314=LINE('',#6597,#1688);
#1315=LINE('',#6598,#1689);
#1316=LINE('',#6604,#1690);
#1317=LINE('',#6607,#1691);
#1318=LINE('',#6609,#1692);
#1319=LINE('',#6610,#1693);
#1320=LINE('',#6616,#1694);
#1321=LINE('',#6619,#1695);
#1322=LINE('',#6621,#1696);
#1323=LINE('',#6622,#1697);
#1324=LINE('',#6628,#1698);
#1325=LINE('',#6631,#1699);
#1326=LINE('',#6633,#1700);
#1327=LINE('',#6634,#1701);
#1328=LINE('',#6640,#1702);
#1329=LINE('',#6643,#1703);
#1330=LINE('',#6645,#1704);
#1331=LINE('',#6646,#1705);
#1332=LINE('',#6652,#1706);
#1333=LINE('',#6654,#1707);
#1334=LINE('',#6655,#1708);
#1335=LINE('',#6660,#1709);
#1336=LINE('',#6665,#1710);
#1337=LINE('',#6667,#1711);
#1338=LINE('',#6669,#1712);
#1339=LINE('',#6670,#1713);
#1340=LINE('',#6676,#1714);
#1341=LINE('',#6679,#1715);
#1342=LINE('',#6681,#1716);
#1343=LINE('',#6682,#1717);
#1344=LINE('',#6688,#1718);
#1345=LINE('',#6691,#1719);
#1346=LINE('',#6693,#1720);
#1347=LINE('',#6694,#1721);
#1348=LINE('',#6700,#1722);
#1349=LINE('',#6703,#1723);
#1350=LINE('',#6705,#1724);
#1351=LINE('',#6706,#1725);
#1352=VECTOR('',#4446,10.);
#1353=VECTOR('',#4447,10.);
#1354=VECTOR('',#4448,10.);
#1355=VECTOR('',#4449,10.);
#1356=VECTOR('',#4452,10.);
#1357=VECTOR('',#4453,10.);
#1358=VECTOR('',#4454,10.);
#1359=VECTOR('',#4457,10.);
#1360=VECTOR('',#4458,10.);
#1361=VECTOR('',#4459,10.);
#1362=VECTOR('',#4462,10.);
#1363=VECTOR('',#4463,10.);
#1364=VECTOR('',#4470,2.92);
#1365=VECTOR('',#4477,10.);
#1366=VECTOR('',#4478,10.);
#1367=VECTOR('',#4479,10.);
#1368=VECTOR('',#4480,10.);
#1369=VECTOR('',#4487,10.);
#1370=VECTOR('',#4490,10.);
#1371=VECTOR('',#4493,10.);
#1372=VECTOR('',#4494,10.);
#1373=VECTOR('',#4497,10.);
#1374=VECTOR('',#4498,10.);
#1375=VECTOR('',#4501,10.);
#1376=VECTOR('',#4502,10.);
#1377=VECTOR('',#4503,10.);
#1378=VECTOR('',#4506,10.);
#1379=VECTOR('',#4507,10.);
#1380=VECTOR('',#4510,10.);
#1381=VECTOR('',#4511,10.);
#1382=VECTOR('',#4512,10.);
#1383=VECTOR('',#4515,10.);
#1384=VECTOR('',#4516,10.);
#1385=VECTOR('',#4517,10.);
#1386=VECTOR('',#4520,10.);
#1387=VECTOR('',#4521,10.);
#1388=VECTOR('',#4522,10.);
#1389=VECTOR('',#4523,10.);
#1390=VECTOR('',#4526,10.);
#1391=VECTOR('',#4527,10.);
#1392=VECTOR('',#4528,10.);
#1393=VECTOR('',#4529,10.);
#1394=VECTOR('',#4532,10.);
#1395=VECTOR('',#4533,10.);
#1396=VECTOR('',#4536,10.);
#1397=VECTOR('',#4539,10.);
#1398=VECTOR('',#4542,10.);
#1399=VECTOR('',#4545,10.);
#1400=VECTOR('',#4546,10.);
#1401=VECTOR('',#4551,10.);
#1402=VECTOR('',#4554,10.);
#1403=VECTOR('',#4555,10.);
#1404=VECTOR('',#4558,10.);
#1405=VECTOR('',#4561,10.);
#1406=VECTOR('',#4566,10.);
#1407=VECTOR('',#4567,10.);
#1408=VECTOR('',#4570,10.);
#1409=VECTOR('',#4571,10.);
#1410=VECTOR('',#4574,10.);
#1411=VECTOR('',#4575,10.);
#1412=VECTOR('',#4580,10.);
#1413=VECTOR('',#4583,10.);
#1414=VECTOR('',#4586,10.);
#1415=VECTOR('',#4587,10.);
#1416=VECTOR('',#4588,10.);
#1417=VECTOR('',#4593,10.);
#1418=VECTOR('',#4596,10.);
#1419=VECTOR('',#4599,10.);
#1420=VECTOR('',#4602,10.);
#1421=VECTOR('',#4607,10.);
#1422=VECTOR('',#4610,10.);
#1423=VECTOR('',#4613,10.);
#1424=VECTOR('',#4616,10.);
#1425=VECTOR('',#4621,10.);
#1426=VECTOR('',#4622,10.);
#1427=VECTOR('',#4625,10.);
#1428=VECTOR('',#4626,10.);
#1429=VECTOR('',#4629,10.);
#1430=VECTOR('',#4630,10.);
#1431=VECTOR('',#4635,10.);
#1432=VECTOR('',#4646,10.);
#1433=VECTOR('',#4647,10.);
#1434=VECTOR('',#4648,10.);
#1435=VECTOR('',#4649,10.);
#1436=VECTOR('',#4652,10.);
#1437=VECTOR('',#4653,10.);
#1438=VECTOR('',#4654,10.);
#1439=VECTOR('',#4657,10.);
#1440=VECTOR('',#4658,10.);
#1441=VECTOR('',#4659,10.);
#1442=VECTOR('',#4660,10.);
#1443=VECTOR('',#4661,10.);
#1444=VECTOR('',#4662,10.);
#1445=VECTOR('',#4663,10.);
#1446=VECTOR('',#4664,10.);
#1447=VECTOR('',#4665,10.);
#1448=VECTOR('',#4666,10.);
#1449=VECTOR('',#4667,10.);
#1450=VECTOR('',#4668,10.);
#1451=VECTOR('',#4675,10.);
#1452=VECTOR('',#4676,10.);
#1453=VECTOR('',#4677,10.);
#1454=VECTOR('',#4680,10.);
#1455=VECTOR('',#4681,10.);
#1456=VECTOR('',#4684,1.925);
#1457=VECTOR('',#4689,10.);
#1458=VECTOR('',#4690,10.);
#1459=VECTOR('',#4693,10.);
#1460=VECTOR('',#4694,10.);
#1461=VECTOR('',#4697,1.925);
#1462=VECTOR('',#4702,10.);
#1463=VECTOR('',#4703,10.);
#1464=VECTOR('',#4704,10.);
#1465=VECTOR('',#4707,10.);
#1466=VECTOR('',#4710,10.);
#1467=VECTOR('',#4711,10.);
#1468=VECTOR('',#4714,10.);
#1469=VECTOR('',#4715,10.);
#1470=VECTOR('',#4716,10.);
#1471=VECTOR('',#4717,10.);
#1472=VECTOR('',#4718,10.);
#1473=VECTOR('',#4721,10.);
#1474=VECTOR('',#4722,10.);
#1475=VECTOR('',#4727,10.);
#1476=VECTOR('',#4732,10.);
#1477=VECTOR('',#4733,10.);
#1478=VECTOR('',#4734,10.);
#1479=VECTOR('',#4735,10.);
#1480=VECTOR('',#4738,10.);
#1481=VECTOR('',#4739,10.);
#1482=VECTOR('',#4740,10.);
#1483=VECTOR('',#4741,10.);
#1484=VECTOR('',#4744,10.);
#1485=VECTOR('',#4745,10.);
#1486=VECTOR('',#4746,10.);
#1487=VECTOR('',#4747,10.);
#1488=VECTOR('',#4750,10.);
#1489=VECTOR('',#4751,10.);
#1490=VECTOR('',#4754,10.);
#1491=VECTOR('',#4755,10.);
#1492=VECTOR('',#4756,10.);
#1493=VECTOR('',#4759,10.);
#1494=VECTOR('',#4764,10.);
#1495=VECTOR('',#4765,10.);
#1496=VECTOR('',#4766,10.);
#1497=VECTOR('',#4769,10.);
#1498=VECTOR('',#4770,10.);
#1499=VECTOR('',#4773,10.);
#1500=VECTOR('',#4774,10.);
#1501=VECTOR('',#4777,10.);
#1502=VECTOR('',#4780,10.);
#1503=VECTOR('',#4781,10.);
#1504=VECTOR('',#4782,10.);
#1505=VECTOR('',#4783,10.);
#1506=VECTOR('',#4786,10.);
#1507=VECTOR('',#4787,10.);
#1508=VECTOR('',#4788,10.);
#1509=VECTOR('',#4789,10.);
#1510=VECTOR('',#4794,2.175);
#1511=VECTOR('',#4801,10.);
#1512=VECTOR('',#4804,10.);
#1513=VECTOR('',#4807,10.);
#1514=VECTOR('',#4808,10.);
#1515=VECTOR('',#4813,2.175);
#1516=VECTOR('',#4820,10.);
#1517=VECTOR('',#4823,10.);
#1518=VECTOR('',#4826,10.);
#1519=VECTOR('',#4827,10.);
#1520=VECTOR('',#4830,10.);
#1521=VECTOR('',#4831,10.);
#1522=VECTOR('',#4832,10.);
#1523=VECTOR('',#4835,10.);
#1524=VECTOR('',#4836,10.);
#1525=VECTOR('',#4837,10.);
#1526=VECTOR('',#4840,10.);
#1527=VECTOR('',#4841,10.);
#1528=VECTOR('',#4844,10.);
#1529=VECTOR('',#4845,10.);
#1530=VECTOR('',#4848,10.);
#1531=VECTOR('',#4851,10.);
#1532=VECTOR('',#4860,4.4);
#1533=VECTOR('',#4867,2.75);
#1534=VECTOR('',#4876,1.575);
#1535=VECTOR('',#4885,0.875);
#1536=VECTOR('',#4892,0.875);
#1537=VECTOR('',#4899,0.875);
#1538=VECTOR('',#4906,0.875);
#1539=VECTOR('',#4913,0.875);
#1540=VECTOR('',#4920,0.875);
#1541=VECTOR('',#4927,0.875);
#1542=VECTOR('',#4934,0.875);
#1543=VECTOR('',#4939,10.);
#1544=VECTOR('',#4940,10.);
#1545=VECTOR('',#4941,10.);
#1546=VECTOR('',#4942,10.);
#1547=VECTOR('',#4949,10.);
#1548=VECTOR('',#4952,10.);
#1549=VECTOR('',#4953,10.);
#1550=VECTOR('',#4954,10.);
#1551=VECTOR('',#4961,10.);
#1552=VECTOR('',#4964,10.);
#1553=VECTOR('',#4965,10.);
#1554=VECTOR('',#4966,10.);
#1555=VECTOR('',#4973,10.);
#1556=VECTOR('',#4976,10.);
#1557=VECTOR('',#4977,10.);
#1558=VECTOR('',#4978,10.);
#1559=VECTOR('',#4995,1.75);
#1560=VECTOR('',#5000,10.);
#1561=VECTOR('',#5001,10.);
#1562=VECTOR('',#5002,10.);
#1563=VECTOR('',#5003,10.);
#1564=VECTOR('',#5008,10.);
#1565=VECTOR('',#5009,10.);
#1566=VECTOR('',#5010,10.);
#1567=VECTOR('',#5013,10.);
#1568=VECTOR('',#5014,10.);
#1569=VECTOR('',#5015,10.);
#1570=VECTOR('',#5016,10.);
#1571=VECTOR('',#5027,10.);
#1572=VECTOR('',#5028,10.);
#1573=VECTOR('',#5033,10.);
#1574=VECTOR('',#5034,10.);
#1575=VECTOR('',#5037,10.);
#1576=VECTOR('',#5038,10.);
#1577=VECTOR('',#5041,10.);
#1578=VECTOR('',#5042,10.);
#1579=VECTOR('',#5053,1.75);
#1580=VECTOR('',#5058,2.25);
#1581=VECTOR('',#5063,2.);
#1582=VECTOR('',#5072,5.);
#1583=VECTOR('',#5075,3.);
#1584=VECTOR('',#5084,3.);
#1585=VECTOR('',#5097,1.125);
#1586=VECTOR('',#5100,1.125);
#1587=VECTOR('',#5105,10.);
#1588=VECTOR('',#5108,10.);
#1589=VECTOR('',#5111,10.);
#1590=VECTOR('',#5114,10.);
#1591=VECTOR('',#5143,0.5875);
#1592=VECTOR('',#5148,0.5875);
#1593=VECTOR('',#5153,0.5875);
#1594=VECTOR('',#5158,0.5875);
#1595=VECTOR('',#5163,0.5875);
#1596=VECTOR('',#5168,0.5875);
#1597=VECTOR('',#5173,0.5875);
#1598=VECTOR('',#5176,10.);
#1599=VECTOR('',#5177,10.);
#1600=VECTOR('',#5178,10.);
#1601=VECTOR('',#5179,10.);
#1602=VECTOR('',#5182,10.);
#1603=VECTOR('',#5183,10.);
#1604=VECTOR('',#5184,10.);
#1605=VECTOR('',#5187,10.);
#1606=VECTOR('',#5188,10.);
#1607=VECTOR('',#5189,10.);
#1608=VECTOR('',#5192,10.);
#1609=VECTOR('',#5193,10.);
#1610=VECTOR('',#5200,1.925);
#1611=VECTOR('',#5205,1.925);
#1612=VECTOR('',#5210,1.925);
#1613=VECTOR('',#5215,1.925);
#1614=VECTOR('',#5218,10.);
#1615=VECTOR('',#5221,10.);
#1616=VECTOR('',#5224,10.);
#1617=VECTOR('',#5225,10.);
#1618=VECTOR('',#5230,10.);
#1619=VECTOR('',#5233,10.);
#1620=VECTOR('',#5234,10.);
#1621=VECTOR('',#5239,10.);
#1622=VECTOR('',#5242,10.);
#1623=VECTOR('',#5243,10.);
#1624=VECTOR('',#5248,10.);
#1625=VECTOR('',#5251,10.);
#1626=VECTOR('',#5258,10.);
#1627=VECTOR('',#5259,10.);
#1628=VECTOR('',#5260,10.);
#1629=VECTOR('',#5261,10.);
#1630=VECTOR('',#5266,17.5);
#1631=VECTOR('',#5269,10.);
#1632=VECTOR('',#5274,17.5);
#1633=VECTOR('',#5277,10.);
#1634=VECTOR('',#5280,10.);
#1635=VECTOR('',#5281,10.);
#1636=VECTOR('',#5284,10.);
#1637=VECTOR('',#5285,10.);
#1638=VECTOR('',#5290,10.);
#1639=VECTOR('',#5293,10.);
#1640=VECTOR('',#5296,10.);
#1641=VECTOR('',#5297,10.);
#1642=VECTOR('',#5300,10.);
#1643=VECTOR('',#5307,10.);
#1644=VECTOR('',#5308,10.);
#1645=VECTOR('',#5309,10.);
#1646=VECTOR('',#5310,10.);
#1647=VECTOR('',#5311,10.);
#1648=VECTOR('',#5312,10.);
#1649=VECTOR('',#5313,10.);
#1650=VECTOR('',#5314,10.);
#1651=VECTOR('',#5315,10.);
#1652=VECTOR('',#5322,10.);
#1653=VECTOR('',#5327,10.);
#1654=VECTOR('',#5330,10.);
#1655=VECTOR('',#5333,10.);
#1656=VECTOR('',#5342,10.);
#1657=VECTOR('',#5347,10.);
#1658=VECTOR('',#5350,10.);
#1659=VECTOR('',#5353,10.);
#1660=VECTOR('',#5362,10.);
#1661=VECTOR('',#5367,10.);
#1662=VECTOR('',#5368,10.);
#1663=VECTOR('',#5371,10.);
#1664=VECTOR('',#5374,10.);
#1665=VECTOR('',#5375,10.);
#1666=VECTOR('',#5380,10.);
#1667=VECTOR('',#5383,10.);
#1668=VECTOR('',#5386,10.);
#1669=VECTOR('',#5389,10.);
#1670=VECTOR('',#5392,10.);
#1671=VECTOR('',#5395,10.);
#1672=VECTOR('',#5396,10.);
#1673=VECTOR('',#5397,10.);
#1674=VECTOR('',#5398,10.);
#1675=VECTOR('',#5401,10.);
#1676=VECTOR('',#5404,1.75);
#1677=VECTOR('',#5407,1.75);
#1678=VECTOR('',#5410,10.);
#1679=VECTOR('',#5413,10.);
#1680=VECTOR('',#5418,1.75);
#1681=VECTOR('',#5423,1.75);
#1682=VECTOR('',#5434,1.75);
#1683=VECTOR('',#5441,1.75);
#1684=VECTOR('',#5448,1.75);
#1685=VECTOR('',#5455,10.);
#1686=VECTOR('',#5458,10.);
#1687=VECTOR('',#5461,10.);
#1688=VECTOR('',#5462,10.);
#1689=VECTOR('',#5463,10.);
#1690=VECTOR('',#5470,10.);
#1691=VECTOR('',#5473,10.);
#1692=VECTOR('',#5474,10.);
#1693=VECTOR('',#5475,10.);
#1694=VECTOR('',#5482,10.);
#1695=VECTOR('',#5485,10.);
#1696=VECTOR('',#5486,10.);
#1697=VECTOR('',#5487,10.);
#1698=VECTOR('',#5494,10.);
#1699=VECTOR('',#5497,10.);
#1700=VECTOR('',#5498,10.);
#1701=VECTOR('',#5499,10.);
#1702=VECTOR('',#5506,10.);
#1703=VECTOR('',#5509,10.);
#1704=VECTOR('',#5510,10.);
#1705=VECTOR('',#5511,10.);
#1706=VECTOR('',#5518,10.);
#1707=VECTOR('',#5521,10.);
#1708=VECTOR('',#5522,10.);
#1709=VECTOR('',#5527,1.75);
#1710=VECTOR('',#5532,10.);
#1711=VECTOR('',#5533,10.);
#1712=VECTOR('',#5534,10.);
#1713=VECTOR('',#5535,10.);
#1714=VECTOR('',#5542,10.);
#1715=VECTOR('',#5545,10.);
#1716=VECTOR('',#5546,10.);
#1717=VECTOR('',#5547,10.);
#1718=VECTOR('',#5554,10.);
#1719=VECTOR('',#5557,10.);
#1720=VECTOR('',#5558,10.);
#1721=VECTOR('',#5559,10.);
#1722=VECTOR('',#5566,10.);
#1723=VECTOR('',#5569,10.);
#1724=VECTOR('',#5570,10.);
#1725=VECTOR('',#5571,10.);
#1726=VERTEX_POINT('',#5599);
#1727=VERTEX_POINT('',#5600);
#1728=VERTEX_POINT('',#5602);
#1729=VERTEX_POINT('',#5604);
#1730=VERTEX_POINT('',#5608);
#1731=VERTEX_POINT('',#5610);
#1732=VERTEX_POINT('',#5614);
#1733=VERTEX_POINT('',#5616);
#1734=VERTEX_POINT('',#5624);
#1735=VERTEX_POINT('',#5626);
#1736=VERTEX_POINT('',#5631);
#1737=VERTEX_POINT('',#5632);
#1738=VERTEX_POINT('',#5634);
#1739=VERTEX_POINT('',#5636);
#1740=VERTEX_POINT('',#5640);
#1741=VERTEX_POINT('',#5641);
#1742=VERTEX_POINT('',#5643);
#1743=VERTEX_POINT('',#5645);
#1744=VERTEX_POINT('',#5647);
#1745=VERTEX_POINT('',#5654);
#1746=VERTEX_POINT('',#5658);
#1747=VERTEX_POINT('',#5660);
#1748=VERTEX_POINT('',#5664);
#1749=VERTEX_POINT('',#5668);
#1750=VERTEX_POINT('',#5669);
#1751=VERTEX_POINT('',#5674);
#1752=VERTEX_POINT('',#5675);
#1753=VERTEX_POINT('',#5680);
#1754=VERTEX_POINT('',#5681);
#1755=VERTEX_POINT('',#5683);
#1756=VERTEX_POINT('',#5685);
#1757=VERTEX_POINT('',#5689);
#1758=VERTEX_POINT('',#5690);
#1759=VERTEX_POINT('',#5692);
#1760=VERTEX_POINT('',#5694);
#1761=VERTEX_POINT('',#5701);
#1762=VERTEX_POINT('',#5702);
#1763=VERTEX_POINT('',#5704);
#1764=VERTEX_POINT('',#5706);
#1765=VERTEX_POINT('',#5708);
#1766=VERTEX_POINT('',#5710);
#1767=VERTEX_POINT('',#5712);
#1768=VERTEX_POINT('',#5715);
#1769=VERTEX_POINT('',#5719);
#1770=VERTEX_POINT('',#5720);
#1771=VERTEX_POINT('',#5722);
#1772=VERTEX_POINT('',#5725);
#1773=VERTEX_POINT('',#5727);
#1774=VERTEX_POINT('',#5729);
#1775=VERTEX_POINT('',#5731);
#1776=VERTEX_POINT('',#5733);
#1777=VERTEX_POINT('',#5751);
#1778=VERTEX_POINT('',#5753);
#1779=VERTEX_POINT('',#5758);
#1780=VERTEX_POINT('',#5759);
#1781=VERTEX_POINT('',#5761);
#1782=VERTEX_POINT('',#5763);
#1783=VERTEX_POINT('',#5765);
#1784=VERTEX_POINT('',#5767);
#1785=VERTEX_POINT('',#5770);
#1786=VERTEX_POINT('',#5774);
#1787=VERTEX_POINT('',#5775);
#1788=VERTEX_POINT('',#5777);
#1789=VERTEX_POINT('',#5780);
#1790=VERTEX_POINT('',#5782);
#1791=VERTEX_POINT('',#5784);
#1792=VERTEX_POINT('',#5786);
#1793=VERTEX_POINT('',#5806);
#1794=VERTEX_POINT('',#5807);
#1795=VERTEX_POINT('',#5809);
#1796=VERTEX_POINT('',#5811);
#1797=VERTEX_POINT('',#5815);
#1798=VERTEX_POINT('',#5817);
#1799=VERTEX_POINT('',#5821);
#1800=VERTEX_POINT('',#5823);
#1801=VERTEX_POINT('',#5825);
#1802=VERTEX_POINT('',#5827);
#1803=VERTEX_POINT('',#5829);
#1804=VERTEX_POINT('',#5831);
#1805=VERTEX_POINT('',#5833);
#1806=VERTEX_POINT('',#5835);
#1807=VERTEX_POINT('',#5837);
#1808=VERTEX_POINT('',#5839);
#1809=VERTEX_POINT('',#5841);
#1810=VERTEX_POINT('',#5844);
#1811=VERTEX_POINT('',#5846);
#1812=VERTEX_POINT('',#5849);
#1813=VERTEX_POINT('',#5851);
#1814=VERTEX_POINT('',#5855);
#1815=VERTEX_POINT('',#5859);
#1816=VERTEX_POINT('',#5863);
#1817=VERTEX_POINT('',#5867);
#1818=VERTEX_POINT('',#5871);
#1819=VERTEX_POINT('',#5875);
#1820=VERTEX_POINT('',#5877);
#1821=VERTEX_POINT('',#5883);
#1822=VERTEX_POINT('',#5887);
#1823=VERTEX_POINT('',#5889);
#1824=VERTEX_POINT('',#5891);
#1825=VERTEX_POINT('',#5903);
#1826=VERTEX_POINT('',#5904);
#1827=VERTEX_POINT('',#5906);
#1828=VERTEX_POINT('',#5908);
#1829=VERTEX_POINT('',#5912);
#1830=VERTEX_POINT('',#5913);
#1831=VERTEX_POINT('',#5915);
#1832=VERTEX_POINT('',#5917);
#1833=VERTEX_POINT('',#5922);
#1834=VERTEX_POINT('',#5924);
#1835=VERTEX_POINT('',#5928);
#1836=VERTEX_POINT('',#5933);
#1837=VERTEX_POINT('',#5940);
#1838=VERTEX_POINT('',#5942);
#1839=VERTEX_POINT('',#5946);
#1840=VERTEX_POINT('',#5950);
#1841=VERTEX_POINT('',#5956);
#1842=VERTEX_POINT('',#5957);
#1843=VERTEX_POINT('',#5959);
#1844=VERTEX_POINT('',#5961);
#1845=VERTEX_POINT('',#5965);
#1846=VERTEX_POINT('',#5966);
#1847=VERTEX_POINT('',#5968);
#1848=VERTEX_POINT('',#5970);
#1849=VERTEX_POINT('',#5974);
#1850=VERTEX_POINT('',#5976);
#1851=VERTEX_POINT('',#5980);
#1852=VERTEX_POINT('',#5981);
#1853=VERTEX_POINT('',#5983);
#1854=VERTEX_POINT('',#5985);
#1855=VERTEX_POINT('',#5992);
#1856=VERTEX_POINT('',#5994);
#1857=VERTEX_POINT('',#5998);
#1858=VERTEX_POINT('',#5999);
#1859=VERTEX_POINT('',#6001);
#1860=VERTEX_POINT('',#6003);
#1861=VERTEX_POINT('',#6010);
#1862=VERTEX_POINT('',#6011);
#1863=VERTEX_POINT('',#6016);
#1864=VERTEX_POINT('',#6018);
#1865=VERTEX_POINT('',#6034);
#1866=VERTEX_POINT('',#6036);
#1867=VERTEX_POINT('',#6040);
#1868=VERTEX_POINT('',#6042);
#1869=VERTEX_POINT('',#6047);
#1870=VERTEX_POINT('',#6049);
#1871=VERTEX_POINT('',#6054);
#1872=VERTEX_POINT('',#6056);
#1873=VERTEX_POINT('',#6060);
#1874=VERTEX_POINT('',#6062);
#1875=VERTEX_POINT('',#6066);
#1876=VERTEX_POINT('',#6068);
#1877=VERTEX_POINT('',#6072);
#1878=VERTEX_POINT('',#6074);
#1879=VERTEX_POINT('',#6078);
#1880=VERTEX_POINT('',#6080);
#1881=VERTEX_POINT('',#6084);
#1882=VERTEX_POINT('',#6086);
#1883=VERTEX_POINT('',#6090);
#1884=VERTEX_POINT('',#6092);
#1885=VERTEX_POINT('',#6096);
#1886=VERTEX_POINT('',#6098);
#1887=VERTEX_POINT('',#6102);
#1888=VERTEX_POINT('',#6103);
#1889=VERTEX_POINT('',#6105);
#1890=VERTEX_POINT('',#6107);
#1891=VERTEX_POINT('',#6111);
#1892=VERTEX_POINT('',#6113);
#1893=VERTEX_POINT('',#6117);
#1894=VERTEX_POINT('',#6119);
#1895=VERTEX_POINT('',#6123);
#1896=VERTEX_POINT('',#6125);
#1897=VERTEX_POINT('',#6129);
#1898=VERTEX_POINT('',#6131);
#1899=VERTEX_POINT('',#6135);
#1900=VERTEX_POINT('',#6137);
#1901=VERTEX_POINT('',#6141);
#1902=VERTEX_POINT('',#6143);
#1903=VERTEX_POINT('',#6153);
#1904=VERTEX_POINT('',#6155);
#1905=VERTEX_POINT('',#6159);
#1906=VERTEX_POINT('',#6160);
#1907=VERTEX_POINT('',#6162);
#1908=VERTEX_POINT('',#6164);
#1909=VERTEX_POINT('',#6167);
#1910=VERTEX_POINT('',#6170);
#1911=VERTEX_POINT('',#6171);
#1912=VERTEX_POINT('',#6176);
#1913=VERTEX_POINT('',#6178);
#1914=VERTEX_POINT('',#6180);
#1915=VERTEX_POINT('',#6182);
#1916=VERTEX_POINT('',#6185);
#1917=VERTEX_POINT('',#6187);
#1918=VERTEX_POINT('',#6189);
#1919=VERTEX_POINT('',#6192);
#1920=VERTEX_POINT('',#6195);
#1921=VERTEX_POINT('',#6198);
#1922=VERTEX_POINT('',#6202);
#1923=VERTEX_POINT('',#6206);
#1924=VERTEX_POINT('',#6211);
#1925=VERTEX_POINT('',#6213);
#1926=VERTEX_POINT('',#6218);
#1927=VERTEX_POINT('',#6220);
#1928=VERTEX_POINT('',#6224);
#1929=VERTEX_POINT('',#6228);
#1930=VERTEX_POINT('',#6233);
#1931=VERTEX_POINT('',#6237);
#1932=VERTEX_POINT('',#6240);
#1933=VERTEX_POINT('',#6244);
#1934=VERTEX_POINT('',#6254);
#1935=VERTEX_POINT('',#6255);
#1936=VERTEX_POINT('',#6257);
#1937=VERTEX_POINT('',#6259);
#1938=VERTEX_POINT('',#6261);
#1939=VERTEX_POINT('',#6263);
#1940=VERTEX_POINT('',#6265);
#1941=VERTEX_POINT('',#6267);
#1942=VERTEX_POINT('',#6270);
#1943=VERTEX_POINT('',#6272);
#1944=VERTEX_POINT('',#6274);
#1945=VERTEX_POINT('',#6276);
#1946=VERTEX_POINT('',#6278);
#1947=VERTEX_POINT('',#6280);
#1948=VERTEX_POINT('',#6282);
#1949=VERTEX_POINT('',#6284);
#1950=VERTEX_POINT('',#6286);
#1951=VERTEX_POINT('',#6288);
#1952=VERTEX_POINT('',#6290);
#1953=VERTEX_POINT('',#6293);
#1954=VERTEX_POINT('',#6297);
#1955=VERTEX_POINT('',#6301);
#1956=VERTEX_POINT('',#6305);
#1957=VERTEX_POINT('',#6309);
#1958=VERTEX_POINT('',#6313);
#1959=VERTEX_POINT('',#6317);
#1960=VERTEX_POINT('',#6321);
#1961=VERTEX_POINT('',#6322);
#1962=VERTEX_POINT('',#6324);
#1963=VERTEX_POINT('',#6326);
#1964=VERTEX_POINT('',#6330);
#1965=VERTEX_POINT('',#6332);
#1966=VERTEX_POINT('',#6336);
#1967=VERTEX_POINT('',#6338);
#1968=VERTEX_POINT('',#6346);
#1969=VERTEX_POINT('',#6350);
#1970=VERTEX_POINT('',#6354);
#1971=VERTEX_POINT('',#6358);
#1972=VERTEX_POINT('',#6362);
#1973=VERTEX_POINT('',#6364);
#1974=VERTEX_POINT('',#6368);
#1975=VERTEX_POINT('',#6372);
#1976=VERTEX_POINT('',#6376);
#1977=VERTEX_POINT('',#6380);
#1978=VERTEX_POINT('',#6384);
#1979=VERTEX_POINT('',#6388);
#1980=VERTEX_POINT('',#6396);
#1981=VERTEX_POINT('',#6397);
#1982=VERTEX_POINT('',#6399);
#1983=VERTEX_POINT('',#6401);
#1984=VERTEX_POINT('',#6405);
#1985=VERTEX_POINT('',#6406);
#1986=VERTEX_POINT('',#6408);
#1987=VERTEX_POINT('',#6410);
#1988=VERTEX_POINT('',#6414);
#1989=VERTEX_POINT('',#6415);
#1990=VERTEX_POINT('',#6417);
#1991=VERTEX_POINT('',#6419);
#1992=VERTEX_POINT('',#6429);
#1993=VERTEX_POINT('',#6430);
#1994=VERTEX_POINT('',#6432);
#1995=VERTEX_POINT('',#6434);
#1996=VERTEX_POINT('',#6439);
#1997=VERTEX_POINT('',#6441);
#1998=VERTEX_POINT('',#6444);
#1999=VERTEX_POINT('',#6446);
#2000=VERTEX_POINT('',#6449);
#2001=VERTEX_POINT('',#6451);
#2002=VERTEX_POINT('',#6453);
#2003=VERTEX_POINT('',#6455);
#2004=VERTEX_POINT('',#6457);
#2005=VERTEX_POINT('',#6459);
#2006=VERTEX_POINT('',#6461);
#2007=VERTEX_POINT('',#6463);
#2008=VERTEX_POINT('',#6467);
#2009=VERTEX_POINT('',#6469);
#2010=VERTEX_POINT('',#6473);
#2011=VERTEX_POINT('',#6475);
#2012=VERTEX_POINT('',#6477);
#2013=VERTEX_POINT('',#6479);
#2014=VERTEX_POINT('',#6481);
#2015=VERTEX_POINT('',#6484);
#2016=VERTEX_POINT('',#6486);
#2017=VERTEX_POINT('',#6489);
#2018=VERTEX_POINT('',#6491);
#2019=VERTEX_POINT('',#6495);
#2020=VERTEX_POINT('',#6497);
#2021=VERTEX_POINT('',#6499);
#2022=VERTEX_POINT('',#6501);
#2023=VERTEX_POINT('',#6504);
#2024=VERTEX_POINT('',#6506);
#2025=VERTEX_POINT('',#6509);
#2026=VERTEX_POINT('',#6513);
#2027=VERTEX_POINT('',#6514);
#2028=VERTEX_POINT('',#6525);
#2029=VERTEX_POINT('',#6527);
#2030=VERTEX_POINT('',#6533);
#2031=VERTEX_POINT('',#6535);
#2032=VERTEX_POINT('',#6539);
#2033=VERTEX_POINT('',#6541);
#2034=VERTEX_POINT('',#6556);
#2035=VERTEX_POINT('',#6560);
#2036=VERTEX_POINT('',#6567);
#2037=VERTEX_POINT('',#6569);
#2038=VERTEX_POINT('',#6573);
#2039=VERTEX_POINT('',#6575);
#2040=VERTEX_POINT('',#6579);
#2041=VERTEX_POINT('',#6581);
#2042=VERTEX_POINT('',#6585);
#2043=VERTEX_POINT('',#6586);
#2044=VERTEX_POINT('',#6588);
#2045=VERTEX_POINT('',#6590);
#2046=VERTEX_POINT('',#6594);
#2047=VERTEX_POINT('',#6596);
#2048=VERTEX_POINT('',#6600);
#2049=VERTEX_POINT('',#6602);
#2050=VERTEX_POINT('',#6606);
#2051=VERTEX_POINT('',#6608);
#2052=VERTEX_POINT('',#6612);
#2053=VERTEX_POINT('',#6614);
#2054=VERTEX_POINT('',#6618);
#2055=VERTEX_POINT('',#6620);
#2056=VERTEX_POINT('',#6624);
#2057=VERTEX_POINT('',#6626);
#2058=VERTEX_POINT('',#6630);
#2059=VERTEX_POINT('',#6632);
#2060=VERTEX_POINT('',#6636);
#2061=VERTEX_POINT('',#6638);
#2062=VERTEX_POINT('',#6642);
#2063=VERTEX_POINT('',#6644);
#2064=VERTEX_POINT('',#6648);
#2065=VERTEX_POINT('',#6650);
#2066=VERTEX_POINT('',#6657);
#2067=VERTEX_POINT('',#6659);
#2068=VERTEX_POINT('',#6663);
#2069=VERTEX_POINT('',#6664);
#2070=VERTEX_POINT('',#6666);
#2071=VERTEX_POINT('',#6668);
#2072=VERTEX_POINT('',#6672);
#2073=VERTEX_POINT('',#6674);
#2074=VERTEX_POINT('',#6678);
#2075=VERTEX_POINT('',#6680);
#2076=VERTEX_POINT('',#6684);
#2077=VERTEX_POINT('',#6686);
#2078=VERTEX_POINT('',#6690);
#2079=VERTEX_POINT('',#6692);
#2080=VERTEX_POINT('',#6696);
#2081=VERTEX_POINT('',#6698);
#2082=VERTEX_POINT('',#6702);
#2083=VERTEX_POINT('',#6704);
#2084=EDGE_CURVE('',#1726,#1727,#978,.T.);
#2085=EDGE_CURVE('',#1726,#1728,#979,.T.);
#2086=EDGE_CURVE('',#1729,#1728,#980,.T.);
#2087=EDGE_CURVE('',#1727,#1729,#981,.T.);
#2088=EDGE_CURVE('',#1727,#1730,#982,.T.);
#2089=EDGE_CURVE('',#1731,#1729,#983,.T.);
#2090=EDGE_CURVE('',#1730,#1731,#984,.T.);
#2091=EDGE_CURVE('',#1730,#1732,#985,.T.);
#2092=EDGE_CURVE('',#1733,#1731,#986,.T.);
#2093=EDGE_CURVE('',#1732,#1733,#987,.T.);
#2094=EDGE_CURVE('',#1732,#1726,#988,.T.);
#2095=EDGE_CURVE('',#1728,#1733,#989,.T.);
#2096=EDGE_CURVE('',#1734,#1734,#223,.T.);
#2097=EDGE_CURVE('',#1734,#1735,#990,.T.);
#2098=EDGE_CURVE('',#1735,#1735,#224,.T.);
#2099=EDGE_CURVE('',#1736,#1737,#991,.T.);
#2100=EDGE_CURVE('',#1736,#1738,#992,.T.);
#2101=EDGE_CURVE('',#1739,#1738,#993,.T.);
#2102=EDGE_CURVE('',#1737,#1739,#994,.T.);
#2103=EDGE_CURVE('',#1740,#1741,#225,.T.);
#2104=EDGE_CURVE('',#1742,#1740,#226,.T.);
#2105=EDGE_CURVE('',#1742,#1743,#995,.T.);
#2106=EDGE_CURVE('',#1744,#1743,#227,.T.);
#2107=EDGE_CURVE('',#1741,#1744,#996,.T.);
#2108=EDGE_CURVE('',#1743,#1739,#997,.T.);
#2109=EDGE_CURVE('',#1738,#1744,#998,.T.);
#2110=EDGE_CURVE('',#1741,#1745,#999,.T.);
#2111=EDGE_CURVE('',#1745,#1740,#1000,.T.);
#2112=EDGE_CURVE('',#1737,#1746,#1001,.T.);
#2113=EDGE_CURVE('',#1746,#1747,#1002,.T.);
#2114=EDGE_CURVE('',#1747,#1736,#1003,.T.);
#2115=EDGE_CURVE('',#1740,#1748,#1004,.T.);
#2116=EDGE_CURVE('',#1748,#1742,#1005,.T.);
#2117=EDGE_CURVE('',#1749,#1750,#1006,.T.);
#2118=EDGE_CURVE('',#1749,#1748,#1007,.T.);
#2119=EDGE_CURVE('',#1750,#1745,#1008,.T.);
#2120=EDGE_CURVE('',#1751,#1752,#1009,.T.);
#2121=EDGE_CURVE('',#1751,#1747,#1010,.T.);
#2122=EDGE_CURVE('',#1752,#1746,#1011,.T.);
#2123=EDGE_CURVE('',#1753,#1754,#1012,.T.);
#2124=EDGE_CURVE('',#1753,#1755,#1013,.T.);
#2125=EDGE_CURVE('',#1756,#1755,#1014,.T.);
#2126=EDGE_CURVE('',#1754,#1756,#1015,.T.);
#2127=EDGE_CURVE('',#1757,#1758,#1016,.T.);
#2128=EDGE_CURVE('',#1757,#1759,#1017,.T.);
#2129=EDGE_CURVE('',#1760,#1759,#1018,.T.);
#2130=EDGE_CURVE('',#1758,#1760,#1019,.T.);
#2131=EDGE_CURVE('',#1759,#1756,#1020,.T.);
#2132=EDGE_CURVE('',#1755,#1760,#1021,.T.);
#2133=EDGE_CURVE('',#1761,#1762,#1022,.T.);
#2134=EDGE_CURVE('',#1762,#1763,#228,.T.);
#2135=EDGE_CURVE('',#1763,#1764,#1023,.T.);
#2136=EDGE_CURVE('',#1764,#1765,#229,.T.);
#2137=EDGE_CURVE('',#1765,#1766,#1024,.T.);
#2138=EDGE_CURVE('',#1767,#1766,#230,.T.);
#2139=EDGE_CURVE('',#1767,#1749,#1025,.T.);
#2140=EDGE_CURVE('',#1750,#1768,#1026,.T.);
#2141=EDGE_CURVE('',#1761,#1768,#231,.T.);
#2142=EDGE_CURVE('',#1769,#1770,#1027,.T.);
#2143=EDGE_CURVE('',#1771,#1770,#232,.T.);
#2144=EDGE_CURVE('',#1753,#1771,#1028,.T.);
#2145=EDGE_CURVE('',#1772,#1754,#1029,.T.);
#2146=EDGE_CURVE('',#1773,#1772,#233,.T.);
#2147=EDGE_CURVE('',#1773,#1774,#1030,.T.);
#2148=EDGE_CURVE('',#1774,#1775,#234,.T.);
#2149=EDGE_CURVE('',#1775,#1776,#1031,.T.);
#2150=EDGE_CURVE('',#1776,#1769,#235,.T.);
#2151=EDGE_CURVE('',#1774,#1765,#1032,.T.);
#2152=EDGE_CURVE('',#1766,#1773,#1033,.T.);
#2153=EDGE_CURVE('',#1776,#1763,#1034,.T.);
#2154=EDGE_CURVE('',#1764,#1775,#1035,.T.);
#2155=EDGE_CURVE('',#1762,#1769,#1036,.T.);
#2156=EDGE_CURVE('',#1770,#1761,#1037,.T.);
#2157=EDGE_CURVE('',#1772,#1767,#1038,.T.);
#2158=EDGE_CURVE('',#1768,#1771,#1039,.T.);
#2159=EDGE_CURVE('',#1777,#1751,#1040,.T.);
#2160=EDGE_CURVE('',#1778,#1777,#1041,.T.);
#2161=EDGE_CURVE('',#1758,#1778,#1042,.T.);
#2162=EDGE_CURVE('',#1779,#1780,#1043,.T.);
#2163=EDGE_CURVE('',#1780,#1781,#236,.T.);
#2164=EDGE_CURVE('',#1781,#1782,#1044,.T.);
#2165=EDGE_CURVE('',#1782,#1783,#237,.T.);
#2166=EDGE_CURVE('',#1783,#1784,#1045,.T.);
#2167=EDGE_CURVE('',#1777,#1784,#238,.T.);
#2168=EDGE_CURVE('',#1752,#1785,#1046,.T.);
#2169=EDGE_CURVE('',#1779,#1785,#239,.T.);
#2170=EDGE_CURVE('',#1786,#1787,#1047,.T.);
#2171=EDGE_CURVE('',#1788,#1787,#240,.T.);
#2172=EDGE_CURVE('',#1757,#1788,#1048,.T.);
#2173=EDGE_CURVE('',#1789,#1778,#241,.T.);
#2174=EDGE_CURVE('',#1789,#1790,#1049,.T.);
#2175=EDGE_CURVE('',#1790,#1791,#242,.T.);
#2176=EDGE_CURVE('',#1791,#1792,#1050,.T.);
#2177=EDGE_CURVE('',#1792,#1786,#243,.T.);
#2178=EDGE_CURVE('',#1790,#1783,#1051,.T.);
#2179=EDGE_CURVE('',#1784,#1789,#1052,.T.);
#2180=EDGE_CURVE('',#1792,#1781,#1053,.T.);
#2181=EDGE_CURVE('',#1782,#1791,#1054,.T.);
#2182=EDGE_CURVE('',#1780,#1786,#1055,.T.);
#2183=EDGE_CURVE('',#1787,#1779,#1056,.T.);
#2184=EDGE_CURVE('',#1785,#1788,#1057,.T.);
#2185=EDGE_CURVE('',#1793,#1794,#1058,.T.);
#2186=EDGE_CURVE('',#1794,#1795,#1059,.T.);
#2187=EDGE_CURVE('',#1795,#1796,#1060,.T.);
#2188=EDGE_CURVE('',#1796,#1793,#1061,.T.);
#2189=EDGE_CURVE('',#1797,#1796,#1062,.T.);
#2190=EDGE_CURVE('',#1797,#1798,#1063,.T.);
#2191=EDGE_CURVE('',#1793,#1798,#1064,.T.);
#2192=EDGE_CURVE('',#1799,#1795,#1065,.T.);
#2193=EDGE_CURVE('',#1800,#1799,#1066,.T.);
#2194=EDGE_CURVE('',#1800,#1801,#1067,.T.);
#2195=EDGE_CURVE('',#1801,#1802,#1068,.T.);
#2196=EDGE_CURVE('',#1802,#1803,#1069,.T.);
#2197=EDGE_CURVE('',#1804,#1803,#1070,.T.);
#2198=EDGE_CURVE('',#1804,#1805,#1071,.T.);
#2199=EDGE_CURVE('',#1806,#1805,#1072,.T.);
#2200=EDGE_CURVE('',#1806,#1807,#1073,.T.);
#2201=EDGE_CURVE('',#1807,#1808,#1074,.T.);
#2202=EDGE_CURVE('',#1808,#1809,#1075,.T.);
#2203=EDGE_CURVE('',#1809,#1797,#1076,.T.);
#2204=EDGE_CURVE('',#1810,#1810,#244,.T.);
#2205=EDGE_CURVE('',#1811,#1811,#245,.T.);
#2206=EDGE_CURVE('',#1799,#1812,#1077,.T.);
#2207=EDGE_CURVE('',#1812,#1813,#1078,.T.);
#2208=EDGE_CURVE('',#1813,#1800,#1079,.T.);
#2209=EDGE_CURVE('',#1814,#1813,#1080,.T.);
#2210=EDGE_CURVE('',#1801,#1814,#1081,.T.);
#2211=EDGE_CURVE('',#1810,#1815,#1082,.T.);
#2212=EDGE_CURVE('',#1815,#1815,#246,.T.);
#2213=EDGE_CURVE('',#1809,#1816,#1083,.T.);
#2214=EDGE_CURVE('',#1798,#1816,#1084,.T.);
#2215=EDGE_CURVE('',#1817,#1808,#1085,.T.);
#2216=EDGE_CURVE('',#1816,#1817,#1086,.T.);
#2217=EDGE_CURVE('',#1811,#1818,#1087,.T.);
#2218=EDGE_CURVE('',#1818,#1818,#247,.T.);
#2219=EDGE_CURVE('',#1802,#1819,#1088,.T.);
#2220=EDGE_CURVE('',#1820,#1819,#1089,.T.);
#2221=EDGE_CURVE('',#1803,#1820,#1090,.T.);
#2222=EDGE_CURVE('',#1819,#1814,#1091,.T.);
#2223=EDGE_CURVE('',#1821,#1820,#1092,.T.);
#2224=EDGE_CURVE('',#1821,#1804,#1093,.T.);
#2225=EDGE_CURVE('',#1822,#1817,#1094,.T.);
#2226=EDGE_CURVE('',#1822,#1823,#1095,.T.);
#2227=EDGE_CURVE('',#1824,#1823,#1096,.T.);
#2228=EDGE_CURVE('',#1821,#1824,#1097,.T.);
#2229=EDGE_CURVE('',#1794,#1812,#1098,.T.);
#2230=EDGE_CURVE('',#1807,#1822,#1099,.T.);
#2231=EDGE_CURVE('',#1823,#1806,#1100,.T.);
#2232=EDGE_CURVE('',#1805,#1824,#1101,.T.);
#2233=EDGE_CURVE('',#1825,#1826,#1102,.T.);
#2234=EDGE_CURVE('',#1827,#1826,#1103,.T.);
#2235=EDGE_CURVE('',#1828,#1827,#1104,.T.);
#2236=EDGE_CURVE('',#1825,#1828,#1105,.T.);
#2237=EDGE_CURVE('',#1829,#1830,#1106,.T.);
#2238=EDGE_CURVE('',#1831,#1830,#1107,.T.);
#2239=EDGE_CURVE('',#1832,#1831,#1108,.T.);
#2240=EDGE_CURVE('',#1829,#1832,#1109,.T.);
#2241=EDGE_CURVE('',#1826,#1829,#1110,.T.);
#2242=EDGE_CURVE('',#1832,#1833,#1111,.T.);
#2243=EDGE_CURVE('',#1834,#1833,#1112,.T.);
#2244=EDGE_CURVE('',#1827,#1834,#1113,.T.);
#2245=EDGE_CURVE('',#1835,#1834,#1114,.T.);
#2246=EDGE_CURVE('',#1828,#1835,#1115,.T.);
#2247=EDGE_CURVE('',#1830,#1825,#1116,.T.);
#2248=EDGE_CURVE('',#1836,#1835,#1117,.T.);
#2249=EDGE_CURVE('',#1831,#1836,#1118,.T.);
#2250=EDGE_CURVE('',#1833,#1836,#1119,.T.);
#2251=EDGE_CURVE('',#1829,#1837,#1120,.T.);
#2252=EDGE_CURVE('',#1837,#1838,#1121,.T.);
#2253=EDGE_CURVE('',#1830,#1838,#1122,.T.);
#2254=EDGE_CURVE('',#1838,#1839,#1123,.T.);
#2255=EDGE_CURVE('',#1825,#1839,#1124,.T.);
#2256=EDGE_CURVE('',#1839,#1840,#1125,.T.);
#2257=EDGE_CURVE('',#1826,#1840,#1126,.T.);
#2258=EDGE_CURVE('',#1840,#1837,#1127,.T.);
#2259=EDGE_CURVE('',#1841,#1842,#1128,.T.);
#2260=EDGE_CURVE('',#1842,#1843,#1129,.T.);
#2261=EDGE_CURVE('',#1843,#1844,#1130,.T.);
#2262=EDGE_CURVE('',#1844,#1841,#1131,.T.);
#2263=EDGE_CURVE('',#1845,#1846,#1132,.T.);
#2264=EDGE_CURVE('',#1846,#1847,#1133,.T.);
#2265=EDGE_CURVE('',#1847,#1848,#1134,.T.);
#2266=EDGE_CURVE('',#1848,#1845,#1135,.T.);
#2267=EDGE_CURVE('',#1849,#1849,#248,.T.);
#2268=EDGE_CURVE('',#1849,#1850,#1136,.T.);
#2269=EDGE_CURVE('',#1850,#1850,#249,.T.);
#2270=EDGE_CURVE('',#1851,#1852,#250,.T.);
#2271=EDGE_CURVE('',#1853,#1851,#1137,.T.);
#2272=EDGE_CURVE('',#1854,#1853,#251,.T.);
#2273=EDGE_CURVE('',#1854,#1852,#1138,.T.);
#2274=EDGE_CURVE('',#1852,#1851,#1139,.T.);
#2275=EDGE_CURVE('',#1853,#1854,#1140,.T.);
#2276=EDGE_CURVE('',#1855,#1855,#252,.T.);
#2277=EDGE_CURVE('',#1855,#1856,#1141,.T.);
#2278=EDGE_CURVE('',#1856,#1856,#253,.T.);
#2279=EDGE_CURVE('',#1857,#1858,#254,.T.);
#2280=EDGE_CURVE('',#1859,#1857,#1142,.T.);
#2281=EDGE_CURVE('',#1860,#1859,#255,.T.);
#2282=EDGE_CURVE('',#1860,#1858,#1143,.T.);
#2283=EDGE_CURVE('',#1858,#1857,#1144,.T.);
#2284=EDGE_CURVE('',#1859,#1860,#1145,.T.);
#2285=EDGE_CURVE('',#1861,#1862,#1146,.T.);
#2286=EDGE_CURVE('',#1861,#1846,#1147,.T.);
#2287=EDGE_CURVE('',#1862,#1845,#1148,.T.);
#2288=EDGE_CURVE('',#1863,#1862,#1149,.T.);
#2289=EDGE_CURVE('',#1863,#1864,#1150,.T.);
#2290=EDGE_CURVE('',#1864,#1861,#1151,.T.);
#2291=EDGE_CURVE('',#1863,#1844,#1152,.T.);
#2292=EDGE_CURVE('',#1864,#1843,#1153,.T.);
#2293=EDGE_CURVE('',#1840,#1842,#1154,.T.);
#2294=EDGE_CURVE('',#1847,#1839,#1155,.T.);
#2295=EDGE_CURVE('',#1848,#1838,#1156,.T.);
#2296=EDGE_CURVE('',#1841,#1837,#1157,.T.);
#2297=EDGE_CURVE('',#1865,#1865,#256,.T.);
#2298=EDGE_CURVE('',#1865,#1866,#1158,.T.);
#2299=EDGE_CURVE('',#1866,#1866,#257,.T.);
#2300=EDGE_CURVE('',#1867,#1867,#258,.T.);
#2301=EDGE_CURVE('',#1867,#1868,#1159,.T.);
#2302=EDGE_CURVE('',#1868,#1868,#259,.T.);
#2303=EDGE_CURVE('',#1869,#1869,#260,.T.);
#2304=EDGE_CURVE('',#1869,#1870,#1160,.T.);
#2305=EDGE_CURVE('',#1870,#1870,#261,.T.);
#2306=EDGE_CURVE('',#1871,#1871,#262,.T.);
#2307=EDGE_CURVE('',#1871,#1872,#1161,.T.);
#2308=EDGE_CURVE('',#1872,#1872,#263,.T.);
#2309=EDGE_CURVE('',#1873,#1873,#264,.T.);
#2310=EDGE_CURVE('',#1873,#1874,#1162,.T.);
#2311=EDGE_CURVE('',#1874,#1874,#265,.T.);
#2312=EDGE_CURVE('',#1875,#1875,#266,.T.);
#2313=EDGE_CURVE('',#1875,#1876,#1163,.T.);
#2314=EDGE_CURVE('',#1876,#1876,#267,.T.);
#2315=EDGE_CURVE('',#1877,#1877,#268,.T.);
#2316=EDGE_CURVE('',#1877,#1878,#1164,.T.);
#2317=EDGE_CURVE('',#1878,#1878,#269,.T.);
#2318=EDGE_CURVE('',#1879,#1879,#270,.T.);
#2319=EDGE_CURVE('',#1879,#1880,#1165,.T.);
#2320=EDGE_CURVE('',#1880,#1880,#271,.T.);
#2321=EDGE_CURVE('',#1881,#1881,#272,.T.);
#2322=EDGE_CURVE('',#1881,#1882,#1166,.T.);
#2323=EDGE_CURVE('',#1882,#1882,#273,.T.);
#2324=EDGE_CURVE('',#1883,#1883,#274,.T.);
#2325=EDGE_CURVE('',#1883,#1884,#1167,.T.);
#2326=EDGE_CURVE('',#1884,#1884,#275,.T.);
#2327=EDGE_CURVE('',#1885,#1885,#276,.T.);
#2328=EDGE_CURVE('',#1885,#1886,#1168,.T.);
#2329=EDGE_CURVE('',#1886,#1886,#277,.T.);
#2330=EDGE_CURVE('',#1887,#1888,#1169,.T.);
#2331=EDGE_CURVE('',#1887,#1889,#1170,.T.);
#2332=EDGE_CURVE('',#1890,#1889,#1171,.T.);
#2333=EDGE_CURVE('',#1888,#1890,#1172,.T.);
#2334=EDGE_CURVE('',#1891,#1888,#278,.T.);
#2335=EDGE_CURVE('',#1892,#1890,#279,.T.);
#2336=EDGE_CURVE('',#1891,#1892,#1173,.T.);
#2337=EDGE_CURVE('',#1893,#1891,#1174,.T.);
#2338=EDGE_CURVE('',#1894,#1892,#1175,.T.);
#2339=EDGE_CURVE('',#1893,#1894,#1176,.T.);
#2340=EDGE_CURVE('',#1895,#1893,#280,.T.);
#2341=EDGE_CURVE('',#1896,#1894,#281,.T.);
#2342=EDGE_CURVE('',#1895,#1896,#1177,.T.);
#2343=EDGE_CURVE('',#1895,#1897,#1178,.T.);
#2344=EDGE_CURVE('',#1898,#1896,#1179,.T.);
#2345=EDGE_CURVE('',#1897,#1898,#1180,.T.);
#2346=EDGE_CURVE('',#1899,#1897,#282,.T.);
#2347=EDGE_CURVE('',#1900,#1898,#283,.T.);
#2348=EDGE_CURVE('',#1899,#1900,#1181,.T.);
#2349=EDGE_CURVE('',#1901,#1899,#1182,.T.);
#2350=EDGE_CURVE('',#1902,#1900,#1183,.T.);
#2351=EDGE_CURVE('',#1901,#1902,#1184,.T.);
#2352=EDGE_CURVE('',#1887,#1901,#284,.T.);
#2353=EDGE_CURVE('',#1889,#1902,#285,.T.);
#2354=EDGE_CURVE('',#1903,#1903,#286,.T.);
#2355=EDGE_CURVE('',#1903,#1904,#1185,.T.);
#2356=EDGE_CURVE('',#1904,#1904,#287,.T.);
#2357=EDGE_CURVE('',#1905,#1906,#1186,.T.);
#2358=EDGE_CURVE('',#1907,#1906,#1187,.T.);
#2359=EDGE_CURVE('',#1908,#1907,#1188,.T.);
#2360=EDGE_CURVE('',#1908,#1905,#1189,.T.);
#2361=EDGE_CURVE('',#1909,#1909,#288,.T.);
#2362=EDGE_CURVE('',#1910,#1911,#1190,.T.);
#2363=EDGE_CURVE('',#1906,#1910,#1191,.T.);
#2364=EDGE_CURVE('',#1911,#1905,#1192,.T.);
#2365=EDGE_CURVE('',#1910,#1912,#1193,.T.);
#2366=EDGE_CURVE('',#1913,#1912,#1194,.T.);
#2367=EDGE_CURVE('',#1913,#1914,#1195,.T.);
#2368=EDGE_CURVE('',#1915,#1914,#1196,.T.);
#2369=EDGE_CURVE('',#1915,#1907,#289,.T.);
#2370=EDGE_CURVE('',#1916,#1916,#290,.T.);
#2371=EDGE_CURVE('',#1917,#1917,#291,.T.);
#2372=EDGE_CURVE('',#1918,#1918,#292,.T.);
#2373=EDGE_CURVE('',#1919,#1911,#1197,.T.);
#2374=EDGE_CURVE('',#1919,#1912,#1198,.T.);
#2375=EDGE_CURVE('',#1920,#1920,#293,.T.);
#2376=EDGE_CURVE('',#1921,#1919,#1199,.T.);
#2377=EDGE_CURVE('',#1913,#1921,#1200,.T.);
#2378=EDGE_CURVE('',#1922,#1921,#1201,.T.);
#2379=EDGE_CURVE('',#1914,#1922,#1202,.T.);
#2380=EDGE_CURVE('',#1922,#1923,#1203,.T.);
#2381=EDGE_CURVE('',#1915,#1923,#1204,.T.);
#2382=EDGE_CURVE('',#1923,#1908,#294,.T.);
#2383=EDGE_CURVE('',#1924,#1924,#295,.T.);
#2384=EDGE_CURVE('',#1925,#1925,#296,.T.);
#2385=EDGE_CURVE('',#1920,#1909,#1205,.T.);
#2386=EDGE_CURVE('',#1926,#1926,#297,.T.);
#2387=EDGE_CURVE('',#1926,#1927,#1206,.T.);
#2388=EDGE_CURVE('',#1927,#1927,#298,.T.);
#2389=EDGE_CURVE('',#1927,#1928,#1207,.T.);
#2390=EDGE_CURVE('',#1928,#1928,#299,.T.);
#2391=EDGE_CURVE('',#1929,#1929,#300,.T.);
#2392=EDGE_CURVE('',#1929,#1916,#1208,.T.);
#2393=EDGE_CURVE('',#1917,#1930,#1209,.T.);
#2394=EDGE_CURVE('',#1930,#1930,#301,.T.);
#2395=EDGE_CURVE('',#1931,#1931,#302,.T.);
#2396=EDGE_CURVE('',#1918,#1932,#1210,.T.);
#2397=EDGE_CURVE('',#1932,#1932,#303,.T.);
#2398=EDGE_CURVE('',#1933,#1933,#304,.T.);
#2399=EDGE_CURVE('',#1933,#1925,#1211,.T.);
#2400=EDGE_CURVE('',#1931,#1924,#1212,.T.);
#2401=EDGE_CURVE('',#1934,#1935,#1213,.T.);
#2402=EDGE_CURVE('',#1935,#1936,#305,.T.);
#2403=EDGE_CURVE('',#1936,#1937,#1214,.T.);
#2404=EDGE_CURVE('',#1937,#1938,#306,.T.);
#2405=EDGE_CURVE('',#1938,#1939,#1215,.T.);
#2406=EDGE_CURVE('',#1939,#1940,#307,.T.);
#2407=EDGE_CURVE('',#1940,#1941,#1216,.T.);
#2408=EDGE_CURVE('',#1941,#1934,#308,.T.);
#2409=EDGE_CURVE('',#1942,#1942,#309,.T.);
#2410=EDGE_CURVE('',#1943,#1943,#310,.T.);
#2411=EDGE_CURVE('',#1944,#1944,#311,.T.);
#2412=EDGE_CURVE('',#1945,#1945,#312,.T.);
#2413=EDGE_CURVE('',#1946,#1946,#313,.T.);
#2414=EDGE_CURVE('',#1947,#1947,#314,.T.);
#2415=EDGE_CURVE('',#1948,#1948,#315,.T.);
#2416=EDGE_CURVE('',#1949,#1949,#316,.T.);
#2417=EDGE_CURVE('',#1950,#1950,#317,.T.);
#2418=EDGE_CURVE('',#1951,#1951,#318,.T.);
#2419=EDGE_CURVE('',#1952,#1952,#319,.T.);
#2420=EDGE_CURVE('',#1953,#1953,#320,.T.);
#2421=EDGE_CURVE('',#1953,#1952,#1217,.T.);
#2422=EDGE_CURVE('',#1954,#1954,#321,.T.);
#2423=EDGE_CURVE('',#1954,#1951,#1218,.T.);
#2424=EDGE_CURVE('',#1955,#1955,#322,.T.);
#2425=EDGE_CURVE('',#1955,#1950,#1219,.T.);
#2426=EDGE_CURVE('',#1956,#1956,#323,.T.);
#2427=EDGE_CURVE('',#1956,#1949,#1220,.T.);
#2428=EDGE_CURVE('',#1957,#1957,#324,.T.);
#2429=EDGE_CURVE('',#1957,#1948,#1221,.T.);
#2430=EDGE_CURVE('',#1958,#1958,#325,.T.);
#2431=EDGE_CURVE('',#1958,#1947,#1222,.T.);
#2432=EDGE_CURVE('',#1959,#1959,#326,.T.);
#2433=EDGE_CURVE('',#1959,#1946,#1223,.T.);
#2434=EDGE_CURVE('',#1960,#1961,#1224,.T.);
#2435=EDGE_CURVE('',#1960,#1962,#1225,.T.);
#2436=EDGE_CURVE('',#1963,#1962,#1226,.T.);
#2437=EDGE_CURVE('',#1961,#1963,#1227,.T.);
#2438=EDGE_CURVE('',#1964,#1960,#1228,.T.);
#2439=EDGE_CURVE('',#1964,#1965,#1229,.T.);
#2440=EDGE_CURVE('',#1962,#1965,#1230,.T.);
#2441=EDGE_CURVE('',#1961,#1966,#1231,.T.);
#2442=EDGE_CURVE('',#1967,#1963,#1232,.T.);
#2443=EDGE_CURVE('',#1966,#1967,#1233,.T.);
#2444=EDGE_CURVE('',#1966,#1964,#1234,.T.);
#2445=EDGE_CURVE('',#1965,#1967,#1235,.T.);
#2446=EDGE_CURVE('',#1968,#1968,#327,.T.);
#2447=EDGE_CURVE('',#1968,#1942,#1236,.T.);
#2448=EDGE_CURVE('',#1969,#1969,#328,.T.);
#2449=EDGE_CURVE('',#1969,#1943,#1237,.T.);
#2450=EDGE_CURVE('',#1970,#1970,#329,.T.);
#2451=EDGE_CURVE('',#1970,#1944,#1238,.T.);
#2452=EDGE_CURVE('',#1971,#1971,#330,.T.);
#2453=EDGE_CURVE('',#1971,#1945,#1239,.T.);
#2454=EDGE_CURVE('',#1935,#1972,#1240,.T.);
#2455=EDGE_CURVE('',#1973,#1972,#331,.T.);
#2456=EDGE_CURVE('',#1936,#1973,#1241,.T.);
#2457=EDGE_CURVE('',#1974,#1973,#1242,.T.);
#2458=EDGE_CURVE('',#1937,#1974,#1243,.T.);
#2459=EDGE_CURVE('',#1975,#1974,#332,.T.);
#2460=EDGE_CURVE('',#1938,#1975,#1244,.T.);
#2461=EDGE_CURVE('',#1976,#1975,#1245,.T.);
#2462=EDGE_CURVE('',#1939,#1976,#1246,.T.);
#2463=EDGE_CURVE('',#1977,#1976,#333,.T.);
#2464=EDGE_CURVE('',#1940,#1977,#1247,.T.);
#2465=EDGE_CURVE('',#1978,#1977,#1248,.T.);
#2466=EDGE_CURVE('',#1941,#1978,#1249,.T.);
#2467=EDGE_CURVE('',#1979,#1978,#334,.T.);
#2468=EDGE_CURVE('',#1934,#1979,#1250,.T.);
#2469=EDGE_CURVE('',#1972,#1979,#1251,.T.);
#2470=EDGE_CURVE('',#1980,#1981,#1252,.T.);
#2471=EDGE_CURVE('',#1981,#1982,#1253,.T.);
#2472=EDGE_CURVE('',#1982,#1983,#1254,.T.);
#2473=EDGE_CURVE('',#1983,#1980,#1255,.T.);
#2474=EDGE_CURVE('',#1984,#1985,#335,.F.);
#2475=EDGE_CURVE('',#1984,#1986,#1256,.T.);
#2476=EDGE_CURVE('',#1986,#1987,#336,.T.);
#2477=EDGE_CURVE('',#1985,#1987,#1257,.T.);
#2478=EDGE_CURVE('',#1988,#1989,#337,.F.);
#2479=EDGE_CURVE('',#1988,#1990,#1258,.T.);
#2480=EDGE_CURVE('',#1990,#1991,#338,.T.);
#2481=EDGE_CURVE('',#1991,#1989,#1259,.T.);
#2482=EDGE_CURVE('',#1988,#1980,#1260,.T.);
#2483=EDGE_CURVE('',#1990,#1983,#1261,.T.);
#2484=EDGE_CURVE('',#1984,#1982,#1262,.T.);
#2485=EDGE_CURVE('',#1986,#1981,#1263,.T.);
#2486=EDGE_CURVE('',#1992,#1993,#339,.T.);
#2487=EDGE_CURVE('',#1993,#1994,#1264,.T.);
#2488=EDGE_CURVE('',#1994,#1995,#340,.T.);
#2489=EDGE_CURVE('',#1995,#1992,#1265,.T.);
#2490=EDGE_CURVE('',#1992,#1985,#1266,.T.);
#2491=EDGE_CURVE('',#1996,#1987,#1267,.T.);
#2492=EDGE_CURVE('',#1997,#1996,#341,.T.);
#2493=EDGE_CURVE('',#1993,#1997,#1268,.T.);
#2494=EDGE_CURVE('',#1998,#1998,#342,.T.);
#2495=EDGE_CURVE('',#1999,#1999,#343,.T.);
#2496=EDGE_CURVE('',#2000,#1995,#1269,.T.);
#2497=EDGE_CURVE('',#2001,#2000,#1270,.T.);
#2498=EDGE_CURVE('',#2001,#2002,#1271,.T.);
#2499=EDGE_CURVE('',#2003,#2002,#1272,.T.);
#2500=EDGE_CURVE('',#2004,#2003,#1273,.T.);
#2501=EDGE_CURVE('',#2005,#2004,#1274,.T.);
#2502=EDGE_CURVE('',#2005,#2006,#1275,.T.);
#2503=EDGE_CURVE('',#2007,#2006,#1276,.T.);
#2504=EDGE_CURVE('',#2007,#1991,#1277,.T.);
#2505=EDGE_CURVE('',#2008,#2007,#344,.T.);
#2506=EDGE_CURVE('',#2006,#2009,#345,.T.);
#2507=EDGE_CURVE('',#2009,#2008,#1278,.T.);
#2508=EDGE_CURVE('',#2010,#2005,#346,.T.);
#2509=EDGE_CURVE('',#2011,#2010,#1279,.T.);
#2510=EDGE_CURVE('',#2012,#2011,#347,.T.);
#2511=EDGE_CURVE('',#2013,#2012,#1280,.T.);
#2512=EDGE_CURVE('',#2014,#2013,#348,.T.);
#2513=EDGE_CURVE('',#2009,#2014,#1281,.T.);
#2514=EDGE_CURVE('',#2015,#2015,#349,.T.);
#2515=EDGE_CURVE('',#2016,#2016,#350,.T.);
#2516=EDGE_CURVE('',#2000,#2017,#351,.T.);
#2517=EDGE_CURVE('',#2017,#2018,#1282,.T.);
#2518=EDGE_CURVE('',#2018,#2001,#352,.F.);
#2519=EDGE_CURVE('',#1994,#2019,#1283,.T.);
#2520=EDGE_CURVE('',#2020,#2019,#353,.T.);
#2521=EDGE_CURVE('',#2020,#2021,#1284,.T.);
#2522=EDGE_CURVE('',#2022,#2021,#354,.T.);
#2523=EDGE_CURVE('',#2022,#2017,#1285,.T.);
#2524=EDGE_CURVE('',#2023,#2023,#355,.T.);
#2525=EDGE_CURVE('',#2024,#2024,#356,.T.);
#2526=EDGE_CURVE('',#2004,#2025,#357,.F.);
#2527=EDGE_CURVE('',#2025,#2010,#1286,.T.);
#2528=EDGE_CURVE('',#2026,#2027,#358,.T.);
#2529=EDGE_CURVE('',#2027,#2014,#1287,.T.);
#2530=EDGE_CURVE('',#2013,#2026,#1288,.T.);
#2531=EDGE_CURVE('',#2008,#2027,#1289,.T.);
#2532=EDGE_CURVE('',#1996,#2020,#1290,.T.);
#2533=EDGE_CURVE('',#2019,#1997,#1291,.T.);
#2534=EDGE_CURVE('',#2021,#2028,#1292,.T.);
#2535=EDGE_CURVE('',#2028,#2029,#359,.F.);
#2536=EDGE_CURVE('',#2029,#2022,#1293,.T.);
#2537=EDGE_CURVE('',#2018,#2029,#1294,.T.);
#2538=EDGE_CURVE('',#2011,#2030,#1295,.T.);
#2539=EDGE_CURVE('',#2030,#2031,#360,.F.);
#2540=EDGE_CURVE('',#2031,#2012,#1296,.T.);
#2541=EDGE_CURVE('',#2031,#2032,#1297,.T.);
#2542=EDGE_CURVE('',#2032,#2033,#1298,.T.);
#2543=EDGE_CURVE('',#2028,#2033,#1299,.T.);
#2544=EDGE_CURVE('',#2026,#1989,#1300,.T.);
#2545=EDGE_CURVE('',#2002,#2033,#1301,.T.);
#2546=EDGE_CURVE('',#1999,#2023,#1302,.T.);
#2547=EDGE_CURVE('',#1998,#2024,#1303,.T.);
#2548=EDGE_CURVE('',#2003,#2032,#1304,.T.);
#2549=EDGE_CURVE('',#2025,#2030,#1305,.T.);
#2550=EDGE_CURVE('',#2034,#2034,#361,.T.);
#2551=EDGE_CURVE('',#2034,#2015,#1306,.T.);
#2552=EDGE_CURVE('',#2035,#2035,#362,.T.);
#2553=EDGE_CURVE('',#2035,#2016,#1307,.T.);
#2554=EDGE_CURVE('',#2036,#2036,#363,.T.);
#2555=EDGE_CURVE('',#2036,#2037,#1308,.T.);
#2556=EDGE_CURVE('',#2037,#2037,#364,.T.);
#2557=EDGE_CURVE('',#2038,#2038,#365,.T.);
#2558=EDGE_CURVE('',#2038,#2039,#1309,.T.);
#2559=EDGE_CURVE('',#2039,#2039,#366,.T.);
#2560=EDGE_CURVE('',#2040,#2040,#367,.T.);
#2561=EDGE_CURVE('',#2040,#2041,#1310,.T.);
#2562=EDGE_CURVE('',#2041,#2041,#368,.T.);
#2563=EDGE_CURVE('',#2042,#2043,#369,.T.);
#2564=EDGE_CURVE('',#2043,#2044,#1311,.T.);
#2565=EDGE_CURVE('',#2045,#2044,#370,.T.);
#2566=EDGE_CURVE('',#2042,#2045,#1312,.T.);
#2567=EDGE_CURVE('',#2046,#2042,#1313,.T.);
#2568=EDGE_CURVE('',#2047,#2045,#1314,.T.);
#2569=EDGE_CURVE('',#2046,#2047,#1315,.T.);
#2570=EDGE_CURVE('',#2048,#2046,#371,.T.);
#2571=EDGE_CURVE('',#2049,#2047,#372,.T.);
#2572=EDGE_CURVE('',#2048,#2049,#1316,.T.);
#2573=EDGE_CURVE('',#2050,#2048,#1317,.T.);
#2574=EDGE_CURVE('',#2051,#2049,#1318,.T.);
#2575=EDGE_CURVE('',#2050,#2051,#1319,.T.);
#2576=EDGE_CURVE('',#2052,#2050,#373,.T.);
#2577=EDGE_CURVE('',#2053,#2051,#374,.T.);
#2578=EDGE_CURVE('',#2052,#2053,#1320,.T.);
#2579=EDGE_CURVE('',#2054,#2052,#1321,.T.);
#2580=EDGE_CURVE('',#2055,#2053,#1322,.T.);
#2581=EDGE_CURVE('',#2054,#2055,#1323,.T.);
#2582=EDGE_CURVE('',#2056,#2054,#375,.T.);
#2583=EDGE_CURVE('',#2057,#2055,#376,.T.);
#2584=EDGE_CURVE('',#2056,#2057,#1324,.T.);
#2585=EDGE_CURVE('',#2058,#2056,#1325,.T.);
#2586=EDGE_CURVE('',#2059,#2057,#1326,.T.);
#2587=EDGE_CURVE('',#2058,#2059,#1327,.T.);
#2588=EDGE_CURVE('',#2060,#2058,#377,.T.);
#2589=EDGE_CURVE('',#2061,#2059,#378,.T.);
#2590=EDGE_CURVE('',#2060,#2061,#1328,.T.);
#2591=EDGE_CURVE('',#2062,#2060,#1329,.T.);
#2592=EDGE_CURVE('',#2063,#2061,#1330,.T.);
#2593=EDGE_CURVE('',#2062,#2063,#1331,.T.);
#2594=EDGE_CURVE('',#2064,#2062,#379,.T.);
#2595=EDGE_CURVE('',#2065,#2063,#380,.T.);
#2596=EDGE_CURVE('',#2064,#2065,#1332,.T.);
#2597=EDGE_CURVE('',#2043,#2064,#1333,.T.);
#2598=EDGE_CURVE('',#2044,#2065,#1334,.T.);
#2599=EDGE_CURVE('',#2066,#2066,#381,.T.);
#2600=EDGE_CURVE('',#2066,#2067,#1335,.T.);
#2601=EDGE_CURVE('',#2067,#2067,#382,.T.);
#2602=EDGE_CURVE('',#2068,#2069,#1336,.T.);
#2603=EDGE_CURVE('',#2068,#2070,#1337,.T.);
#2604=EDGE_CURVE('',#2071,#2070,#1338,.T.);
#2605=EDGE_CURVE('',#2069,#2071,#1339,.T.);
#2606=EDGE_CURVE('',#2072,#2069,#383,.T.);
#2607=EDGE_CURVE('',#2073,#2071,#384,.T.);
#2608=EDGE_CURVE('',#2072,#2073,#1340,.T.);
#2609=EDGE_CURVE('',#2074,#2072,#1341,.T.);
#2610=EDGE_CURVE('',#2075,#2073,#1342,.T.);
#2611=EDGE_CURVE('',#2074,#2075,#1343,.T.);
#2612=EDGE_CURVE('',#2076,#2074,#385,.T.);
#2613=EDGE_CURVE('',#2077,#2075,#386,.T.);
#2614=EDGE_CURVE('',#2076,#2077,#1344,.T.);
#2615=EDGE_CURVE('',#2078,#2076,#1345,.T.);
#2616=EDGE_CURVE('',#2079,#2077,#1346,.T.);
#2617=EDGE_CURVE('',#2078,#2079,#1347,.T.);
#2618=EDGE_CURVE('',#2080,#2078,#387,.T.);
#2619=EDGE_CURVE('',#2081,#2079,#388,.T.);
#2620=EDGE_CURVE('',#2080,#2081,#1348,.T.);
#2621=EDGE_CURVE('',#2082,#2080,#1349,.T.);
#2622=EDGE_CURVE('',#2083,#2081,#1350,.T.);
#2623=EDGE_CURVE('',#2082,#2083,#1351,.T.);
#2624=EDGE_CURVE('',#2068,#2082,#389,.T.);
#2625=EDGE_CURVE('',#2070,#2083,#390,.T.);
#2626=ORIENTED_EDGE('',*,*,#2084,.F.);
#2627=ORIENTED_EDGE('',*,*,#2085,.T.);
#2628=ORIENTED_EDGE('',*,*,#2086,.F.);
#2629=ORIENTED_EDGE('',*,*,#2087,.F.);
#2630=ORIENTED_EDGE('',*,*,#2088,.F.);
#2631=ORIENTED_EDGE('',*,*,#2087,.T.);
#2632=ORIENTED_EDGE('',*,*,#2089,.F.);
#2633=ORIENTED_EDGE('',*,*,#2090,.F.);
#2634=ORIENTED_EDGE('',*,*,#2091,.F.);
#2635=ORIENTED_EDGE('',*,*,#2090,.T.);
#2636=ORIENTED_EDGE('',*,*,#2092,.F.);
#2637=ORIENTED_EDGE('',*,*,#2093,.F.);
#2638=ORIENTED_EDGE('',*,*,#2094,.F.);
#2639=ORIENTED_EDGE('',*,*,#2093,.T.);
#2640=ORIENTED_EDGE('',*,*,#2095,.F.);
#2641=ORIENTED_EDGE('',*,*,#2085,.F.);
#2642=ORIENTED_EDGE('',*,*,#2095,.T.);
#2643=ORIENTED_EDGE('',*,*,#2092,.T.);
#2644=ORIENTED_EDGE('',*,*,#2089,.T.);
#2645=ORIENTED_EDGE('',*,*,#2086,.T.);
#2646=ORIENTED_EDGE('',*,*,#2096,.F.);
#2647=ORIENTED_EDGE('',*,*,#2097,.T.);
#2648=ORIENTED_EDGE('',*,*,#2098,.F.);
#2649=ORIENTED_EDGE('',*,*,#2097,.F.);
#2650=ORIENTED_EDGE('',*,*,#2096,.T.);
#2651=ORIENTED_EDGE('',*,*,#2099,.F.);
#2652=ORIENTED_EDGE('',*,*,#2100,.T.);
#2653=ORIENTED_EDGE('',*,*,#2101,.F.);
#2654=ORIENTED_EDGE('',*,*,#2102,.F.);
#2655=ORIENTED_EDGE('',*,*,#2103,.F.);
#2656=ORIENTED_EDGE('',*,*,#2104,.F.);
#2657=ORIENTED_EDGE('',*,*,#2105,.T.);
#2658=ORIENTED_EDGE('',*,*,#2106,.F.);
#2659=ORIENTED_EDGE('',*,*,#2107,.F.);
#2660=ORIENTED_EDGE('',*,*,#2106,.T.);
#2661=ORIENTED_EDGE('',*,*,#2108,.T.);
#2662=ORIENTED_EDGE('',*,*,#2101,.T.);
#2663=ORIENTED_EDGE('',*,*,#2109,.T.);
#2664=ORIENTED_EDGE('',*,*,#2098,.T.);
#2665=ORIENTED_EDGE('',*,*,#2103,.T.);
#2666=ORIENTED_EDGE('',*,*,#2110,.T.);
#2667=ORIENTED_EDGE('',*,*,#2111,.T.);
#2668=ORIENTED_EDGE('',*,*,#2099,.T.);
#2669=ORIENTED_EDGE('',*,*,#2112,.T.);
#2670=ORIENTED_EDGE('',*,*,#2113,.T.);
#2671=ORIENTED_EDGE('',*,*,#2114,.T.);
#2672=ORIENTED_EDGE('',*,*,#2104,.T.);
#2673=ORIENTED_EDGE('',*,*,#2115,.T.);
#2674=ORIENTED_EDGE('',*,*,#2116,.T.);
#2675=ORIENTED_EDGE('',*,*,#2117,.F.);
#2676=ORIENTED_EDGE('',*,*,#2118,.T.);
#2677=ORIENTED_EDGE('',*,*,#2115,.F.);
#2678=ORIENTED_EDGE('',*,*,#2111,.F.);
#2679=ORIENTED_EDGE('',*,*,#2119,.F.);
#2680=ORIENTED_EDGE('',*,*,#2120,.F.);
#2681=ORIENTED_EDGE('',*,*,#2121,.T.);
#2682=ORIENTED_EDGE('',*,*,#2113,.F.);
#2683=ORIENTED_EDGE('',*,*,#2122,.F.);
#2684=ORIENTED_EDGE('',*,*,#2123,.F.);
#2685=ORIENTED_EDGE('',*,*,#2124,.T.);
#2686=ORIENTED_EDGE('',*,*,#2125,.F.);
#2687=ORIENTED_EDGE('',*,*,#2126,.F.);
#2688=ORIENTED_EDGE('',*,*,#2127,.F.);
#2689=ORIENTED_EDGE('',*,*,#2128,.T.);
#2690=ORIENTED_EDGE('',*,*,#2129,.F.);
#2691=ORIENTED_EDGE('',*,*,#2130,.F.);
#2692=ORIENTED_EDGE('',*,*,#2084,.T.);
#2693=ORIENTED_EDGE('',*,*,#2088,.T.);
#2694=ORIENTED_EDGE('',*,*,#2091,.T.);
#2695=ORIENTED_EDGE('',*,*,#2094,.T.);
#2696=ORIENTED_EDGE('',*,*,#2129,.T.);
#2697=ORIENTED_EDGE('',*,*,#2131,.T.);
#2698=ORIENTED_EDGE('',*,*,#2125,.T.);
#2699=ORIENTED_EDGE('',*,*,#2132,.T.);
#2700=ORIENTED_EDGE('',*,*,#2133,.T.);
#2701=ORIENTED_EDGE('',*,*,#2134,.T.);
#2702=ORIENTED_EDGE('',*,*,#2135,.T.);
#2703=ORIENTED_EDGE('',*,*,#2136,.T.);
#2704=ORIENTED_EDGE('',*,*,#2137,.T.);
#2705=ORIENTED_EDGE('',*,*,#2138,.F.);
#2706=ORIENTED_EDGE('',*,*,#2139,.T.);
#2707=ORIENTED_EDGE('',*,*,#2117,.T.);
#2708=ORIENTED_EDGE('',*,*,#2140,.T.);
#2709=ORIENTED_EDGE('',*,*,#2141,.F.);
#2710=ORIENTED_EDGE('',*,*,#2142,.T.);
#2711=ORIENTED_EDGE('',*,*,#2143,.F.);
#2712=ORIENTED_EDGE('',*,*,#2144,.F.);
#2713=ORIENTED_EDGE('',*,*,#2123,.T.);
#2714=ORIENTED_EDGE('',*,*,#2145,.F.);
#2715=ORIENTED_EDGE('',*,*,#2146,.F.);
#2716=ORIENTED_EDGE('',*,*,#2147,.T.);
#2717=ORIENTED_EDGE('',*,*,#2148,.T.);
#2718=ORIENTED_EDGE('',*,*,#2149,.T.);
#2719=ORIENTED_EDGE('',*,*,#2150,.T.);
#2720=ORIENTED_EDGE('',*,*,#2151,.F.);
#2721=ORIENTED_EDGE('',*,*,#2147,.F.);
#2722=ORIENTED_EDGE('',*,*,#2152,.F.);
#2723=ORIENTED_EDGE('',*,*,#2137,.F.);
#2724=ORIENTED_EDGE('',*,*,#2153,.F.);
#2725=ORIENTED_EDGE('',*,*,#2149,.F.);
#2726=ORIENTED_EDGE('',*,*,#2154,.F.);
#2727=ORIENTED_EDGE('',*,*,#2135,.F.);
#2728=ORIENTED_EDGE('',*,*,#2155,.F.);
#2729=ORIENTED_EDGE('',*,*,#2133,.F.);
#2730=ORIENTED_EDGE('',*,*,#2156,.F.);
#2731=ORIENTED_EDGE('',*,*,#2142,.F.);
#2732=ORIENTED_EDGE('',*,*,#2155,.T.);
#2733=ORIENTED_EDGE('',*,*,#2150,.F.);
#2734=ORIENTED_EDGE('',*,*,#2153,.T.);
#2735=ORIENTED_EDGE('',*,*,#2134,.F.);
#2736=ORIENTED_EDGE('',*,*,#2152,.T.);
#2737=ORIENTED_EDGE('',*,*,#2146,.T.);
#2738=ORIENTED_EDGE('',*,*,#2157,.T.);
#2739=ORIENTED_EDGE('',*,*,#2138,.T.);
#2740=ORIENTED_EDGE('',*,*,#2156,.T.);
#2741=ORIENTED_EDGE('',*,*,#2141,.T.);
#2742=ORIENTED_EDGE('',*,*,#2158,.T.);
#2743=ORIENTED_EDGE('',*,*,#2143,.T.);
#2744=ORIENTED_EDGE('',*,*,#2158,.F.);
#2745=ORIENTED_EDGE('',*,*,#2140,.F.);
#2746=ORIENTED_EDGE('',*,*,#2119,.T.);
#2747=ORIENTED_EDGE('',*,*,#2110,.F.);
#2748=ORIENTED_EDGE('',*,*,#2107,.T.);
#2749=ORIENTED_EDGE('',*,*,#2109,.F.);
#2750=ORIENTED_EDGE('',*,*,#2100,.F.);
#2751=ORIENTED_EDGE('',*,*,#2114,.F.);
#2752=ORIENTED_EDGE('',*,*,#2121,.F.);
#2753=ORIENTED_EDGE('',*,*,#2159,.F.);
#2754=ORIENTED_EDGE('',*,*,#2160,.F.);
#2755=ORIENTED_EDGE('',*,*,#2161,.F.);
#2756=ORIENTED_EDGE('',*,*,#2130,.T.);
#2757=ORIENTED_EDGE('',*,*,#2132,.F.);
#2758=ORIENTED_EDGE('',*,*,#2124,.F.);
#2759=ORIENTED_EDGE('',*,*,#2144,.T.);
#2760=ORIENTED_EDGE('',*,*,#2151,.T.);
#2761=ORIENTED_EDGE('',*,*,#2136,.F.);
#2762=ORIENTED_EDGE('',*,*,#2154,.T.);
#2763=ORIENTED_EDGE('',*,*,#2148,.F.);
#2764=ORIENTED_EDGE('',*,*,#2162,.T.);
#2765=ORIENTED_EDGE('',*,*,#2163,.T.);
#2766=ORIENTED_EDGE('',*,*,#2164,.T.);
#2767=ORIENTED_EDGE('',*,*,#2165,.T.);
#2768=ORIENTED_EDGE('',*,*,#2166,.T.);
#2769=ORIENTED_EDGE('',*,*,#2167,.F.);
#2770=ORIENTED_EDGE('',*,*,#2159,.T.);
#2771=ORIENTED_EDGE('',*,*,#2120,.T.);
#2772=ORIENTED_EDGE('',*,*,#2168,.T.);
#2773=ORIENTED_EDGE('',*,*,#2169,.F.);
#2774=ORIENTED_EDGE('',*,*,#2170,.T.);
#2775=ORIENTED_EDGE('',*,*,#2171,.F.);
#2776=ORIENTED_EDGE('',*,*,#2172,.F.);
#2777=ORIENTED_EDGE('',*,*,#2127,.T.);
#2778=ORIENTED_EDGE('',*,*,#2161,.T.);
#2779=ORIENTED_EDGE('',*,*,#2173,.F.);
#2780=ORIENTED_EDGE('',*,*,#2174,.T.);
#2781=ORIENTED_EDGE('',*,*,#2175,.T.);
#2782=ORIENTED_EDGE('',*,*,#2176,.T.);
#2783=ORIENTED_EDGE('',*,*,#2177,.T.);
#2784=ORIENTED_EDGE('',*,*,#2178,.F.);
#2785=ORIENTED_EDGE('',*,*,#2174,.F.);
#2786=ORIENTED_EDGE('',*,*,#2179,.F.);
#2787=ORIENTED_EDGE('',*,*,#2166,.F.);
#2788=ORIENTED_EDGE('',*,*,#2180,.F.);
#2789=ORIENTED_EDGE('',*,*,#2176,.F.);
#2790=ORIENTED_EDGE('',*,*,#2181,.F.);
#2791=ORIENTED_EDGE('',*,*,#2164,.F.);
#2792=ORIENTED_EDGE('',*,*,#2182,.F.);
#2793=ORIENTED_EDGE('',*,*,#2162,.F.);
#2794=ORIENTED_EDGE('',*,*,#2183,.F.);
#2795=ORIENTED_EDGE('',*,*,#2170,.F.);
#2796=ORIENTED_EDGE('',*,*,#2182,.T.);
#2797=ORIENTED_EDGE('',*,*,#2177,.F.);
#2798=ORIENTED_EDGE('',*,*,#2180,.T.);
#2799=ORIENTED_EDGE('',*,*,#2163,.F.);
#2800=ORIENTED_EDGE('',*,*,#2183,.T.);
#2801=ORIENTED_EDGE('',*,*,#2169,.T.);
#2802=ORIENTED_EDGE('',*,*,#2184,.T.);
#2803=ORIENTED_EDGE('',*,*,#2171,.T.);
#2804=ORIENTED_EDGE('',*,*,#2179,.T.);
#2805=ORIENTED_EDGE('',*,*,#2173,.T.);
#2806=ORIENTED_EDGE('',*,*,#2160,.T.);
#2807=ORIENTED_EDGE('',*,*,#2167,.T.);
#2808=ORIENTED_EDGE('',*,*,#2178,.T.);
#2809=ORIENTED_EDGE('',*,*,#2165,.F.);
#2810=ORIENTED_EDGE('',*,*,#2181,.T.);
#2811=ORIENTED_EDGE('',*,*,#2175,.F.);
#2812=ORIENTED_EDGE('',*,*,#2184,.F.);
#2813=ORIENTED_EDGE('',*,*,#2168,.F.);
#2814=ORIENTED_EDGE('',*,*,#2122,.T.);
#2815=ORIENTED_EDGE('',*,*,#2112,.F.);
#2816=ORIENTED_EDGE('',*,*,#2102,.T.);
#2817=ORIENTED_EDGE('',*,*,#2108,.F.);
#2818=ORIENTED_EDGE('',*,*,#2105,.F.);
#2819=ORIENTED_EDGE('',*,*,#2116,.F.);
#2820=ORIENTED_EDGE('',*,*,#2118,.F.);
#2821=ORIENTED_EDGE('',*,*,#2139,.F.);
#2822=ORIENTED_EDGE('',*,*,#2157,.F.);
#2823=ORIENTED_EDGE('',*,*,#2145,.T.);
#2824=ORIENTED_EDGE('',*,*,#2126,.T.);
#2825=ORIENTED_EDGE('',*,*,#2131,.F.);
#2826=ORIENTED_EDGE('',*,*,#2128,.F.);
#2827=ORIENTED_EDGE('',*,*,#2172,.T.);
#2828=ORIENTED_EDGE('',*,*,#2185,.T.);
#2829=ORIENTED_EDGE('',*,*,#2186,.T.);
#2830=ORIENTED_EDGE('',*,*,#2187,.T.);
#2831=ORIENTED_EDGE('',*,*,#2188,.T.);
#2832=ORIENTED_EDGE('',*,*,#2188,.F.);
#2833=ORIENTED_EDGE('',*,*,#2189,.F.);
#2834=ORIENTED_EDGE('',*,*,#2190,.T.);
#2835=ORIENTED_EDGE('',*,*,#2191,.F.);
#2836=ORIENTED_EDGE('',*,*,#2187,.F.);
#2837=ORIENTED_EDGE('',*,*,#2192,.F.);
#2838=ORIENTED_EDGE('',*,*,#2193,.F.);
#2839=ORIENTED_EDGE('',*,*,#2194,.T.);
#2840=ORIENTED_EDGE('',*,*,#2195,.T.);
#2841=ORIENTED_EDGE('',*,*,#2196,.T.);
#2842=ORIENTED_EDGE('',*,*,#2197,.F.);
#2843=ORIENTED_EDGE('',*,*,#2198,.T.);
#2844=ORIENTED_EDGE('',*,*,#2199,.F.);
#2845=ORIENTED_EDGE('',*,*,#2200,.T.);
#2846=ORIENTED_EDGE('',*,*,#2201,.T.);
#2847=ORIENTED_EDGE('',*,*,#2202,.T.);
#2848=ORIENTED_EDGE('',*,*,#2203,.T.);
#2849=ORIENTED_EDGE('',*,*,#2189,.T.);
#2850=ORIENTED_EDGE('',*,*,#2204,.T.);
#2851=ORIENTED_EDGE('',*,*,#2205,.T.);
#2852=ORIENTED_EDGE('',*,*,#2193,.T.);
#2853=ORIENTED_EDGE('',*,*,#2206,.T.);
#2854=ORIENTED_EDGE('',*,*,#2207,.T.);
#2855=ORIENTED_EDGE('',*,*,#2208,.T.);
#2856=ORIENTED_EDGE('',*,*,#2208,.F.);
#2857=ORIENTED_EDGE('',*,*,#2209,.F.);
#2858=ORIENTED_EDGE('',*,*,#2210,.F.);
#2859=ORIENTED_EDGE('',*,*,#2194,.F.);
#2860=ORIENTED_EDGE('',*,*,#2204,.F.);
#2861=ORIENTED_EDGE('',*,*,#2211,.T.);
#2862=ORIENTED_EDGE('',*,*,#2212,.F.);
#2863=ORIENTED_EDGE('',*,*,#2211,.F.);
#2864=ORIENTED_EDGE('',*,*,#2203,.F.);
#2865=ORIENTED_EDGE('',*,*,#2213,.T.);
#2866=ORIENTED_EDGE('',*,*,#2214,.F.);
#2867=ORIENTED_EDGE('',*,*,#2190,.F.);
#2868=ORIENTED_EDGE('',*,*,#2202,.F.);
#2869=ORIENTED_EDGE('',*,*,#2215,.F.);
#2870=ORIENTED_EDGE('',*,*,#2216,.F.);
#2871=ORIENTED_EDGE('',*,*,#2213,.F.);
#2872=ORIENTED_EDGE('',*,*,#2205,.F.);
#2873=ORIENTED_EDGE('',*,*,#2217,.T.);
#2874=ORIENTED_EDGE('',*,*,#2218,.F.);
#2875=ORIENTED_EDGE('',*,*,#2217,.F.);
#2876=ORIENTED_EDGE('',*,*,#2196,.F.);
#2877=ORIENTED_EDGE('',*,*,#2219,.T.);
#2878=ORIENTED_EDGE('',*,*,#2220,.F.);
#2879=ORIENTED_EDGE('',*,*,#2221,.F.);
#2880=ORIENTED_EDGE('',*,*,#2195,.F.);
#2881=ORIENTED_EDGE('',*,*,#2210,.T.);
#2882=ORIENTED_EDGE('',*,*,#2222,.F.);
#2883=ORIENTED_EDGE('',*,*,#2219,.F.);
#2884=ORIENTED_EDGE('',*,*,#2221,.T.);
#2885=ORIENTED_EDGE('',*,*,#2223,.F.);
#2886=ORIENTED_EDGE('',*,*,#2224,.T.);
#2887=ORIENTED_EDGE('',*,*,#2197,.T.);
#2888=ORIENTED_EDGE('',*,*,#2185,.F.);
#2889=ORIENTED_EDGE('',*,*,#2191,.T.);
#2890=ORIENTED_EDGE('',*,*,#2214,.T.);
#2891=ORIENTED_EDGE('',*,*,#2216,.T.);
#2892=ORIENTED_EDGE('',*,*,#2225,.F.);
#2893=ORIENTED_EDGE('',*,*,#2226,.T.);
#2894=ORIENTED_EDGE('',*,*,#2227,.F.);
#2895=ORIENTED_EDGE('',*,*,#2228,.F.);
#2896=ORIENTED_EDGE('',*,*,#2223,.T.);
#2897=ORIENTED_EDGE('',*,*,#2220,.T.);
#2898=ORIENTED_EDGE('',*,*,#2222,.T.);
#2899=ORIENTED_EDGE('',*,*,#2209,.T.);
#2900=ORIENTED_EDGE('',*,*,#2207,.F.);
#2901=ORIENTED_EDGE('',*,*,#2229,.F.);
#2902=ORIENTED_EDGE('',*,*,#2218,.T.);
#2903=ORIENTED_EDGE('',*,*,#2212,.T.);
#2904=ORIENTED_EDGE('',*,*,#2226,.F.);
#2905=ORIENTED_EDGE('',*,*,#2230,.F.);
#2906=ORIENTED_EDGE('',*,*,#2200,.F.);
#2907=ORIENTED_EDGE('',*,*,#2231,.F.);
#2908=ORIENTED_EDGE('',*,*,#2215,.T.);
#2909=ORIENTED_EDGE('',*,*,#2201,.F.);
#2910=ORIENTED_EDGE('',*,*,#2230,.T.);
#2911=ORIENTED_EDGE('',*,*,#2225,.T.);
#2912=ORIENTED_EDGE('',*,*,#2228,.T.);
#2913=ORIENTED_EDGE('',*,*,#2232,.F.);
#2914=ORIENTED_EDGE('',*,*,#2198,.F.);
#2915=ORIENTED_EDGE('',*,*,#2224,.F.);
#2916=ORIENTED_EDGE('',*,*,#2186,.F.);
#2917=ORIENTED_EDGE('',*,*,#2229,.T.);
#2918=ORIENTED_EDGE('',*,*,#2206,.F.);
#2919=ORIENTED_EDGE('',*,*,#2192,.T.);
#2920=ORIENTED_EDGE('',*,*,#2233,.T.);
#2921=ORIENTED_EDGE('',*,*,#2234,.F.);
#2922=ORIENTED_EDGE('',*,*,#2235,.F.);
#2923=ORIENTED_EDGE('',*,*,#2236,.F.);
#2924=ORIENTED_EDGE('',*,*,#2237,.T.);
#2925=ORIENTED_EDGE('',*,*,#2238,.F.);
#2926=ORIENTED_EDGE('',*,*,#2239,.F.);
#2927=ORIENTED_EDGE('',*,*,#2240,.F.);
#2928=ORIENTED_EDGE('',*,*,#2199,.T.);
#2929=ORIENTED_EDGE('',*,*,#2232,.T.);
#2930=ORIENTED_EDGE('',*,*,#2227,.T.);
#2931=ORIENTED_EDGE('',*,*,#2231,.T.);
#2932=ORIENTED_EDGE('',*,*,#2234,.T.);
#2933=ORIENTED_EDGE('',*,*,#2241,.T.);
#2934=ORIENTED_EDGE('',*,*,#2240,.T.);
#2935=ORIENTED_EDGE('',*,*,#2242,.T.);
#2936=ORIENTED_EDGE('',*,*,#2243,.F.);
#2937=ORIENTED_EDGE('',*,*,#2244,.F.);
#2938=ORIENTED_EDGE('',*,*,#2235,.T.);
#2939=ORIENTED_EDGE('',*,*,#2244,.T.);
#2940=ORIENTED_EDGE('',*,*,#2245,.F.);
#2941=ORIENTED_EDGE('',*,*,#2246,.F.);
#2942=ORIENTED_EDGE('',*,*,#2238,.T.);
#2943=ORIENTED_EDGE('',*,*,#2247,.T.);
#2944=ORIENTED_EDGE('',*,*,#2236,.T.);
#2945=ORIENTED_EDGE('',*,*,#2246,.T.);
#2946=ORIENTED_EDGE('',*,*,#2248,.F.);
#2947=ORIENTED_EDGE('',*,*,#2249,.F.);
#2948=ORIENTED_EDGE('',*,*,#2239,.T.);
#2949=ORIENTED_EDGE('',*,*,#2249,.T.);
#2950=ORIENTED_EDGE('',*,*,#2250,.F.);
#2951=ORIENTED_EDGE('',*,*,#2242,.F.);
#2952=ORIENTED_EDGE('',*,*,#2250,.T.);
#2953=ORIENTED_EDGE('',*,*,#2248,.T.);
#2954=ORIENTED_EDGE('',*,*,#2245,.T.);
#2955=ORIENTED_EDGE('',*,*,#2243,.T.);
#2956=ORIENTED_EDGE('',*,*,#2237,.F.);
#2957=ORIENTED_EDGE('',*,*,#2251,.T.);
#2958=ORIENTED_EDGE('',*,*,#2252,.T.);
#2959=ORIENTED_EDGE('',*,*,#2253,.F.);
#2960=ORIENTED_EDGE('',*,*,#2247,.F.);
#2961=ORIENTED_EDGE('',*,*,#2253,.T.);
#2962=ORIENTED_EDGE('',*,*,#2254,.T.);
#2963=ORIENTED_EDGE('',*,*,#2255,.F.);
#2964=ORIENTED_EDGE('',*,*,#2233,.F.);
#2965=ORIENTED_EDGE('',*,*,#2255,.T.);
#2966=ORIENTED_EDGE('',*,*,#2256,.T.);
#2967=ORIENTED_EDGE('',*,*,#2257,.F.);
#2968=ORIENTED_EDGE('',*,*,#2241,.F.);
#2969=ORIENTED_EDGE('',*,*,#2257,.T.);
#2970=ORIENTED_EDGE('',*,*,#2258,.T.);
#2971=ORIENTED_EDGE('',*,*,#2251,.F.);
#2972=ORIENTED_EDGE('',*,*,#2259,.T.);
#2973=ORIENTED_EDGE('',*,*,#2260,.T.);
#2974=ORIENTED_EDGE('',*,*,#2261,.T.);
#2975=ORIENTED_EDGE('',*,*,#2262,.T.);
#2976=ORIENTED_EDGE('',*,*,#2263,.T.);
#2977=ORIENTED_EDGE('',*,*,#2264,.T.);
#2978=ORIENTED_EDGE('',*,*,#2265,.T.);
#2979=ORIENTED_EDGE('',*,*,#2266,.T.);
#2980=ORIENTED_EDGE('',*,*,#2267,.F.);
#2981=ORIENTED_EDGE('',*,*,#2268,.T.);
#2982=ORIENTED_EDGE('',*,*,#2269,.F.);
#2983=ORIENTED_EDGE('',*,*,#2268,.F.);
#2984=ORIENTED_EDGE('',*,*,#2270,.F.);
#2985=ORIENTED_EDGE('',*,*,#2271,.F.);
#2986=ORIENTED_EDGE('',*,*,#2272,.F.);
#2987=ORIENTED_EDGE('',*,*,#2273,.T.);
#2988=ORIENTED_EDGE('',*,*,#2274,.F.);
#2989=ORIENTED_EDGE('',*,*,#2273,.F.);
#2990=ORIENTED_EDGE('',*,*,#2275,.F.);
#2991=ORIENTED_EDGE('',*,*,#2271,.T.);
#2992=ORIENTED_EDGE('',*,*,#2276,.F.);
#2993=ORIENTED_EDGE('',*,*,#2277,.T.);
#2994=ORIENTED_EDGE('',*,*,#2278,.F.);
#2995=ORIENTED_EDGE('',*,*,#2277,.F.);
#2996=ORIENTED_EDGE('',*,*,#2279,.F.);
#2997=ORIENTED_EDGE('',*,*,#2280,.F.);
#2998=ORIENTED_EDGE('',*,*,#2281,.F.);
#2999=ORIENTED_EDGE('',*,*,#2282,.T.);
#3000=ORIENTED_EDGE('',*,*,#2283,.F.);
#3001=ORIENTED_EDGE('',*,*,#2282,.F.);
#3002=ORIENTED_EDGE('',*,*,#2284,.F.);
#3003=ORIENTED_EDGE('',*,*,#2280,.T.);
#3004=ORIENTED_EDGE('',*,*,#2285,.F.);
#3005=ORIENTED_EDGE('',*,*,#2286,.T.);
#3006=ORIENTED_EDGE('',*,*,#2263,.F.);
#3007=ORIENTED_EDGE('',*,*,#2287,.F.);
#3008=ORIENTED_EDGE('',*,*,#2285,.T.);
#3009=ORIENTED_EDGE('',*,*,#2288,.F.);
#3010=ORIENTED_EDGE('',*,*,#2289,.T.);
#3011=ORIENTED_EDGE('',*,*,#2290,.T.);
#3012=ORIENTED_EDGE('',*,*,#2289,.F.);
#3013=ORIENTED_EDGE('',*,*,#2291,.T.);
#3014=ORIENTED_EDGE('',*,*,#2261,.F.);
#3015=ORIENTED_EDGE('',*,*,#2292,.F.);
#3016=ORIENTED_EDGE('',*,*,#2293,.F.);
#3017=ORIENTED_EDGE('',*,*,#2256,.F.);
#3018=ORIENTED_EDGE('',*,*,#2294,.F.);
#3019=ORIENTED_EDGE('',*,*,#2264,.F.);
#3020=ORIENTED_EDGE('',*,*,#2286,.F.);
#3021=ORIENTED_EDGE('',*,*,#2290,.F.);
#3022=ORIENTED_EDGE('',*,*,#2292,.T.);
#3023=ORIENTED_EDGE('',*,*,#2260,.F.);
#3024=ORIENTED_EDGE('',*,*,#2269,.T.);
#3025=ORIENTED_EDGE('',*,*,#2274,.T.);
#3026=ORIENTED_EDGE('',*,*,#2270,.T.);
#3027=ORIENTED_EDGE('',*,*,#2278,.T.);
#3028=ORIENTED_EDGE('',*,*,#2283,.T.);
#3029=ORIENTED_EDGE('',*,*,#2279,.T.);
#3030=ORIENTED_EDGE('',*,*,#2294,.T.);
#3031=ORIENTED_EDGE('',*,*,#2254,.F.);
#3032=ORIENTED_EDGE('',*,*,#2295,.F.);
#3033=ORIENTED_EDGE('',*,*,#2265,.F.);
#3034=ORIENTED_EDGE('',*,*,#2288,.T.);
#3035=ORIENTED_EDGE('',*,*,#2287,.T.);
#3036=ORIENTED_EDGE('',*,*,#2266,.F.);
#3037=ORIENTED_EDGE('',*,*,#2295,.T.);
#3038=ORIENTED_EDGE('',*,*,#2252,.F.);
#3039=ORIENTED_EDGE('',*,*,#2296,.F.);
#3040=ORIENTED_EDGE('',*,*,#2262,.F.);
#3041=ORIENTED_EDGE('',*,*,#2291,.F.);
#3042=ORIENTED_EDGE('',*,*,#2267,.T.);
#3043=ORIENTED_EDGE('',*,*,#2275,.T.);
#3044=ORIENTED_EDGE('',*,*,#2272,.T.);
#3045=ORIENTED_EDGE('',*,*,#2276,.T.);
#3046=ORIENTED_EDGE('',*,*,#2284,.T.);
#3047=ORIENTED_EDGE('',*,*,#2281,.T.);
#3048=ORIENTED_EDGE('',*,*,#2296,.T.);
#3049=ORIENTED_EDGE('',*,*,#2258,.F.);
#3050=ORIENTED_EDGE('',*,*,#2293,.T.);
#3051=ORIENTED_EDGE('',*,*,#2259,.F.);
#3052=ORIENTED_EDGE('',*,*,#2297,.F.);
#3053=ORIENTED_EDGE('',*,*,#2298,.T.);
#3054=ORIENTED_EDGE('',*,*,#2299,.F.);
#3055=ORIENTED_EDGE('',*,*,#2298,.F.);
#3056=ORIENTED_EDGE('',*,*,#2300,.F.);
#3057=ORIENTED_EDGE('',*,*,#2301,.T.);
#3058=ORIENTED_EDGE('',*,*,#2302,.F.);
#3059=ORIENTED_EDGE('',*,*,#2301,.F.);
#3060=ORIENTED_EDGE('',*,*,#2297,.T.);
#3061=ORIENTED_EDGE('',*,*,#2300,.T.);
#3062=ORIENTED_EDGE('',*,*,#2303,.F.);
#3063=ORIENTED_EDGE('',*,*,#2304,.T.);
#3064=ORIENTED_EDGE('',*,*,#2305,.T.);
#3065=ORIENTED_EDGE('',*,*,#2304,.F.);
#3066=ORIENTED_EDGE('',*,*,#2302,.T.);
#3067=ORIENTED_EDGE('',*,*,#2303,.T.);
#3068=ORIENTED_EDGE('',*,*,#2306,.F.);
#3069=ORIENTED_EDGE('',*,*,#2307,.T.);
#3070=ORIENTED_EDGE('',*,*,#2308,.T.);
#3071=ORIENTED_EDGE('',*,*,#2307,.F.);
#3072=ORIENTED_EDGE('',*,*,#2309,.F.);
#3073=ORIENTED_EDGE('',*,*,#2310,.T.);
#3074=ORIENTED_EDGE('',*,*,#2311,.T.);
#3075=ORIENTED_EDGE('',*,*,#2310,.F.);
#3076=ORIENTED_EDGE('',*,*,#2312,.F.);
#3077=ORIENTED_EDGE('',*,*,#2313,.T.);
#3078=ORIENTED_EDGE('',*,*,#2314,.T.);
#3079=ORIENTED_EDGE('',*,*,#2313,.F.);
#3080=ORIENTED_EDGE('',*,*,#2315,.F.);
#3081=ORIENTED_EDGE('',*,*,#2316,.T.);
#3082=ORIENTED_EDGE('',*,*,#2317,.T.);
#3083=ORIENTED_EDGE('',*,*,#2316,.F.);
#3084=ORIENTED_EDGE('',*,*,#2318,.F.);
#3085=ORIENTED_EDGE('',*,*,#2319,.T.);
#3086=ORIENTED_EDGE('',*,*,#2320,.T.);
#3087=ORIENTED_EDGE('',*,*,#2319,.F.);
#3088=ORIENTED_EDGE('',*,*,#2321,.F.);
#3089=ORIENTED_EDGE('',*,*,#2322,.T.);
#3090=ORIENTED_EDGE('',*,*,#2323,.T.);
#3091=ORIENTED_EDGE('',*,*,#2322,.F.);
#3092=ORIENTED_EDGE('',*,*,#2324,.F.);
#3093=ORIENTED_EDGE('',*,*,#2325,.T.);
#3094=ORIENTED_EDGE('',*,*,#2326,.T.);
#3095=ORIENTED_EDGE('',*,*,#2325,.F.);
#3096=ORIENTED_EDGE('',*,*,#2327,.F.);
#3097=ORIENTED_EDGE('',*,*,#2328,.T.);
#3098=ORIENTED_EDGE('',*,*,#2329,.T.);
#3099=ORIENTED_EDGE('',*,*,#2328,.F.);
#3100=ORIENTED_EDGE('',*,*,#2330,.F.);
#3101=ORIENTED_EDGE('',*,*,#2331,.T.);
#3102=ORIENTED_EDGE('',*,*,#2332,.F.);
#3103=ORIENTED_EDGE('',*,*,#2333,.F.);
#3104=ORIENTED_EDGE('',*,*,#2334,.T.);
#3105=ORIENTED_EDGE('',*,*,#2333,.T.);
#3106=ORIENTED_EDGE('',*,*,#2335,.F.);
#3107=ORIENTED_EDGE('',*,*,#2336,.F.);
#3108=ORIENTED_EDGE('',*,*,#2337,.T.);
#3109=ORIENTED_EDGE('',*,*,#2336,.T.);
#3110=ORIENTED_EDGE('',*,*,#2338,.F.);
#3111=ORIENTED_EDGE('',*,*,#2339,.F.);
#3112=ORIENTED_EDGE('',*,*,#2340,.T.);
#3113=ORIENTED_EDGE('',*,*,#2339,.T.);
#3114=ORIENTED_EDGE('',*,*,#2341,.F.);
#3115=ORIENTED_EDGE('',*,*,#2342,.F.);
#3116=ORIENTED_EDGE('',*,*,#2343,.F.);
#3117=ORIENTED_EDGE('',*,*,#2342,.T.);
#3118=ORIENTED_EDGE('',*,*,#2344,.F.);
#3119=ORIENTED_EDGE('',*,*,#2345,.F.);
#3120=ORIENTED_EDGE('',*,*,#2346,.T.);
#3121=ORIENTED_EDGE('',*,*,#2345,.T.);
#3122=ORIENTED_EDGE('',*,*,#2347,.F.);
#3123=ORIENTED_EDGE('',*,*,#2348,.F.);
#3124=ORIENTED_EDGE('',*,*,#2349,.T.);
#3125=ORIENTED_EDGE('',*,*,#2348,.T.);
#3126=ORIENTED_EDGE('',*,*,#2350,.F.);
#3127=ORIENTED_EDGE('',*,*,#2351,.F.);
#3128=ORIENTED_EDGE('',*,*,#2352,.T.);
#3129=ORIENTED_EDGE('',*,*,#2351,.T.);
#3130=ORIENTED_EDGE('',*,*,#2353,.F.);
#3131=ORIENTED_EDGE('',*,*,#2331,.F.);
#3132=ORIENTED_EDGE('',*,*,#2353,.T.);
#3133=ORIENTED_EDGE('',*,*,#2350,.T.);
#3134=ORIENTED_EDGE('',*,*,#2347,.T.);
#3135=ORIENTED_EDGE('',*,*,#2344,.T.);
#3136=ORIENTED_EDGE('',*,*,#2341,.T.);
#3137=ORIENTED_EDGE('',*,*,#2338,.T.);
#3138=ORIENTED_EDGE('',*,*,#2335,.T.);
#3139=ORIENTED_EDGE('',*,*,#2332,.T.);
#3140=ORIENTED_EDGE('',*,*,#2299,.T.);
#3141=ORIENTED_EDGE('',*,*,#2327,.T.);
#3142=ORIENTED_EDGE('',*,*,#2324,.T.);
#3143=ORIENTED_EDGE('',*,*,#2321,.T.);
#3144=ORIENTED_EDGE('',*,*,#2318,.T.);
#3145=ORIENTED_EDGE('',*,*,#2315,.T.);
#3146=ORIENTED_EDGE('',*,*,#2312,.T.);
#3147=ORIENTED_EDGE('',*,*,#2309,.T.);
#3148=ORIENTED_EDGE('',*,*,#2306,.T.);
#3149=ORIENTED_EDGE('',*,*,#2352,.F.);
#3150=ORIENTED_EDGE('',*,*,#2330,.T.);
#3151=ORIENTED_EDGE('',*,*,#2334,.F.);
#3152=ORIENTED_EDGE('',*,*,#2337,.F.);
#3153=ORIENTED_EDGE('',*,*,#2340,.F.);
#3154=ORIENTED_EDGE('',*,*,#2343,.T.);
#3155=ORIENTED_EDGE('',*,*,#2346,.F.);
#3156=ORIENTED_EDGE('',*,*,#2349,.F.);
#3157=ORIENTED_EDGE('',*,*,#2305,.F.);
#3158=ORIENTED_EDGE('',*,*,#2329,.F.);
#3159=ORIENTED_EDGE('',*,*,#2326,.F.);
#3160=ORIENTED_EDGE('',*,*,#2323,.F.);
#3161=ORIENTED_EDGE('',*,*,#2320,.F.);
#3162=ORIENTED_EDGE('',*,*,#2317,.F.);
#3163=ORIENTED_EDGE('',*,*,#2314,.F.);
#3164=ORIENTED_EDGE('',*,*,#2311,.F.);
#3165=ORIENTED_EDGE('',*,*,#2308,.F.);
#3166=ORIENTED_EDGE('',*,*,#2354,.F.);
#3167=ORIENTED_EDGE('',*,*,#2355,.T.);
#3168=ORIENTED_EDGE('',*,*,#2356,.F.);
#3169=ORIENTED_EDGE('',*,*,#2355,.F.);
#3170=ORIENTED_EDGE('',*,*,#2357,.T.);
#3171=ORIENTED_EDGE('',*,*,#2358,.F.);
#3172=ORIENTED_EDGE('',*,*,#2359,.F.);
#3173=ORIENTED_EDGE('',*,*,#2360,.T.);
#3174=ORIENTED_EDGE('',*,*,#2361,.T.);
#3175=ORIENTED_EDGE('',*,*,#2356,.T.);
#3176=ORIENTED_EDGE('',*,*,#2362,.F.);
#3177=ORIENTED_EDGE('',*,*,#2363,.F.);
#3178=ORIENTED_EDGE('',*,*,#2357,.F.);
#3179=ORIENTED_EDGE('',*,*,#2364,.F.);
#3180=ORIENTED_EDGE('',*,*,#2363,.T.);
#3181=ORIENTED_EDGE('',*,*,#2365,.T.);
#3182=ORIENTED_EDGE('',*,*,#2366,.F.);
#3183=ORIENTED_EDGE('',*,*,#2367,.T.);
#3184=ORIENTED_EDGE('',*,*,#2368,.F.);
#3185=ORIENTED_EDGE('',*,*,#2369,.T.);
#3186=ORIENTED_EDGE('',*,*,#2358,.T.);
#3187=ORIENTED_EDGE('',*,*,#2370,.T.);
#3188=ORIENTED_EDGE('',*,*,#2371,.T.);
#3189=ORIENTED_EDGE('',*,*,#2372,.T.);
#3190=ORIENTED_EDGE('',*,*,#2362,.T.);
#3191=ORIENTED_EDGE('',*,*,#2373,.F.);
#3192=ORIENTED_EDGE('',*,*,#2374,.T.);
#3193=ORIENTED_EDGE('',*,*,#2365,.F.);
#3194=ORIENTED_EDGE('',*,*,#2354,.T.);
#3195=ORIENTED_EDGE('',*,*,#2375,.F.);
#3196=ORIENTED_EDGE('',*,*,#2366,.T.);
#3197=ORIENTED_EDGE('',*,*,#2374,.F.);
#3198=ORIENTED_EDGE('',*,*,#2376,.F.);
#3199=ORIENTED_EDGE('',*,*,#2377,.F.);
#3200=ORIENTED_EDGE('',*,*,#2367,.F.);
#3201=ORIENTED_EDGE('',*,*,#2377,.T.);
#3202=ORIENTED_EDGE('',*,*,#2378,.F.);
#3203=ORIENTED_EDGE('',*,*,#2379,.F.);
#3204=ORIENTED_EDGE('',*,*,#2379,.T.);
#3205=ORIENTED_EDGE('',*,*,#2380,.T.);
#3206=ORIENTED_EDGE('',*,*,#2381,.F.);
#3207=ORIENTED_EDGE('',*,*,#2368,.T.);
#3208=ORIENTED_EDGE('',*,*,#2364,.T.);
#3209=ORIENTED_EDGE('',*,*,#2360,.F.);
#3210=ORIENTED_EDGE('',*,*,#2382,.F.);
#3211=ORIENTED_EDGE('',*,*,#2380,.F.);
#3212=ORIENTED_EDGE('',*,*,#2378,.T.);
#3213=ORIENTED_EDGE('',*,*,#2376,.T.);
#3214=ORIENTED_EDGE('',*,*,#2373,.T.);
#3215=ORIENTED_EDGE('',*,*,#2383,.F.);
#3216=ORIENTED_EDGE('',*,*,#2384,.F.);
#3217=ORIENTED_EDGE('',*,*,#2375,.T.);
#3218=ORIENTED_EDGE('',*,*,#2385,.T.);
#3219=ORIENTED_EDGE('',*,*,#2361,.F.);
#3220=ORIENTED_EDGE('',*,*,#2385,.F.);
#3221=ORIENTED_EDGE('',*,*,#2386,.T.);
#3222=ORIENTED_EDGE('',*,*,#2387,.T.);
#3223=ORIENTED_EDGE('',*,*,#2388,.T.);
#3224=ORIENTED_EDGE('',*,*,#2387,.F.);
#3225=ORIENTED_EDGE('',*,*,#2388,.F.);
#3226=ORIENTED_EDGE('',*,*,#2389,.T.);
#3227=ORIENTED_EDGE('',*,*,#2390,.F.);
#3228=ORIENTED_EDGE('',*,*,#2389,.F.);
#3229=ORIENTED_EDGE('',*,*,#2391,.T.);
#3230=ORIENTED_EDGE('',*,*,#2386,.F.);
#3231=ORIENTED_EDGE('',*,*,#2391,.F.);
#3232=ORIENTED_EDGE('',*,*,#2392,.T.);
#3233=ORIENTED_EDGE('',*,*,#2370,.F.);
#3234=ORIENTED_EDGE('',*,*,#2392,.F.);
#3235=ORIENTED_EDGE('',*,*,#2371,.F.);
#3236=ORIENTED_EDGE('',*,*,#2393,.T.);
#3237=ORIENTED_EDGE('',*,*,#2394,.T.);
#3238=ORIENTED_EDGE('',*,*,#2393,.F.);
#3239=ORIENTED_EDGE('',*,*,#2394,.F.);
#3240=ORIENTED_EDGE('',*,*,#2395,.F.);
#3241=ORIENTED_EDGE('',*,*,#2372,.F.);
#3242=ORIENTED_EDGE('',*,*,#2396,.T.);
#3243=ORIENTED_EDGE('',*,*,#2397,.T.);
#3244=ORIENTED_EDGE('',*,*,#2396,.F.);
#3245=ORIENTED_EDGE('',*,*,#2397,.F.);
#3246=ORIENTED_EDGE('',*,*,#2398,.F.);
#3247=ORIENTED_EDGE('',*,*,#2390,.T.);
#3248=ORIENTED_EDGE('',*,*,#2382,.T.);
#3249=ORIENTED_EDGE('',*,*,#2359,.T.);
#3250=ORIENTED_EDGE('',*,*,#2369,.F.);
#3251=ORIENTED_EDGE('',*,*,#2381,.T.);
#3252=ORIENTED_EDGE('',*,*,#2398,.T.);
#3253=ORIENTED_EDGE('',*,*,#2399,.T.);
#3254=ORIENTED_EDGE('',*,*,#2384,.T.);
#3255=ORIENTED_EDGE('',*,*,#2399,.F.);
#3256=ORIENTED_EDGE('',*,*,#2395,.T.);
#3257=ORIENTED_EDGE('',*,*,#2400,.T.);
#3258=ORIENTED_EDGE('',*,*,#2383,.T.);
#3259=ORIENTED_EDGE('',*,*,#2400,.F.);
#3260=ORIENTED_EDGE('',*,*,#2401,.T.);
#3261=ORIENTED_EDGE('',*,*,#2402,.T.);
#3262=ORIENTED_EDGE('',*,*,#2403,.T.);
#3263=ORIENTED_EDGE('',*,*,#2404,.T.);
#3264=ORIENTED_EDGE('',*,*,#2405,.T.);
#3265=ORIENTED_EDGE('',*,*,#2406,.T.);
#3266=ORIENTED_EDGE('',*,*,#2407,.T.);
#3267=ORIENTED_EDGE('',*,*,#2408,.T.);
#3268=ORIENTED_EDGE('',*,*,#2409,.T.);
#3269=ORIENTED_EDGE('',*,*,#2410,.T.);
#3270=ORIENTED_EDGE('',*,*,#2411,.T.);
#3271=ORIENTED_EDGE('',*,*,#2412,.T.);
#3272=ORIENTED_EDGE('',*,*,#2413,.T.);
#3273=ORIENTED_EDGE('',*,*,#2414,.T.);
#3274=ORIENTED_EDGE('',*,*,#2415,.T.);
#3275=ORIENTED_EDGE('',*,*,#2416,.T.);
#3276=ORIENTED_EDGE('',*,*,#2417,.T.);
#3277=ORIENTED_EDGE('',*,*,#2418,.T.);
#3278=ORIENTED_EDGE('',*,*,#2419,.T.);
#3279=ORIENTED_EDGE('',*,*,#2420,.F.);
#3280=ORIENTED_EDGE('',*,*,#2421,.T.);
#3281=ORIENTED_EDGE('',*,*,#2419,.F.);
#3282=ORIENTED_EDGE('',*,*,#2421,.F.);
#3283=ORIENTED_EDGE('',*,*,#2422,.F.);
#3284=ORIENTED_EDGE('',*,*,#2423,.T.);
#3285=ORIENTED_EDGE('',*,*,#2418,.F.);
#3286=ORIENTED_EDGE('',*,*,#2423,.F.);
#3287=ORIENTED_EDGE('',*,*,#2424,.F.);
#3288=ORIENTED_EDGE('',*,*,#2425,.T.);
#3289=ORIENTED_EDGE('',*,*,#2417,.F.);
#3290=ORIENTED_EDGE('',*,*,#2425,.F.);
#3291=ORIENTED_EDGE('',*,*,#2426,.F.);
#3292=ORIENTED_EDGE('',*,*,#2427,.T.);
#3293=ORIENTED_EDGE('',*,*,#2416,.F.);
#3294=ORIENTED_EDGE('',*,*,#2427,.F.);
#3295=ORIENTED_EDGE('',*,*,#2428,.F.);
#3296=ORIENTED_EDGE('',*,*,#2429,.T.);
#3297=ORIENTED_EDGE('',*,*,#2415,.F.);
#3298=ORIENTED_EDGE('',*,*,#2429,.F.);
#3299=ORIENTED_EDGE('',*,*,#2430,.F.);
#3300=ORIENTED_EDGE('',*,*,#2431,.T.);
#3301=ORIENTED_EDGE('',*,*,#2414,.F.);
#3302=ORIENTED_EDGE('',*,*,#2431,.F.);
#3303=ORIENTED_EDGE('',*,*,#2432,.F.);
#3304=ORIENTED_EDGE('',*,*,#2433,.T.);
#3305=ORIENTED_EDGE('',*,*,#2413,.F.);
#3306=ORIENTED_EDGE('',*,*,#2433,.F.);
#3307=ORIENTED_EDGE('',*,*,#2434,.F.);
#3308=ORIENTED_EDGE('',*,*,#2435,.T.);
#3309=ORIENTED_EDGE('',*,*,#2436,.F.);
#3310=ORIENTED_EDGE('',*,*,#2437,.F.);
#3311=ORIENTED_EDGE('',*,*,#2438,.F.);
#3312=ORIENTED_EDGE('',*,*,#2439,.T.);
#3313=ORIENTED_EDGE('',*,*,#2440,.F.);
#3314=ORIENTED_EDGE('',*,*,#2435,.F.);
#3315=ORIENTED_EDGE('',*,*,#2441,.F.);
#3316=ORIENTED_EDGE('',*,*,#2437,.T.);
#3317=ORIENTED_EDGE('',*,*,#2442,.F.);
#3318=ORIENTED_EDGE('',*,*,#2443,.F.);
#3319=ORIENTED_EDGE('',*,*,#2444,.F.);
#3320=ORIENTED_EDGE('',*,*,#2443,.T.);
#3321=ORIENTED_EDGE('',*,*,#2445,.F.);
#3322=ORIENTED_EDGE('',*,*,#2439,.F.);
#3323=ORIENTED_EDGE('',*,*,#2440,.T.);
#3324=ORIENTED_EDGE('',*,*,#2445,.T.);
#3325=ORIENTED_EDGE('',*,*,#2442,.T.);
#3326=ORIENTED_EDGE('',*,*,#2436,.T.);
#3327=ORIENTED_EDGE('',*,*,#2446,.F.);
#3328=ORIENTED_EDGE('',*,*,#2447,.T.);
#3329=ORIENTED_EDGE('',*,*,#2409,.F.);
#3330=ORIENTED_EDGE('',*,*,#2447,.F.);
#3331=ORIENTED_EDGE('',*,*,#2448,.F.);
#3332=ORIENTED_EDGE('',*,*,#2449,.T.);
#3333=ORIENTED_EDGE('',*,*,#2410,.F.);
#3334=ORIENTED_EDGE('',*,*,#2449,.F.);
#3335=ORIENTED_EDGE('',*,*,#2450,.F.);
#3336=ORIENTED_EDGE('',*,*,#2451,.T.);
#3337=ORIENTED_EDGE('',*,*,#2411,.F.);
#3338=ORIENTED_EDGE('',*,*,#2451,.F.);
#3339=ORIENTED_EDGE('',*,*,#2452,.F.);
#3340=ORIENTED_EDGE('',*,*,#2453,.T.);
#3341=ORIENTED_EDGE('',*,*,#2412,.F.);
#3342=ORIENTED_EDGE('',*,*,#2453,.F.);
#3343=ORIENTED_EDGE('',*,*,#2454,.T.);
#3344=ORIENTED_EDGE('',*,*,#2455,.F.);
#3345=ORIENTED_EDGE('',*,*,#2456,.F.);
#3346=ORIENTED_EDGE('',*,*,#2402,.F.);
#3347=ORIENTED_EDGE('',*,*,#2456,.T.);
#3348=ORIENTED_EDGE('',*,*,#2457,.F.);
#3349=ORIENTED_EDGE('',*,*,#2458,.F.);
#3350=ORIENTED_EDGE('',*,*,#2403,.F.);
#3351=ORIENTED_EDGE('',*,*,#2458,.T.);
#3352=ORIENTED_EDGE('',*,*,#2459,.F.);
#3353=ORIENTED_EDGE('',*,*,#2460,.F.);
#3354=ORIENTED_EDGE('',*,*,#2404,.F.);
#3355=ORIENTED_EDGE('',*,*,#2460,.T.);
#3356=ORIENTED_EDGE('',*,*,#2461,.F.);
#3357=ORIENTED_EDGE('',*,*,#2462,.F.);
#3358=ORIENTED_EDGE('',*,*,#2405,.F.);
#3359=ORIENTED_EDGE('',*,*,#2462,.T.);
#3360=ORIENTED_EDGE('',*,*,#2463,.F.);
#3361=ORIENTED_EDGE('',*,*,#2464,.F.);
#3362=ORIENTED_EDGE('',*,*,#2406,.F.);
#3363=ORIENTED_EDGE('',*,*,#2464,.T.);
#3364=ORIENTED_EDGE('',*,*,#2465,.F.);
#3365=ORIENTED_EDGE('',*,*,#2466,.F.);
#3366=ORIENTED_EDGE('',*,*,#2407,.F.);
#3367=ORIENTED_EDGE('',*,*,#2466,.T.);
#3368=ORIENTED_EDGE('',*,*,#2467,.F.);
#3369=ORIENTED_EDGE('',*,*,#2468,.F.);
#3370=ORIENTED_EDGE('',*,*,#2408,.F.);
#3371=ORIENTED_EDGE('',*,*,#2468,.T.);
#3372=ORIENTED_EDGE('',*,*,#2469,.F.);
#3373=ORIENTED_EDGE('',*,*,#2454,.F.);
#3374=ORIENTED_EDGE('',*,*,#2401,.F.);
#3375=ORIENTED_EDGE('',*,*,#2469,.T.);
#3376=ORIENTED_EDGE('',*,*,#2467,.T.);
#3377=ORIENTED_EDGE('',*,*,#2465,.T.);
#3378=ORIENTED_EDGE('',*,*,#2463,.T.);
#3379=ORIENTED_EDGE('',*,*,#2461,.T.);
#3380=ORIENTED_EDGE('',*,*,#2459,.T.);
#3381=ORIENTED_EDGE('',*,*,#2457,.T.);
#3382=ORIENTED_EDGE('',*,*,#2455,.T.);
#3383=ORIENTED_EDGE('',*,*,#2446,.T.);
#3384=ORIENTED_EDGE('',*,*,#2448,.T.);
#3385=ORIENTED_EDGE('',*,*,#2450,.T.);
#3386=ORIENTED_EDGE('',*,*,#2452,.T.);
#3387=ORIENTED_EDGE('',*,*,#2438,.T.);
#3388=ORIENTED_EDGE('',*,*,#2434,.T.);
#3389=ORIENTED_EDGE('',*,*,#2441,.T.);
#3390=ORIENTED_EDGE('',*,*,#2444,.T.);
#3391=ORIENTED_EDGE('',*,*,#2432,.T.);
#3392=ORIENTED_EDGE('',*,*,#2430,.T.);
#3393=ORIENTED_EDGE('',*,*,#2428,.T.);
#3394=ORIENTED_EDGE('',*,*,#2426,.T.);
#3395=ORIENTED_EDGE('',*,*,#2424,.T.);
#3396=ORIENTED_EDGE('',*,*,#2422,.T.);
#3397=ORIENTED_EDGE('',*,*,#2420,.T.);
#3398=ORIENTED_EDGE('',*,*,#2470,.T.);
#3399=ORIENTED_EDGE('',*,*,#2471,.T.);
#3400=ORIENTED_EDGE('',*,*,#2472,.T.);
#3401=ORIENTED_EDGE('',*,*,#2473,.T.);
#3402=ORIENTED_EDGE('',*,*,#2474,.F.);
#3403=ORIENTED_EDGE('',*,*,#2475,.T.);
#3404=ORIENTED_EDGE('',*,*,#2476,.T.);
#3405=ORIENTED_EDGE('',*,*,#2477,.F.);
#3406=ORIENTED_EDGE('',*,*,#2478,.F.);
#3407=ORIENTED_EDGE('',*,*,#2479,.T.);
#3408=ORIENTED_EDGE('',*,*,#2480,.T.);
#3409=ORIENTED_EDGE('',*,*,#2481,.T.);
#3410=ORIENTED_EDGE('',*,*,#2479,.F.);
#3411=ORIENTED_EDGE('',*,*,#2482,.T.);
#3412=ORIENTED_EDGE('',*,*,#2473,.F.);
#3413=ORIENTED_EDGE('',*,*,#2483,.F.);
#3414=ORIENTED_EDGE('',*,*,#2475,.F.);
#3415=ORIENTED_EDGE('',*,*,#2484,.T.);
#3416=ORIENTED_EDGE('',*,*,#2471,.F.);
#3417=ORIENTED_EDGE('',*,*,#2485,.F.);
#3418=ORIENTED_EDGE('',*,*,#2486,.T.);
#3419=ORIENTED_EDGE('',*,*,#2487,.T.);
#3420=ORIENTED_EDGE('',*,*,#2488,.T.);
#3421=ORIENTED_EDGE('',*,*,#2489,.T.);
#3422=ORIENTED_EDGE('',*,*,#2486,.F.);
#3423=ORIENTED_EDGE('',*,*,#2490,.T.);
#3424=ORIENTED_EDGE('',*,*,#2477,.T.);
#3425=ORIENTED_EDGE('',*,*,#2491,.F.);
#3426=ORIENTED_EDGE('',*,*,#2492,.F.);
#3427=ORIENTED_EDGE('',*,*,#2493,.F.);
#3428=ORIENTED_EDGE('',*,*,#2494,.F.);
#3429=ORIENTED_EDGE('',*,*,#2495,.F.);
#3430=ORIENTED_EDGE('',*,*,#2489,.F.);
#3431=ORIENTED_EDGE('',*,*,#2496,.F.);
#3432=ORIENTED_EDGE('',*,*,#2497,.F.);
#3433=ORIENTED_EDGE('',*,*,#2498,.T.);
#3434=ORIENTED_EDGE('',*,*,#2499,.F.);
#3435=ORIENTED_EDGE('',*,*,#2500,.F.);
#3436=ORIENTED_EDGE('',*,*,#2501,.F.);
#3437=ORIENTED_EDGE('',*,*,#2502,.T.);
#3438=ORIENTED_EDGE('',*,*,#2503,.F.);
#3439=ORIENTED_EDGE('',*,*,#2504,.T.);
#3440=ORIENTED_EDGE('',*,*,#2480,.F.);
#3441=ORIENTED_EDGE('',*,*,#2483,.T.);
#3442=ORIENTED_EDGE('',*,*,#2472,.F.);
#3443=ORIENTED_EDGE('',*,*,#2484,.F.);
#3444=ORIENTED_EDGE('',*,*,#2474,.T.);
#3445=ORIENTED_EDGE('',*,*,#2490,.F.);
#3446=ORIENTED_EDGE('',*,*,#2505,.T.);
#3447=ORIENTED_EDGE('',*,*,#2503,.T.);
#3448=ORIENTED_EDGE('',*,*,#2506,.T.);
#3449=ORIENTED_EDGE('',*,*,#2507,.T.);
#3450=ORIENTED_EDGE('',*,*,#2506,.F.);
#3451=ORIENTED_EDGE('',*,*,#2502,.F.);
#3452=ORIENTED_EDGE('',*,*,#2508,.F.);
#3453=ORIENTED_EDGE('',*,*,#2509,.F.);
#3454=ORIENTED_EDGE('',*,*,#2510,.F.);
#3455=ORIENTED_EDGE('',*,*,#2511,.F.);
#3456=ORIENTED_EDGE('',*,*,#2512,.F.);
#3457=ORIENTED_EDGE('',*,*,#2513,.F.);
#3458=ORIENTED_EDGE('',*,*,#2514,.F.);
#3459=ORIENTED_EDGE('',*,*,#2515,.F.);
#3460=ORIENTED_EDGE('',*,*,#2516,.T.);
#3461=ORIENTED_EDGE('',*,*,#2517,.T.);
#3462=ORIENTED_EDGE('',*,*,#2518,.T.);
#3463=ORIENTED_EDGE('',*,*,#2497,.T.);
#3464=ORIENTED_EDGE('',*,*,#2488,.F.);
#3465=ORIENTED_EDGE('',*,*,#2519,.T.);
#3466=ORIENTED_EDGE('',*,*,#2520,.F.);
#3467=ORIENTED_EDGE('',*,*,#2521,.T.);
#3468=ORIENTED_EDGE('',*,*,#2522,.F.);
#3469=ORIENTED_EDGE('',*,*,#2523,.T.);
#3470=ORIENTED_EDGE('',*,*,#2516,.F.);
#3471=ORIENTED_EDGE('',*,*,#2496,.T.);
#3472=ORIENTED_EDGE('',*,*,#2524,.T.);
#3473=ORIENTED_EDGE('',*,*,#2525,.T.);
#3474=ORIENTED_EDGE('',*,*,#2508,.T.);
#3475=ORIENTED_EDGE('',*,*,#2501,.T.);
#3476=ORIENTED_EDGE('',*,*,#2526,.T.);
#3477=ORIENTED_EDGE('',*,*,#2527,.T.);
#3478=ORIENTED_EDGE('',*,*,#2528,.T.);
#3479=ORIENTED_EDGE('',*,*,#2529,.T.);
#3480=ORIENTED_EDGE('',*,*,#2512,.T.);
#3481=ORIENTED_EDGE('',*,*,#2530,.T.);
#3482=ORIENTED_EDGE('',*,*,#2507,.F.);
#3483=ORIENTED_EDGE('',*,*,#2513,.T.);
#3484=ORIENTED_EDGE('',*,*,#2529,.F.);
#3485=ORIENTED_EDGE('',*,*,#2531,.F.);
#3486=ORIENTED_EDGE('',*,*,#2492,.T.);
#3487=ORIENTED_EDGE('',*,*,#2532,.T.);
#3488=ORIENTED_EDGE('',*,*,#2520,.T.);
#3489=ORIENTED_EDGE('',*,*,#2533,.T.);
#3490=ORIENTED_EDGE('',*,*,#2487,.F.);
#3491=ORIENTED_EDGE('',*,*,#2493,.T.);
#3492=ORIENTED_EDGE('',*,*,#2533,.F.);
#3493=ORIENTED_EDGE('',*,*,#2519,.F.);
#3494=ORIENTED_EDGE('',*,*,#2522,.T.);
#3495=ORIENTED_EDGE('',*,*,#2534,.T.);
#3496=ORIENTED_EDGE('',*,*,#2535,.T.);
#3497=ORIENTED_EDGE('',*,*,#2536,.T.);
#3498=ORIENTED_EDGE('',*,*,#2517,.F.);
#3499=ORIENTED_EDGE('',*,*,#2523,.F.);
#3500=ORIENTED_EDGE('',*,*,#2536,.F.);
#3501=ORIENTED_EDGE('',*,*,#2537,.F.);
#3502=ORIENTED_EDGE('',*,*,#2510,.T.);
#3503=ORIENTED_EDGE('',*,*,#2538,.T.);
#3504=ORIENTED_EDGE('',*,*,#2539,.T.);
#3505=ORIENTED_EDGE('',*,*,#2540,.T.);
#3506=ORIENTED_EDGE('',*,*,#2530,.F.);
#3507=ORIENTED_EDGE('',*,*,#2511,.T.);
#3508=ORIENTED_EDGE('',*,*,#2540,.F.);
#3509=ORIENTED_EDGE('',*,*,#2541,.T.);
#3510=ORIENTED_EDGE('',*,*,#2542,.T.);
#3511=ORIENTED_EDGE('',*,*,#2543,.F.);
#3512=ORIENTED_EDGE('',*,*,#2534,.F.);
#3513=ORIENTED_EDGE('',*,*,#2521,.F.);
#3514=ORIENTED_EDGE('',*,*,#2532,.F.);
#3515=ORIENTED_EDGE('',*,*,#2491,.T.);
#3516=ORIENTED_EDGE('',*,*,#2476,.F.);
#3517=ORIENTED_EDGE('',*,*,#2485,.T.);
#3518=ORIENTED_EDGE('',*,*,#2470,.F.);
#3519=ORIENTED_EDGE('',*,*,#2482,.F.);
#3520=ORIENTED_EDGE('',*,*,#2478,.T.);
#3521=ORIENTED_EDGE('',*,*,#2544,.F.);
#3522=ORIENTED_EDGE('',*,*,#2545,.F.);
#3523=ORIENTED_EDGE('',*,*,#2498,.F.);
#3524=ORIENTED_EDGE('',*,*,#2518,.F.);
#3525=ORIENTED_EDGE('',*,*,#2537,.T.);
#3526=ORIENTED_EDGE('',*,*,#2535,.F.);
#3527=ORIENTED_EDGE('',*,*,#2543,.T.);
#3528=ORIENTED_EDGE('',*,*,#2495,.T.);
#3529=ORIENTED_EDGE('',*,*,#2546,.T.);
#3530=ORIENTED_EDGE('',*,*,#2524,.F.);
#3531=ORIENTED_EDGE('',*,*,#2546,.F.);
#3532=ORIENTED_EDGE('',*,*,#2494,.T.);
#3533=ORIENTED_EDGE('',*,*,#2547,.T.);
#3534=ORIENTED_EDGE('',*,*,#2525,.F.);
#3535=ORIENTED_EDGE('',*,*,#2547,.F.);
#3536=ORIENTED_EDGE('',*,*,#2548,.F.);
#3537=ORIENTED_EDGE('',*,*,#2499,.T.);
#3538=ORIENTED_EDGE('',*,*,#2545,.T.);
#3539=ORIENTED_EDGE('',*,*,#2542,.F.);
#3540=ORIENTED_EDGE('',*,*,#2548,.T.);
#3541=ORIENTED_EDGE('',*,*,#2541,.F.);
#3542=ORIENTED_EDGE('',*,*,#2539,.F.);
#3543=ORIENTED_EDGE('',*,*,#2549,.F.);
#3544=ORIENTED_EDGE('',*,*,#2526,.F.);
#3545=ORIENTED_EDGE('',*,*,#2500,.T.);
#3546=ORIENTED_EDGE('',*,*,#2550,.F.);
#3547=ORIENTED_EDGE('',*,*,#2551,.T.);
#3548=ORIENTED_EDGE('',*,*,#2514,.T.);
#3549=ORIENTED_EDGE('',*,*,#2551,.F.);
#3550=ORIENTED_EDGE('',*,*,#2552,.F.);
#3551=ORIENTED_EDGE('',*,*,#2553,.T.);
#3552=ORIENTED_EDGE('',*,*,#2515,.T.);
#3553=ORIENTED_EDGE('',*,*,#2553,.F.);
#3554=ORIENTED_EDGE('',*,*,#2527,.F.);
#3555=ORIENTED_EDGE('',*,*,#2549,.T.);
#3556=ORIENTED_EDGE('',*,*,#2538,.F.);
#3557=ORIENTED_EDGE('',*,*,#2509,.T.);
#3558=ORIENTED_EDGE('',*,*,#2505,.F.);
#3559=ORIENTED_EDGE('',*,*,#2531,.T.);
#3560=ORIENTED_EDGE('',*,*,#2528,.F.);
#3561=ORIENTED_EDGE('',*,*,#2544,.T.);
#3562=ORIENTED_EDGE('',*,*,#2481,.F.);
#3563=ORIENTED_EDGE('',*,*,#2504,.F.);
#3564=ORIENTED_EDGE('',*,*,#2552,.T.);
#3565=ORIENTED_EDGE('',*,*,#2550,.T.);
#3566=ORIENTED_EDGE('',*,*,#2554,.F.);
#3567=ORIENTED_EDGE('',*,*,#2555,.T.);
#3568=ORIENTED_EDGE('',*,*,#2556,.T.);
#3569=ORIENTED_EDGE('',*,*,#2555,.F.);
#3570=ORIENTED_EDGE('',*,*,#2557,.F.);
#3571=ORIENTED_EDGE('',*,*,#2558,.T.);
#3572=ORIENTED_EDGE('',*,*,#2559,.T.);
#3573=ORIENTED_EDGE('',*,*,#2558,.F.);
#3574=ORIENTED_EDGE('',*,*,#2560,.F.);
#3575=ORIENTED_EDGE('',*,*,#2561,.T.);
#3576=ORIENTED_EDGE('',*,*,#2562,.T.);
#3577=ORIENTED_EDGE('',*,*,#2561,.F.);
#3578=ORIENTED_EDGE('',*,*,#2563,.T.);
#3579=ORIENTED_EDGE('',*,*,#2564,.T.);
#3580=ORIENTED_EDGE('',*,*,#2565,.F.);
#3581=ORIENTED_EDGE('',*,*,#2566,.F.);
#3582=ORIENTED_EDGE('',*,*,#2567,.T.);
#3583=ORIENTED_EDGE('',*,*,#2566,.T.);
#3584=ORIENTED_EDGE('',*,*,#2568,.F.);
#3585=ORIENTED_EDGE('',*,*,#2569,.F.);
#3586=ORIENTED_EDGE('',*,*,#2570,.T.);
#3587=ORIENTED_EDGE('',*,*,#2569,.T.);
#3588=ORIENTED_EDGE('',*,*,#2571,.F.);
#3589=ORIENTED_EDGE('',*,*,#2572,.F.);
#3590=ORIENTED_EDGE('',*,*,#2573,.T.);
#3591=ORIENTED_EDGE('',*,*,#2572,.T.);
#3592=ORIENTED_EDGE('',*,*,#2574,.F.);
#3593=ORIENTED_EDGE('',*,*,#2575,.F.);
#3594=ORIENTED_EDGE('',*,*,#2576,.T.);
#3595=ORIENTED_EDGE('',*,*,#2575,.T.);
#3596=ORIENTED_EDGE('',*,*,#2577,.F.);
#3597=ORIENTED_EDGE('',*,*,#2578,.F.);
#3598=ORIENTED_EDGE('',*,*,#2579,.T.);
#3599=ORIENTED_EDGE('',*,*,#2578,.T.);
#3600=ORIENTED_EDGE('',*,*,#2580,.F.);
#3601=ORIENTED_EDGE('',*,*,#2581,.F.);
#3602=ORIENTED_EDGE('',*,*,#2582,.T.);
#3603=ORIENTED_EDGE('',*,*,#2581,.T.);
#3604=ORIENTED_EDGE('',*,*,#2583,.F.);
#3605=ORIENTED_EDGE('',*,*,#2584,.F.);
#3606=ORIENTED_EDGE('',*,*,#2585,.T.);
#3607=ORIENTED_EDGE('',*,*,#2584,.T.);
#3608=ORIENTED_EDGE('',*,*,#2586,.F.);
#3609=ORIENTED_EDGE('',*,*,#2587,.F.);
#3610=ORIENTED_EDGE('',*,*,#2588,.T.);
#3611=ORIENTED_EDGE('',*,*,#2587,.T.);
#3612=ORIENTED_EDGE('',*,*,#2589,.F.);
#3613=ORIENTED_EDGE('',*,*,#2590,.F.);
#3614=ORIENTED_EDGE('',*,*,#2591,.T.);
#3615=ORIENTED_EDGE('',*,*,#2590,.T.);
#3616=ORIENTED_EDGE('',*,*,#2592,.F.);
#3617=ORIENTED_EDGE('',*,*,#2593,.F.);
#3618=ORIENTED_EDGE('',*,*,#2594,.T.);
#3619=ORIENTED_EDGE('',*,*,#2593,.T.);
#3620=ORIENTED_EDGE('',*,*,#2595,.F.);
#3621=ORIENTED_EDGE('',*,*,#2596,.F.);
#3622=ORIENTED_EDGE('',*,*,#2597,.T.);
#3623=ORIENTED_EDGE('',*,*,#2596,.T.);
#3624=ORIENTED_EDGE('',*,*,#2598,.F.);
#3625=ORIENTED_EDGE('',*,*,#2564,.F.);
#3626=ORIENTED_EDGE('',*,*,#2599,.F.);
#3627=ORIENTED_EDGE('',*,*,#2600,.T.);
#3628=ORIENTED_EDGE('',*,*,#2601,.T.);
#3629=ORIENTED_EDGE('',*,*,#2600,.F.);
#3630=ORIENTED_EDGE('',*,*,#2602,.F.);
#3631=ORIENTED_EDGE('',*,*,#2603,.T.);
#3632=ORIENTED_EDGE('',*,*,#2604,.F.);
#3633=ORIENTED_EDGE('',*,*,#2605,.F.);
#3634=ORIENTED_EDGE('',*,*,#2606,.T.);
#3635=ORIENTED_EDGE('',*,*,#2605,.T.);
#3636=ORIENTED_EDGE('',*,*,#2607,.F.);
#3637=ORIENTED_EDGE('',*,*,#2608,.F.);
#3638=ORIENTED_EDGE('',*,*,#2609,.T.);
#3639=ORIENTED_EDGE('',*,*,#2608,.T.);
#3640=ORIENTED_EDGE('',*,*,#2610,.F.);
#3641=ORIENTED_EDGE('',*,*,#2611,.F.);
#3642=ORIENTED_EDGE('',*,*,#2612,.T.);
#3643=ORIENTED_EDGE('',*,*,#2611,.T.);
#3644=ORIENTED_EDGE('',*,*,#2613,.F.);
#3645=ORIENTED_EDGE('',*,*,#2614,.F.);
#3646=ORIENTED_EDGE('',*,*,#2615,.T.);
#3647=ORIENTED_EDGE('',*,*,#2614,.T.);
#3648=ORIENTED_EDGE('',*,*,#2616,.F.);
#3649=ORIENTED_EDGE('',*,*,#2617,.F.);
#3650=ORIENTED_EDGE('',*,*,#2618,.T.);
#3651=ORIENTED_EDGE('',*,*,#2617,.T.);
#3652=ORIENTED_EDGE('',*,*,#2619,.F.);
#3653=ORIENTED_EDGE('',*,*,#2620,.F.);
#3654=ORIENTED_EDGE('',*,*,#2621,.T.);
#3655=ORIENTED_EDGE('',*,*,#2620,.T.);
#3656=ORIENTED_EDGE('',*,*,#2622,.F.);
#3657=ORIENTED_EDGE('',*,*,#2623,.F.);
#3658=ORIENTED_EDGE('',*,*,#2624,.T.);
#3659=ORIENTED_EDGE('',*,*,#2623,.T.);
#3660=ORIENTED_EDGE('',*,*,#2625,.F.);
#3661=ORIENTED_EDGE('',*,*,#2603,.F.);
#3662=ORIENTED_EDGE('',*,*,#2625,.T.);
#3663=ORIENTED_EDGE('',*,*,#2622,.T.);
#3664=ORIENTED_EDGE('',*,*,#2619,.T.);
#3665=ORIENTED_EDGE('',*,*,#2616,.T.);
#3666=ORIENTED_EDGE('',*,*,#2613,.T.);
#3667=ORIENTED_EDGE('',*,*,#2610,.T.);
#3668=ORIENTED_EDGE('',*,*,#2607,.T.);
#3669=ORIENTED_EDGE('',*,*,#2604,.T.);
#3670=ORIENTED_EDGE('',*,*,#2599,.T.);
#3671=ORIENTED_EDGE('',*,*,#2598,.T.);
#3672=ORIENTED_EDGE('',*,*,#2595,.T.);
#3673=ORIENTED_EDGE('',*,*,#2592,.T.);
#3674=ORIENTED_EDGE('',*,*,#2589,.T.);
#3675=ORIENTED_EDGE('',*,*,#2586,.T.);
#3676=ORIENTED_EDGE('',*,*,#2583,.T.);
#3677=ORIENTED_EDGE('',*,*,#2580,.T.);
#3678=ORIENTED_EDGE('',*,*,#2577,.T.);
#3679=ORIENTED_EDGE('',*,*,#2574,.T.);
#3680=ORIENTED_EDGE('',*,*,#2571,.T.);
#3681=ORIENTED_EDGE('',*,*,#2568,.T.);
#3682=ORIENTED_EDGE('',*,*,#2565,.T.);
#3683=ORIENTED_EDGE('',*,*,#2560,.T.);
#3684=ORIENTED_EDGE('',*,*,#2557,.T.);
#3685=ORIENTED_EDGE('',*,*,#2554,.T.);
#3686=ORIENTED_EDGE('',*,*,#2624,.F.);
#3687=ORIENTED_EDGE('',*,*,#2602,.T.);
#3688=ORIENTED_EDGE('',*,*,#2606,.F.);
#3689=ORIENTED_EDGE('',*,*,#2609,.F.);
#3690=ORIENTED_EDGE('',*,*,#2612,.F.);
#3691=ORIENTED_EDGE('',*,*,#2615,.F.);
#3692=ORIENTED_EDGE('',*,*,#2618,.F.);
#3693=ORIENTED_EDGE('',*,*,#2621,.F.);
#3694=ORIENTED_EDGE('',*,*,#2601,.F.);
#3695=ORIENTED_EDGE('',*,*,#2597,.F.);
#3696=ORIENTED_EDGE('',*,*,#2563,.F.);
#3697=ORIENTED_EDGE('',*,*,#2567,.F.);
#3698=ORIENTED_EDGE('',*,*,#2570,.F.);
#3699=ORIENTED_EDGE('',*,*,#2573,.F.);
#3700=ORIENTED_EDGE('',*,*,#2576,.F.);
#3701=ORIENTED_EDGE('',*,*,#2579,.F.);
#3702=ORIENTED_EDGE('',*,*,#2582,.F.);
#3703=ORIENTED_EDGE('',*,*,#2585,.F.);
#3704=ORIENTED_EDGE('',*,*,#2588,.F.);
#3705=ORIENTED_EDGE('',*,*,#2591,.F.);
#3706=ORIENTED_EDGE('',*,*,#2594,.F.);
#3707=ORIENTED_EDGE('',*,*,#2562,.F.);
#3708=ORIENTED_EDGE('',*,*,#2559,.F.);
#3709=ORIENTED_EDGE('',*,*,#2556,.F.);
#3710=PLANE('',#4051);
#3711=PLANE('',#4052);
#3712=PLANE('',#4053);
#3713=PLANE('',#4054);
#3714=PLANE('',#4055);
#3715=PLANE('',#4059);
#3716=PLANE('',#4060);
#3717=PLANE('',#4065);
#3718=PLANE('',#4066);
#3719=PLANE('',#4067);
#3720=PLANE('',#4068);
#3721=PLANE('',#4069);
#3722=PLANE('',#4070);
#3723=PLANE('',#4071);
#3724=PLANE('',#4072);
#3725=PLANE('',#4073);
#3726=PLANE('',#4074);
#3727=PLANE('',#4079);
#3728=PLANE('',#4084);
#3729=PLANE('',#4085);
#3730=PLANE('',#4086);
#3731=PLANE('',#4090);
#3732=PLANE('',#4092);
#3733=PLANE('',#4097);
#3734=PLANE('',#4102);
#3735=PLANE('',#4103);
#3736=PLANE('',#4104);
#3737=PLANE('',#4109);
#3738=PLANE('',#4111);
#3739=PLANE('',#4112);
#3740=PLANE('',#4113);
#3741=PLANE('',#4116);
#3742=PLANE('',#4117);
#3743=PLANE('',#4120);
#3744=PLANE('',#4121);
#3745=PLANE('',#4124);
#3746=PLANE('',#4125);
#3747=PLANE('',#4126);
#3748=PLANE('',#4127);
#3749=PLANE('',#4128);
#3750=PLANE('',#4129);
#3751=PLANE('',#4130);
#3752=PLANE('',#4131);
#3753=PLANE('',#4132);
#3754=PLANE('',#4133);
#3755=PLANE('',#4134);
#3756=PLANE('',#4135);
#3757=PLANE('',#4136);
#3758=PLANE('',#4137);
#3759=PLANE('',#4138);
#3760=PLANE('',#4139);
#3761=PLANE('',#4140);
#3762=PLANE('',#4141);
#3763=PLANE('',#4142);
#3764=PLANE('',#4143);
#3765=PLANE('',#4144);
#3766=PLANE('',#4151);
#3767=PLANE('',#4158);
#3768=PLANE('',#4159);
#3769=PLANE('',#4160);
#3770=PLANE('',#4161);
#3771=PLANE('',#4162);
#3772=PLANE('',#4163);
#3773=PLANE('',#4164);
#3774=PLANE('',#4165);
#3775=PLANE('',#4173);
#3776=PLANE('',#4177);
#3777=PLANE('',#4202);
#3778=PLANE('',#4206);
#3779=PLANE('',#4210);
#3780=PLANE('',#4214);
#3781=PLANE('',#4218);
#3782=PLANE('',#4219);
#3783=PLANE('',#4224);
#3784=PLANE('',#4226);
#3785=PLANE('',#4227);
#3786=PLANE('',#4232);
#3787=PLANE('',#4234);
#3788=PLANE('',#4235);
#3789=PLANE('',#4236);
#3790=PLANE('',#4237);
#3791=PLANE('',#4247);
#3792=PLANE('',#4252);
#3793=PLANE('',#4256);
#3794=PLANE('',#4258);
#3795=PLANE('',#4263);
#3796=PLANE('',#4293);
#3797=PLANE('',#4294);
#3798=PLANE('',#4295);
#3799=PLANE('',#4296);
#3800=PLANE('',#4297);
#3801=PLANE('',#4308);
#3802=PLANE('',#4311);
#3803=PLANE('',#4314);
#3804=PLANE('',#4317);
#3805=PLANE('',#4318);
#3806=PLANE('',#4320);
#3807=PLANE('',#4327);
#3808=PLANE('',#4328);
#3809=PLANE('',#4332);
#3810=PLANE('',#4336);
#3811=PLANE('',#4340);
#3812=PLANE('',#4349);
#3813=PLANE('',#4358);
#3814=PLANE('',#4360);
#3815=PLANE('',#4363);
#3816=PLANE('',#4366);
#3817=PLANE('',#4367);
#3818=PLANE('',#4370);
#3819=PLANE('',#4371);
#3820=PLANE('',#4376);
#3821=PLANE('',#4377);
#3822=PLANE('',#4391);
#3823=PLANE('',#4395);
#3824=PLANE('',#4399);
#3825=PLANE('',#4403);
#3826=PLANE('',#4407);
#3827=PLANE('',#4411);
#3828=PLANE('',#4415);
#3829=PLANE('',#4419);
#3830=PLANE('',#4423);
#3831=PLANE('',#4427);
#3832=PLANE('',#4431);
#3833=PLANE('',#4432);
#3834=ADVANCED_FACE('',(#474),#3710,.T.);
#3835=ADVANCED_FACE('',(#475),#3711,.T.);
#3836=ADVANCED_FACE('',(#476),#3712,.T.);
#3837=ADVANCED_FACE('',(#477),#3713,.T.);
#3838=ADVANCED_FACE('',(#478),#3714,.T.);
#3839=ADVANCED_FACE('',(#479),#391,.T.);
#3840=ADVANCED_FACE('',(#480),#3715,.T.);
#3841=ADVANCED_FACE('',(#481),#3716,.T.);
#3842=ADVANCED_FACE('',(#482),#392,.T.);
#3843=ADVANCED_FACE('',(#483,#135),#3717,.T.);
#3844=ADVANCED_FACE('',(#484),#3718,.T.);
#3845=ADVANCED_FACE('',(#485),#3719,.T.);
#3846=ADVANCED_FACE('',(#486),#3720,.T.);
#3847=ADVANCED_FACE('',(#487),#3721,.T.);
#3848=ADVANCED_FACE('',(#488),#3722,.T.);
#3849=ADVANCED_FACE('',(#489),#3723,.T.);
#3850=ADVANCED_FACE('',(#490,#136),#3724,.T.);
#3851=ADVANCED_FACE('',(#491),#3725,.T.);
#3852=ADVANCED_FACE('',(#492),#3726,.T.);
#3853=ADVANCED_FACE('',(#493),#3727,.F.);
#3854=ADVANCED_FACE('',(#494),#3728,.F.);
#3855=ADVANCED_FACE('',(#495),#3729,.F.);
#3856=ADVANCED_FACE('',(#496),#3730,.F.);
#3857=ADVANCED_FACE('',(#497),#393,.F.);
#3858=ADVANCED_FACE('',(#498),#394,.T.);
#3859=ADVANCED_FACE('',(#499),#395,.T.);
#3860=ADVANCED_FACE('',(#500),#3731,.T.);
#3861=ADVANCED_FACE('',(#501),#396,.F.);
#3862=ADVANCED_FACE('',(#502),#3732,.T.);
#3863=ADVANCED_FACE('',(#503),#3733,.F.);
#3864=ADVANCED_FACE('',(#504),#3734,.F.);
#3865=ADVANCED_FACE('',(#505),#3735,.F.);
#3866=ADVANCED_FACE('',(#506),#3736,.F.);
#3867=ADVANCED_FACE('',(#507),#397,.F.);
#3868=ADVANCED_FACE('',(#508),#398,.T.);
#3869=ADVANCED_FACE('',(#509),#399,.T.);
#3870=ADVANCED_FACE('',(#510),#400,.F.);
#3871=ADVANCED_FACE('',(#511),#3737,.T.);
#3872=ADVANCED_FACE('',(#512),#3738,.T.);
#3873=ADVANCED_FACE('',(#513),#3739,.F.);
#3874=ADVANCED_FACE('',(#514,#137,#138),#3740,.T.);
#3875=ADVANCED_FACE('',(#515),#3741,.T.);
#3876=ADVANCED_FACE('',(#516),#3742,.F.);
#3877=ADVANCED_FACE('',(#517),#401,.F.);
#3878=ADVANCED_FACE('',(#518),#3743,.F.);
#3879=ADVANCED_FACE('',(#519),#3744,.F.);
#3880=ADVANCED_FACE('',(#520),#402,.F.);
#3881=ADVANCED_FACE('',(#521),#3745,.F.);
#3882=ADVANCED_FACE('',(#522),#3746,.F.);
#3883=ADVANCED_FACE('',(#523),#3747,.T.);
#3884=ADVANCED_FACE('',(#524,#139,#140),#3748,.T.);
#3885=ADVANCED_FACE('',(#525),#3749,.T.);
#3886=ADVANCED_FACE('',(#526),#3750,.T.);
#3887=ADVANCED_FACE('',(#527),#3751,.T.);
#3888=ADVANCED_FACE('',(#528),#3752,.T.);
#3889=ADVANCED_FACE('',(#529),#3753,.F.);
#3890=ADVANCED_FACE('',(#530,#141),#3754,.F.);
#3891=ADVANCED_FACE('',(#531),#3755,.T.);
#3892=ADVANCED_FACE('',(#532),#3756,.T.);
#3893=ADVANCED_FACE('',(#533),#3757,.T.);
#3894=ADVANCED_FACE('',(#534),#3758,.T.);
#3895=ADVANCED_FACE('',(#535),#3759,.T.);
#3896=ADVANCED_FACE('',(#536),#3760,.F.);
#3897=ADVANCED_FACE('',(#537),#3761,.F.);
#3898=ADVANCED_FACE('',(#538),#3762,.F.);
#3899=ADVANCED_FACE('',(#539),#3763,.F.);
#3900=ADVANCED_FACE('',(#540),#3764,.T.);
#3901=ADVANCED_FACE('',(#541),#3765,.T.);
#3902=ADVANCED_FACE('',(#542),#403,.F.);
#3903=ADVANCED_FACE('',(#543),#404,.F.);
#3904=ADVANCED_FACE('',(#544),#3766,.F.);
#3905=ADVANCED_FACE('',(#545),#405,.F.);
#3906=ADVANCED_FACE('',(#546),#406,.F.);
#3907=ADVANCED_FACE('',(#547),#3767,.F.);
#3908=ADVANCED_FACE('',(#548),#3768,.T.);
#3909=ADVANCED_FACE('',(#549),#3769,.F.);
#3910=ADVANCED_FACE('',(#550),#3770,.T.);
#3911=ADVANCED_FACE('',(#551,#142,#143,#144,#145),#3771,.T.);
#3912=ADVANCED_FACE('',(#552),#3772,.T.);
#3913=ADVANCED_FACE('',(#553,#146,#147,#148,#149),#3773,.T.);
#3914=ADVANCED_FACE('',(#554),#3774,.T.);
#3915=ADVANCED_FACE('',(#555),#407,.T.);
#3916=ADVANCED_FACE('',(#556),#408,.F.);
#3917=ADVANCED_FACE('',(#557,#150),#3775,.T.);
#3918=ADVANCED_FACE('',(#558),#409,.F.);
#3919=ADVANCED_FACE('',(#559,#151),#3776,.T.);
#3920=ADVANCED_FACE('',(#560),#410,.F.);
#3921=ADVANCED_FACE('',(#561),#411,.F.);
#3922=ADVANCED_FACE('',(#562),#412,.F.);
#3923=ADVANCED_FACE('',(#563),#413,.F.);
#3924=ADVANCED_FACE('',(#564),#414,.F.);
#3925=ADVANCED_FACE('',(#565),#415,.F.);
#3926=ADVANCED_FACE('',(#566),#416,.F.);
#3927=ADVANCED_FACE('',(#567),#417,.F.);
#3928=ADVANCED_FACE('',(#568),#3777,.T.);
#3929=ADVANCED_FACE('',(#569),#418,.T.);
#3930=ADVANCED_FACE('',(#570),#3778,.T.);
#3931=ADVANCED_FACE('',(#571),#419,.T.);
#3932=ADVANCED_FACE('',(#572),#3779,.T.);
#3933=ADVANCED_FACE('',(#573),#420,.T.);
#3934=ADVANCED_FACE('',(#574),#3780,.T.);
#3935=ADVANCED_FACE('',(#575),#421,.T.);
#3936=ADVANCED_FACE('',(#576,#152,#153,#154,#155,#156,#157,#158,#159,#160),
#3781,.T.);
#3937=ADVANCED_FACE('',(#577,#161,#162,#163,#164,#165,#166,#167,#168,#169),
#3782,.F.);
#3938=ADVANCED_FACE('',(#578),#422,.F.);
#3939=ADVANCED_FACE('',(#579,#170,#171),#3783,.T.);
#3940=ADVANCED_FACE('',(#580),#3784,.F.);
#3941=ADVANCED_FACE('',(#581,#172,#173,#174),#3785,.T.);
#3942=ADVANCED_FACE('',(#582,#175,#176),#3786,.F.);
#3943=ADVANCED_FACE('',(#583),#3787,.T.);
#3944=ADVANCED_FACE('',(#584),#3788,.F.);
#3945=ADVANCED_FACE('',(#585),#3789,.T.);
#3946=ADVANCED_FACE('',(#586,#177,#178),#3790,.F.);
#3947=ADVANCED_FACE('',(#587),#423,.F.);
#3948=ADVANCED_FACE('',(#588),#39,.F.);
#3949=ADVANCED_FACE('',(#589),#424,.F.);
#3950=ADVANCED_FACE('',(#590,#179),#3791,.T.);
#3951=ADVANCED_FACE('',(#591),#425,.T.);
#3952=ADVANCED_FACE('',(#592),#426,.F.);
#3953=ADVANCED_FACE('',(#593,#180),#3792,.T.);
#3954=ADVANCED_FACE('',(#594),#427,.F.);
#3955=ADVANCED_FACE('',(#595,#181),#3793,.T.);
#3956=ADVANCED_FACE('',(#596),#3794,.T.);
#3957=ADVANCED_FACE('',(#597),#428,.T.);
#3958=ADVANCED_FACE('',(#598),#429,.F.);
#3959=ADVANCED_FACE('',(#599),#430,.F.);
#3960=ADVANCED_FACE('',(#600,#182,#183,#184,#185,#186,#187,#188,#189,#190,
#191,#192),#3795,.F.);
#3961=ADVANCED_FACE('',(#601),#431,.F.);
#3962=ADVANCED_FACE('',(#602),#432,.F.);
#3963=ADVANCED_FACE('',(#603),#433,.F.);
#3964=ADVANCED_FACE('',(#604),#434,.F.);
#3965=ADVANCED_FACE('',(#605),#435,.F.);
#3966=ADVANCED_FACE('',(#606),#436,.F.);
#3967=ADVANCED_FACE('',(#607),#437,.F.);
#3968=ADVANCED_FACE('',(#608),#3796,.T.);
#3969=ADVANCED_FACE('',(#609),#3797,.T.);
#3970=ADVANCED_FACE('',(#610),#3798,.T.);
#3971=ADVANCED_FACE('',(#611),#3799,.T.);
#3972=ADVANCED_FACE('',(#612),#3800,.T.);
#3973=ADVANCED_FACE('',(#613),#438,.F.);
#3974=ADVANCED_FACE('',(#614),#439,.F.);
#3975=ADVANCED_FACE('',(#615),#440,.F.);
#3976=ADVANCED_FACE('',(#616),#441,.F.);
#3977=ADVANCED_FACE('',(#617),#442,.T.);
#3978=ADVANCED_FACE('',(#618),#3801,.T.);
#3979=ADVANCED_FACE('',(#619),#443,.T.);
#3980=ADVANCED_FACE('',(#620),#3802,.T.);
#3981=ADVANCED_FACE('',(#621),#444,.T.);
#3982=ADVANCED_FACE('',(#622),#3803,.T.);
#3983=ADVANCED_FACE('',(#623),#445,.T.);
#3984=ADVANCED_FACE('',(#624),#3804,.T.);
#3985=ADVANCED_FACE('',(#625,#193,#194,#195,#196,#197,#198,#199,#200,#201,
#202,#203,#204),#3805,.T.);
#3986=ADVANCED_FACE('',(#626),#3806,.T.);
#3987=ADVANCED_FACE('',(#627),#446,.F.);
#3988=ADVANCED_FACE('',(#628),#447,.F.);
#3989=ADVANCED_FACE('',(#629),#3807,.T.);
#3990=ADVANCED_FACE('',(#630),#3808,.T.);
#3991=ADVANCED_FACE('',(#631),#448,.T.);
#3992=ADVANCED_FACE('',(#632,#205,#206),#3809,.F.);
#3993=ADVANCED_FACE('',(#633),#3810,.T.);
#3994=ADVANCED_FACE('',(#634),#449,.T.);
#3995=ADVANCED_FACE('',(#635,#207,#208),#3811,.F.);
#3996=ADVANCED_FACE('',(#636),#450,.T.);
#3997=ADVANCED_FACE('',(#637,#209,#210),#3812,.T.);
#3998=ADVANCED_FACE('',(#638),#451,.T.);
#3999=ADVANCED_FACE('',(#639),#452,.T.);
#4000=ADVANCED_FACE('',(#640),#3813,.T.);
#4001=ADVANCED_FACE('',(#641),#453,.T.);
#4002=ADVANCED_FACE('',(#642),#3814,.F.);
#4003=ADVANCED_FACE('',(#643),#454,.T.);
#4004=ADVANCED_FACE('',(#644),#3815,.F.);
#4005=ADVANCED_FACE('',(#645),#455,.T.);
#4006=ADVANCED_FACE('',(#646),#3816,.T.);
#4007=ADVANCED_FACE('',(#647),#3817,.F.);
#4008=ADVANCED_FACE('',(#648),#456,.F.);
#4009=ADVANCED_FACE('',(#649),#457,.F.);
#4010=ADVANCED_FACE('',(#650),#3818,.T.);
#4011=ADVANCED_FACE('',(#651),#3819,.T.);
#4012=ADVANCED_FACE('',(#652),#458,.F.);
#4013=ADVANCED_FACE('',(#653),#459,.F.);
#4014=ADVANCED_FACE('',(#654),#3820,.T.);
#4015=ADVANCED_FACE('',(#655,#211,#212),#3821,.T.);
#4016=ADVANCED_FACE('',(#656),#460,.F.);
#4017=ADVANCED_FACE('',(#657),#461,.F.);
#4018=ADVANCED_FACE('',(#658),#462,.F.);
#4019=ADVANCED_FACE('',(#659),#463,.F.);
#4020=ADVANCED_FACE('',(#660),#3822,.T.);
#4021=ADVANCED_FACE('',(#661),#464,.F.);
#4022=ADVANCED_FACE('',(#662),#3823,.T.);
#4023=ADVANCED_FACE('',(#663),#465,.F.);
#4024=ADVANCED_FACE('',(#664),#3824,.T.);
#4025=ADVANCED_FACE('',(#665),#466,.F.);
#4026=ADVANCED_FACE('',(#666),#3825,.T.);
#4027=ADVANCED_FACE('',(#667),#467,.T.);
#4028=ADVANCED_FACE('',(#668),#3826,.T.);
#4029=ADVANCED_FACE('',(#669),#468,.T.);
#4030=ADVANCED_FACE('',(#670),#3827,.T.);
#4031=ADVANCED_FACE('',(#671),#469,.F.);
#4032=ADVANCED_FACE('',(#672),#3828,.T.);
#4033=ADVANCED_FACE('',(#673),#470,.T.);
#4034=ADVANCED_FACE('',(#674),#3829,.T.);
#4035=ADVANCED_FACE('',(#675),#471,.T.);
#4036=ADVANCED_FACE('',(#676),#3830,.T.);
#4037=ADVANCED_FACE('',(#677),#472,.T.);
#4038=ADVANCED_FACE('',(#678),#3831,.T.);
#4039=ADVANCED_FACE('',(#679),#473,.T.);
#4040=ADVANCED_FACE('',(#680,#213,#214,#215,#216,#217),#3832,.T.);
#4041=ADVANCED_FACE('',(#681,#218,#219,#220,#221,#222),#3833,.F.);
#4042=CLOSED_SHELL('',(#3834,#3835,#3836,#3837,#3838,#3839,#3840,#3841,
#3842,#3843,#3844,#3845,#3846,#3847,#3848,#3849,#3850,#3851,#3852,#3853,
#3854,#3855,#3856,#3857,#3858,#3859,#3860,#3861,#3862,#3863,#3864,#3865,
#3866,#3867,#3868,#3869,#3870,#3871));
#4043=CLOSED_SHELL('',(#3872,#3873,#3874,#3875,#3876,#3877,#3878,#3879,
#3880,#3881,#3882,#3883,#3884,#3885,#3886,#3887,#3888,#3889,#3890,#3891,
#3892,#3893,#3894,#3895,#3896,#3897,#3898,#3899,#3900,#3901,#3902,#3903,
#3904,#3905,#3906,#3907,#3908,#3909,#3910,#3911,#3912,#3913,#3914));
#4044=CLOSED_SHELL('',(#3915,#3916,#3917,#3918,#3919,#3920,#3921,#3922,
#3923,#3924,#3925,#3926,#3927,#3928,#3929,#3930,#3931,#3932,#3933,#3934,
#3935,#3936,#3937));
#4045=CLOSED_SHELL('',(#3938,#3939,#3940,#3941,#3942,#3943,#3944,#3945,
#3946,#3947,#3948,#3949,#3950,#3951,#3952,#3953,#3954,#3955,#3956,#3957,
#3958,#3959));
#4046=CLOSED_SHELL('',(#3960,#3961,#3962,#3963,#3964,#3965,#3966,#3967,
#3968,#3969,#3970,#3971,#3972,#3973,#3974,#3975,#3976,#3977,#3978,#3979,
#3980,#3981,#3982,#3983,#3984,#3985));
#4047=CLOSED_SHELL('',(#3986,#3987,#3988,#3989,#3990,#3991,#3992,#3993,
#3994,#3995,#3996,#3997,#3998,#3999,#4000,#4001,#4002,#4003,#4004,#4005,
#4006,#4007,#4008,#4009,#4010,#4011,#4012,#4013,#4014,#4015));
#4048=CLOSED_SHELL('',(#4016,#4017,#4018,#4019,#4020,#4021,#4022,#4023,
#4024,#4025,#4026,#4027,#4028,#4029,#4030,#4031,#4032,#4033,#4034,#4035,
#4036,#4037,#4038,#4039,#4040,#4041));
#4049=AXIS2_PLACEMENT_3D('',#5596,#4440,#4441);
#4050=AXIS2_PLACEMENT_3D('',#5597,#4442,#4443);
#4051=AXIS2_PLACEMENT_3D('',#5598,#4444,#4445);
#4052=AXIS2_PLACEMENT_3D('',#5607,#4450,#4451);
#4053=AXIS2_PLACEMENT_3D('',#5613,#4455,#4456);
#4054=AXIS2_PLACEMENT_3D('',#5619,#4460,#4461);
#4055=AXIS2_PLACEMENT_3D('',#5622,#4464,#4465);
#4056=AXIS2_PLACEMENT_3D('',#5623,#4466,#4467);
#4057=AXIS2_PLACEMENT_3D('',#5625,#4468,#4469);
#4058=AXIS2_PLACEMENT_3D('',#5628,#4471,#4472);
#4059=AXIS2_PLACEMENT_3D('',#5629,#4473,#4474);
#4060=AXIS2_PLACEMENT_3D('',#5630,#4475,#4476);
#4061=AXIS2_PLACEMENT_3D('',#5639,#4481,#4482);
#4062=AXIS2_PLACEMENT_3D('',#5642,#4483,#4484);
#4063=AXIS2_PLACEMENT_3D('',#5644,#4485,#4486);
#4064=AXIS2_PLACEMENT_3D('',#5648,#4488,#4489);
#4065=AXIS2_PLACEMENT_3D('',#5650,#4491,#4492);
#4066=AXIS2_PLACEMENT_3D('',#5653,#4495,#4496);
#4067=AXIS2_PLACEMENT_3D('',#5657,#4499,#4500);
#4068=AXIS2_PLACEMENT_3D('',#5663,#4504,#4505);
#4069=AXIS2_PLACEMENT_3D('',#5667,#4508,#4509);
#4070=AXIS2_PLACEMENT_3D('',#5673,#4513,#4514);
#4071=AXIS2_PLACEMENT_3D('',#5679,#4518,#4519);
#4072=AXIS2_PLACEMENT_3D('',#5688,#4524,#4525);
#4073=AXIS2_PLACEMENT_3D('',#5697,#4530,#4531);
#4074=AXIS2_PLACEMENT_3D('',#5700,#4534,#4535);
#4075=AXIS2_PLACEMENT_3D('',#5705,#4537,#4538);
#4076=AXIS2_PLACEMENT_3D('',#5709,#4540,#4541);
#4077=AXIS2_PLACEMENT_3D('',#5713,#4543,#4544);
#4078=AXIS2_PLACEMENT_3D('',#5717,#4547,#4548);
#4079=AXIS2_PLACEMENT_3D('',#5718,#4549,#4550);
#4080=AXIS2_PLACEMENT_3D('',#5723,#4552,#4553);
#4081=AXIS2_PLACEMENT_3D('',#5728,#4556,#4557);
#4082=AXIS2_PLACEMENT_3D('',#5732,#4559,#4560);
#4083=AXIS2_PLACEMENT_3D('',#5735,#4562,#4563);
#4084=AXIS2_PLACEMENT_3D('',#5736,#4564,#4565);
#4085=AXIS2_PLACEMENT_3D('',#5739,#4568,#4569);
#4086=AXIS2_PLACEMENT_3D('',#5742,#4572,#4573);
#4087=AXIS2_PLACEMENT_3D('',#5745,#4576,#4577);
#4088=AXIS2_PLACEMENT_3D('',#5746,#4578,#4579);
#4089=AXIS2_PLACEMENT_3D('',#5748,#4581,#4582);
#4090=AXIS2_PLACEMENT_3D('',#5750,#4584,#4585);
#4091=AXIS2_PLACEMENT_3D('',#5756,#4589,#4590);
#4092=AXIS2_PLACEMENT_3D('',#5757,#4591,#4592);
#4093=AXIS2_PLACEMENT_3D('',#5762,#4594,#4595);
#4094=AXIS2_PLACEMENT_3D('',#5766,#4597,#4598);
#4095=AXIS2_PLACEMENT_3D('',#5769,#4600,#4601);
#4096=AXIS2_PLACEMENT_3D('',#5772,#4603,#4604);
#4097=AXIS2_PLACEMENT_3D('',#5773,#4605,#4606);
#4098=AXIS2_PLACEMENT_3D('',#5778,#4608,#4609);
#4099=AXIS2_PLACEMENT_3D('',#5781,#4611,#4612);
#4100=AXIS2_PLACEMENT_3D('',#5785,#4614,#4615);
#4101=AXIS2_PLACEMENT_3D('',#5788,#4617,#4618);
#4102=AXIS2_PLACEMENT_3D('',#5789,#4619,#4620);
#4103=AXIS2_PLACEMENT_3D('',#5792,#4623,#4624);
#4104=AXIS2_PLACEMENT_3D('',#5795,#4627,#4628);
#4105=AXIS2_PLACEMENT_3D('',#5798,#4631,#4632);
#4106=AXIS2_PLACEMENT_3D('',#5799,#4633,#4634);
#4107=AXIS2_PLACEMENT_3D('',#5801,#4636,#4637);
#4108=AXIS2_PLACEMENT_3D('',#5802,#4638,#4639);
#4109=AXIS2_PLACEMENT_3D('',#5803,#4640,#4641);
#4110=AXIS2_PLACEMENT_3D('',#5804,#4642,#4643);
#4111=AXIS2_PLACEMENT_3D('',#5805,#4644,#4645);
#4112=AXIS2_PLACEMENT_3D('',#5814,#4650,#4651);
#4113=AXIS2_PLACEMENT_3D('',#5820,#4655,#4656);
#4114=AXIS2_PLACEMENT_3D('',#5845,#4669,#4670);
#4115=AXIS2_PLACEMENT_3D('',#5847,#4671,#4672);
#4116=AXIS2_PLACEMENT_3D('',#5848,#4673,#4674);
#4117=AXIS2_PLACEMENT_3D('',#5854,#4678,#4679);
#4118=AXIS2_PLACEMENT_3D('',#5858,#4682,#4683);
#4119=AXIS2_PLACEMENT_3D('',#5861,#4685,#4686);
#4120=AXIS2_PLACEMENT_3D('',#5862,#4687,#4688);
#4121=AXIS2_PLACEMENT_3D('',#5866,#4691,#4692);
#4122=AXIS2_PLACEMENT_3D('',#5870,#4695,#4696);
#4123=AXIS2_PLACEMENT_3D('',#5873,#4698,#4699);
#4124=AXIS2_PLACEMENT_3D('',#5874,#4700,#4701);
#4125=AXIS2_PLACEMENT_3D('',#5880,#4705,#4706);
#4126=AXIS2_PLACEMENT_3D('',#5882,#4708,#4709);
#4127=AXIS2_PLACEMENT_3D('',#5886,#4712,#4713);
#4128=AXIS2_PLACEMENT_3D('',#5895,#4719,#4720);
#4129=AXIS2_PLACEMENT_3D('',#5898,#4723,#4724);
#4130=AXIS2_PLACEMENT_3D('',#5899,#4725,#4726);
#4131=AXIS2_PLACEMENT_3D('',#5901,#4728,#4729);
#4132=AXIS2_PLACEMENT_3D('',#5902,#4730,#4731);
#4133=AXIS2_PLACEMENT_3D('',#5911,#4736,#4737);
#4134=AXIS2_PLACEMENT_3D('',#5920,#4742,#4743);
#4135=AXIS2_PLACEMENT_3D('',#5927,#4748,#4749);
#4136=AXIS2_PLACEMENT_3D('',#5931,#4752,#4753);
#4137=AXIS2_PLACEMENT_3D('',#5936,#4757,#4758);
#4138=AXIS2_PLACEMENT_3D('',#5938,#4760,#4761);
#4139=AXIS2_PLACEMENT_3D('',#5939,#4762,#4763);
#4140=AXIS2_PLACEMENT_3D('',#5945,#4767,#4768);
#4141=AXIS2_PLACEMENT_3D('',#5949,#4771,#4772);
#4142=AXIS2_PLACEMENT_3D('',#5953,#4775,#4776);
#4143=AXIS2_PLACEMENT_3D('',#5955,#4778,#4779);
#4144=AXIS2_PLACEMENT_3D('',#5964,#4784,#4785);
#4145=AXIS2_PLACEMENT_3D('',#5973,#4790,#4791);
#4146=AXIS2_PLACEMENT_3D('',#5975,#4792,#4793);
#4147=AXIS2_PLACEMENT_3D('',#5978,#4795,#4796);
#4148=AXIS2_PLACEMENT_3D('',#5979,#4797,#4798);
#4149=AXIS2_PLACEMENT_3D('',#5982,#4799,#4800);
#4150=AXIS2_PLACEMENT_3D('',#5986,#4802,#4803);
#4151=AXIS2_PLACEMENT_3D('',#5988,#4805,#4806);
#4152=AXIS2_PLACEMENT_3D('',#5991,#4809,#4810);
#4153=AXIS2_PLACEMENT_3D('',#5993,#4811,#4812);
#4154=AXIS2_PLACEMENT_3D('',#5996,#4814,#4815);
#4155=AXIS2_PLACEMENT_3D('',#5997,#4816,#4817);
#4156=AXIS2_PLACEMENT_3D('',#6000,#4818,#4819);
#4157=AXIS2_PLACEMENT_3D('',#6004,#4821,#4822);
#4158=AXIS2_PLACEMENT_3D('',#6006,#4824,#4825);
#4159=AXIS2_PLACEMENT_3D('',#6009,#4828,#4829);
#4160=AXIS2_PLACEMENT_3D('',#6015,#4833,#4834);
#4161=AXIS2_PLACEMENT_3D('',#6021,#4838,#4839);
#4162=AXIS2_PLACEMENT_3D('',#6024,#4842,#4843);
#4163=AXIS2_PLACEMENT_3D('',#6027,#4846,#4847);
#4164=AXIS2_PLACEMENT_3D('',#6029,#4849,#4850);
#4165=AXIS2_PLACEMENT_3D('',#6031,#4852,#4853);
#4166=AXIS2_PLACEMENT_3D('',#6032,#4854,#4855);
#4167=AXIS2_PLACEMENT_3D('',#6033,#4856,#4857);
#4168=AXIS2_PLACEMENT_3D('',#6035,#4858,#4859);
#4169=AXIS2_PLACEMENT_3D('',#6038,#4861,#4862);
#4170=AXIS2_PLACEMENT_3D('',#6039,#4863,#4864);
#4171=AXIS2_PLACEMENT_3D('',#6041,#4865,#4866);
#4172=AXIS2_PLACEMENT_3D('',#6044,#4868,#4869);
#4173=AXIS2_PLACEMENT_3D('',#6045,#4870,#4871);
#4174=AXIS2_PLACEMENT_3D('',#6046,#4872,#4873);
#4175=AXIS2_PLACEMENT_3D('',#6048,#4874,#4875);
#4176=AXIS2_PLACEMENT_3D('',#6051,#4877,#4878);
#4177=AXIS2_PLACEMENT_3D('',#6052,#4879,#4880);
#4178=AXIS2_PLACEMENT_3D('',#6053,#4881,#4882);
#4179=AXIS2_PLACEMENT_3D('',#6055,#4883,#4884);
#4180=AXIS2_PLACEMENT_3D('',#6058,#4886,#4887);
#4181=AXIS2_PLACEMENT_3D('',#6059,#4888,#4889);
#4182=AXIS2_PLACEMENT_3D('',#6061,#4890,#4891);
#4183=AXIS2_PLACEMENT_3D('',#6064,#4893,#4894);
#4184=AXIS2_PLACEMENT_3D('',#6065,#4895,#4896);
#4185=AXIS2_PLACEMENT_3D('',#6067,#4897,#4898);
#4186=AXIS2_PLACEMENT_3D('',#6070,#4900,#4901);
#4187=AXIS2_PLACEMENT_3D('',#6071,#4902,#4903);
#4188=AXIS2_PLACEMENT_3D('',#6073,#4904,#4905);
#4189=AXIS2_PLACEMENT_3D('',#6076,#4907,#4908);
#4190=AXIS2_PLACEMENT_3D('',#6077,#4909,#4910);
#4191=AXIS2_PLACEMENT_3D('',#6079,#4911,#4912);
#4192=AXIS2_PLACEMENT_3D('',#6082,#4914,#4915);
#4193=AXIS2_PLACEMENT_3D('',#6083,#4916,#4917);
#4194=AXIS2_PLACEMENT_3D('',#6085,#4918,#4919);
#4195=AXIS2_PLACEMENT_3D('',#6088,#4921,#4922);
#4196=AXIS2_PLACEMENT_3D('',#6089,#4923,#4924);
#4197=AXIS2_PLACEMENT_3D('',#6091,#4925,#4926);
#4198=AXIS2_PLACEMENT_3D('',#6094,#4928,#4929);
#4199=AXIS2_PLACEMENT_3D('',#6095,#4930,#4931);
#4200=AXIS2_PLACEMENT_3D('',#6097,#4932,#4933);
#4201=AXIS2_PLACEMENT_3D('',#6100,#4935,#4936);
#4202=AXIS2_PLACEMENT_3D('',#6101,#4937,#4938);
#4203=AXIS2_PLACEMENT_3D('',#6110,#4943,#4944);
#4204=AXIS2_PLACEMENT_3D('',#6112,#4945,#4946);
#4205=AXIS2_PLACEMENT_3D('',#6114,#4947,#4948);
#4206=AXIS2_PLACEMENT_3D('',#6116,#4950,#4951);
#4207=AXIS2_PLACEMENT_3D('',#6122,#4955,#4956);
#4208=AXIS2_PLACEMENT_3D('',#6124,#4957,#4958);
#4209=AXIS2_PLACEMENT_3D('',#6126,#4959,#4960);
#4210=AXIS2_PLACEMENT_3D('',#6128,#4962,#4963);
#4211=AXIS2_PLACEMENT_3D('',#6134,#4967,#4968);
#4212=AXIS2_PLACEMENT_3D('',#6136,#4969,#4970);
#4213=AXIS2_PLACEMENT_3D('',#6138,#4971,#4972);
#4214=AXIS2_PLACEMENT_3D('',#6140,#4974,#4975);
#4215=AXIS2_PLACEMENT_3D('',#6146,#4979,#4980);
#4216=AXIS2_PLACEMENT_3D('',#6147,#4981,#4982);
#4217=AXIS2_PLACEMENT_3D('',#6148,#4983,#4984);
#4218=AXIS2_PLACEMENT_3D('',#6149,#4985,#4986);
#4219=AXIS2_PLACEMENT_3D('',#6150,#4987,#4988);
#4220=AXIS2_PLACEMENT_3D('',#6151,#4989,#4990);
#4221=AXIS2_PLACEMENT_3D('',#6152,#4991,#4992);
#4222=AXIS2_PLACEMENT_3D('',#6154,#4993,#4994);
#4223=AXIS2_PLACEMENT_3D('',#6157,#4996,#4997);
#4224=AXIS2_PLACEMENT_3D('',#6158,#4998,#4999);
#4225=AXIS2_PLACEMENT_3D('',#6168,#5004,#5005);
#4226=AXIS2_PLACEMENT_3D('',#6169,#5006,#5007);
#4227=AXIS2_PLACEMENT_3D('',#6175,#5011,#5012);
#4228=AXIS2_PLACEMENT_3D('',#6184,#5017,#5018);
#4229=AXIS2_PLACEMENT_3D('',#6186,#5019,#5020);
#4230=AXIS2_PLACEMENT_3D('',#6188,#5021,#5022);
#4231=AXIS2_PLACEMENT_3D('',#6190,#5023,#5024);
#4232=AXIS2_PLACEMENT_3D('',#6191,#5025,#5026);
#4233=AXIS2_PLACEMENT_3D('',#6196,#5029,#5030);
#4234=AXIS2_PLACEMENT_3D('',#6197,#5031,#5032);
#4235=AXIS2_PLACEMENT_3D('',#6201,#5035,#5036);
#4236=AXIS2_PLACEMENT_3D('',#6205,#5039,#5040);
#4237=AXIS2_PLACEMENT_3D('',#6209,#5043,#5044);
#4238=AXIS2_PLACEMENT_3D('',#6210,#5045,#5046);
#4239=AXIS2_PLACEMENT_3D('',#6212,#5047,#5048);
#4240=AXIS2_PLACEMENT_3D('',#6214,#5049,#5050);
#4241=AXIS2_PLACEMENT_3D('',#6215,#5051,#5052);
#4242=AXIS2_PLACEMENT_3D('',#6217,#5054,#5055);
#4243=AXIS2_PLACEMENT_3D('',#6219,#5056,#5057);
#4244=AXIS2_PLACEMENT_3D('',#6222,#5059,#5060);
#4245=AXIS2_PLACEMENT_3D('',#6223,#5061,#5062);
#4246=AXIS2_PLACEMENT_3D('',#6226,#5064,#5065);
#4247=AXIS2_PLACEMENT_3D('',#6227,#5066,#5067);
#4248=AXIS2_PLACEMENT_3D('',#6229,#5068,#5069);
#4249=AXIS2_PLACEMENT_3D('',#6230,#5070,#5071);
#4250=AXIS2_PLACEMENT_3D('',#6232,#5073,#5074);
#4251=AXIS2_PLACEMENT_3D('',#6235,#5076,#5077);
#4252=AXIS2_PLACEMENT_3D('',#6236,#5078,#5079);
#4253=AXIS2_PLACEMENT_3D('',#6238,#5080,#5081);
#4254=AXIS2_PLACEMENT_3D('',#6239,#5082,#5083);
#4255=AXIS2_PLACEMENT_3D('',#6242,#5085,#5086);
#4256=AXIS2_PLACEMENT_3D('',#6243,#5087,#5088);
#4257=AXIS2_PLACEMENT_3D('',#6245,#5089,#5090);
#4258=AXIS2_PLACEMENT_3D('',#6246,#5091,#5092);
#4259=AXIS2_PLACEMENT_3D('',#6247,#5093,#5094);
#4260=AXIS2_PLACEMENT_3D('',#6248,#5095,#5096);
#4261=AXIS2_PLACEMENT_3D('',#6250,#5098,#5099);
#4262=AXIS2_PLACEMENT_3D('',#6252,#5101,#5102);
#4263=AXIS2_PLACEMENT_3D('',#6253,#5103,#5104);
#4264=AXIS2_PLACEMENT_3D('',#6258,#5106,#5107);
#4265=AXIS2_PLACEMENT_3D('',#6262,#5109,#5110);
#4266=AXIS2_PLACEMENT_3D('',#6266,#5112,#5113);
#4267=AXIS2_PLACEMENT_3D('',#6269,#5115,#5116);
#4268=AXIS2_PLACEMENT_3D('',#6271,#5117,#5118);
#4269=AXIS2_PLACEMENT_3D('',#6273,#5119,#5120);
#4270=AXIS2_PLACEMENT_3D('',#6275,#5121,#5122);
#4271=AXIS2_PLACEMENT_3D('',#6277,#5123,#5124);
#4272=AXIS2_PLACEMENT_3D('',#6279,#5125,#5126);
#4273=AXIS2_PLACEMENT_3D('',#6281,#5127,#5128);
#4274=AXIS2_PLACEMENT_3D('',#6283,#5129,#5130);
#4275=AXIS2_PLACEMENT_3D('',#6285,#5131,#5132);
#4276=AXIS2_PLACEMENT_3D('',#6287,#5133,#5134);
#4277=AXIS2_PLACEMENT_3D('',#6289,#5135,#5136);
#4278=AXIS2_PLACEMENT_3D('',#6291,#5137,#5138);
#4279=AXIS2_PLACEMENT_3D('',#6292,#5139,#5140);
#4280=AXIS2_PLACEMENT_3D('',#6294,#5141,#5142);
#4281=AXIS2_PLACEMENT_3D('',#6296,#5144,#5145);
#4282=AXIS2_PLACEMENT_3D('',#6298,#5146,#5147);
#4283=AXIS2_PLACEMENT_3D('',#6300,#5149,#5150);
#4284=AXIS2_PLACEMENT_3D('',#6302,#5151,#5152);
#4285=AXIS2_PLACEMENT_3D('',#6304,#5154,#5155);
#4286=AXIS2_PLACEMENT_3D('',#6306,#5156,#5157);
#4287=AXIS2_PLACEMENT_3D('',#6308,#5159,#5160);
#4288=AXIS2_PLACEMENT_3D('',#6310,#5161,#5162);
#4289=AXIS2_PLACEMENT_3D('',#6312,#5164,#5165);
#4290=AXIS2_PLACEMENT_3D('',#6314,#5166,#5167);
#4291=AXIS2_PLACEMENT_3D('',#6316,#5169,#5170);
#4292=AXIS2_PLACEMENT_3D('',#6318,#5171,#5172);
#4293=AXIS2_PLACEMENT_3D('',#6320,#5174,#5175);
#4294=AXIS2_PLACEMENT_3D('',#6329,#5180,#5181);
#4295=AXIS2_PLACEMENT_3D('',#6335,#5185,#5186);
#4296=AXIS2_PLACEMENT_3D('',#6341,#5190,#5191);
#4297=AXIS2_PLACEMENT_3D('',#6344,#5194,#5195);
#4298=AXIS2_PLACEMENT_3D('',#6345,#5196,#5197);
#4299=AXIS2_PLACEMENT_3D('',#6347,#5198,#5199);
#4300=AXIS2_PLACEMENT_3D('',#6349,#5201,#5202);
#4301=AXIS2_PLACEMENT_3D('',#6351,#5203,#5204);
#4302=AXIS2_PLACEMENT_3D('',#6353,#5206,#5207);
#4303=AXIS2_PLACEMENT_3D('',#6355,#5208,#5209);
#4304=AXIS2_PLACEMENT_3D('',#6357,#5211,#5212);
#4305=AXIS2_PLACEMENT_3D('',#6359,#5213,#5214);
#4306=AXIS2_PLACEMENT_3D('',#6361,#5216,#5217);
#4307=AXIS2_PLACEMENT_3D('',#6365,#5219,#5220);
#4308=AXIS2_PLACEMENT_3D('',#6367,#5222,#5223);
#4309=AXIS2_PLACEMENT_3D('',#6371,#5226,#5227);
#4310=AXIS2_PLACEMENT_3D('',#6373,#5228,#5229);
#4311=AXIS2_PLACEMENT_3D('',#6375,#5231,#5232);
#4312=AXIS2_PLACEMENT_3D('',#6379,#5235,#5236);
#4313=AXIS2_PLACEMENT_3D('',#6381,#5237,#5238);
#4314=AXIS2_PLACEMENT_3D('',#6383,#5240,#5241);
#4315=AXIS2_PLACEMENT_3D('',#6387,#5244,#5245);
#4316=AXIS2_PLACEMENT_3D('',#6389,#5246,#5247);
#4317=AXIS2_PLACEMENT_3D('',#6391,#5249,#5250);
#4318=AXIS2_PLACEMENT_3D('',#6393,#5252,#5253);
#4319=AXIS2_PLACEMENT_3D('',#6394,#5254,#5255);
#4320=AXIS2_PLACEMENT_3D('',#6395,#5256,#5257);
#4321=AXIS2_PLACEMENT_3D('',#6404,#5262,#5263);
#4322=AXIS2_PLACEMENT_3D('',#6407,#5264,#5265);
#4323=AXIS2_PLACEMENT_3D('',#6411,#5267,#5268);
#4324=AXIS2_PLACEMENT_3D('',#6413,#5270,#5271);
#4325=AXIS2_PLACEMENT_3D('',#6416,#5272,#5273);
#4326=AXIS2_PLACEMENT_3D('',#6420,#5275,#5276);
#4327=AXIS2_PLACEMENT_3D('',#6422,#5278,#5279);
#4328=AXIS2_PLACEMENT_3D('',#6425,#5282,#5283);
#4329=AXIS2_PLACEMENT_3D('',#6428,#5286,#5287);
#4330=AXIS2_PLACEMENT_3D('',#6431,#5288,#5289);
#4331=AXIS2_PLACEMENT_3D('',#6435,#5291,#5292);
#4332=AXIS2_PLACEMENT_3D('',#6437,#5294,#5295);
#4333=AXIS2_PLACEMENT_3D('',#6442,#5298,#5299);
#4334=AXIS2_PLACEMENT_3D('',#6445,#5301,#5302);
#4335=AXIS2_PLACEMENT_3D('',#6447,#5303,#5304);
#4336=AXIS2_PLACEMENT_3D('',#6448,#5305,#5306);
#4337=AXIS2_PLACEMENT_3D('',#6466,#5316,#5317);
#4338=AXIS2_PLACEMENT_3D('',#6468,#5318,#5319);
#4339=AXIS2_PLACEMENT_3D('',#6470,#5320,#5321);
#4340=AXIS2_PLACEMENT_3D('',#6472,#5323,#5324);
#4341=AXIS2_PLACEMENT_3D('',#6474,#5325,#5326);
#4342=AXIS2_PLACEMENT_3D('',#6478,#5328,#5329);
#4343=AXIS2_PLACEMENT_3D('',#6482,#5331,#5332);
#4344=AXIS2_PLACEMENT_3D('',#6485,#5334,#5335);
#4345=AXIS2_PLACEMENT_3D('',#6487,#5336,#5337);
#4346=AXIS2_PLACEMENT_3D('',#6488,#5338,#5339);
#4347=AXIS2_PLACEMENT_3D('',#6490,#5340,#5341);
#4348=AXIS2_PLACEMENT_3D('',#6493,#5343,#5344);
#4349=AXIS2_PLACEMENT_3D('',#6494,#5345,#5346);
#4350=AXIS2_PLACEMENT_3D('',#6498,#5348,#5349);
#4351=AXIS2_PLACEMENT_3D('',#6502,#5351,#5352);
#4352=AXIS2_PLACEMENT_3D('',#6505,#5354,#5355);
#4353=AXIS2_PLACEMENT_3D('',#6507,#5356,#5357);
#4354=AXIS2_PLACEMENT_3D('',#6508,#5358,#5359);
#4355=AXIS2_PLACEMENT_3D('',#6510,#5360,#5361);
#4356=AXIS2_PLACEMENT_3D('',#6512,#5363,#5364);
#4357=AXIS2_PLACEMENT_3D('',#6515,#5365,#5366);
#4358=AXIS2_PLACEMENT_3D('',#6518,#5369,#5370);
#4359=AXIS2_PLACEMENT_3D('',#6520,#5372,#5373);
#4360=AXIS2_PLACEMENT_3D('',#6523,#5376,#5377);
#4361=AXIS2_PLACEMENT_3D('',#6524,#5378,#5379);
#4362=AXIS2_PLACEMENT_3D('',#6528,#5381,#5382);
#4363=AXIS2_PLACEMENT_3D('',#6530,#5384,#5385);
#4364=AXIS2_PLACEMENT_3D('',#6532,#5387,#5388);
#4365=AXIS2_PLACEMENT_3D('',#6536,#5390,#5391);
#4366=AXIS2_PLACEMENT_3D('',#6538,#5393,#5394);
#4367=AXIS2_PLACEMENT_3D('',#6545,#5399,#5400);
#4368=AXIS2_PLACEMENT_3D('',#6547,#5402,#5403);
#4369=AXIS2_PLACEMENT_3D('',#6549,#5405,#5406);
#4370=AXIS2_PLACEMENT_3D('',#6551,#5408,#5409);
#4371=AXIS2_PLACEMENT_3D('',#6553,#5411,#5412);
#4372=AXIS2_PLACEMENT_3D('',#6555,#5414,#5415);
#4373=AXIS2_PLACEMENT_3D('',#6557,#5416,#5417);
#4374=AXIS2_PLACEMENT_3D('',#6559,#5419,#5420);
#4375=AXIS2_PLACEMENT_3D('',#6561,#5421,#5422);
#4376=AXIS2_PLACEMENT_3D('',#6563,#5424,#5425);
#4377=AXIS2_PLACEMENT_3D('',#6564,#5426,#5427);
#4378=AXIS2_PLACEMENT_3D('',#6565,#5428,#5429);
#4379=AXIS2_PLACEMENT_3D('',#6566,#5430,#5431);
#4380=AXIS2_PLACEMENT_3D('',#6568,#5432,#5433);
#4381=AXIS2_PLACEMENT_3D('',#6571,#5435,#5436);
#4382=AXIS2_PLACEMENT_3D('',#6572,#5437,#5438);
#4383=AXIS2_PLACEMENT_3D('',#6574,#5439,#5440);
#4384=AXIS2_PLACEMENT_3D('',#6577,#5442,#5443);
#4385=AXIS2_PLACEMENT_3D('',#6578,#5444,#5445);
#4386=AXIS2_PLACEMENT_3D('',#6580,#5446,#5447);
#4387=AXIS2_PLACEMENT_3D('',#6583,#5449,#5450);
#4388=AXIS2_PLACEMENT_3D('',#6584,#5451,#5452);
#4389=AXIS2_PLACEMENT_3D('',#6587,#5453,#5454);
#4390=AXIS2_PLACEMENT_3D('',#6591,#5456,#5457);
#4391=AXIS2_PLACEMENT_3D('',#6593,#5459,#5460);
#4392=AXIS2_PLACEMENT_3D('',#6599,#5464,#5465);
#4393=AXIS2_PLACEMENT_3D('',#6601,#5466,#5467);
#4394=AXIS2_PLACEMENT_3D('',#6603,#5468,#5469);
#4395=AXIS2_PLACEMENT_3D('',#6605,#5471,#5472);
#4396=AXIS2_PLACEMENT_3D('',#6611,#5476,#5477);
#4397=AXIS2_PLACEMENT_3D('',#6613,#5478,#5479);
#4398=AXIS2_PLACEMENT_3D('',#6615,#5480,#5481);
#4399=AXIS2_PLACEMENT_3D('',#6617,#5483,#5484);
#4400=AXIS2_PLACEMENT_3D('',#6623,#5488,#5489);
#4401=AXIS2_PLACEMENT_3D('',#6625,#5490,#5491);
#4402=AXIS2_PLACEMENT_3D('',#6627,#5492,#5493);
#4403=AXIS2_PLACEMENT_3D('',#6629,#5495,#5496);
#4404=AXIS2_PLACEMENT_3D('',#6635,#5500,#5501);
#4405=AXIS2_PLACEMENT_3D('',#6637,#5502,#5503);
#4406=AXIS2_PLACEMENT_3D('',#6639,#5504,#5505);
#4407=AXIS2_PLACEMENT_3D('',#6641,#5507,#5508);
#4408=AXIS2_PLACEMENT_3D('',#6647,#5512,#5513);
#4409=AXIS2_PLACEMENT_3D('',#6649,#5514,#5515);
#4410=AXIS2_PLACEMENT_3D('',#6651,#5516,#5517);
#4411=AXIS2_PLACEMENT_3D('',#6653,#5519,#5520);
#4412=AXIS2_PLACEMENT_3D('',#6656,#5523,#5524);
#4413=AXIS2_PLACEMENT_3D('',#6658,#5525,#5526);
#4414=AXIS2_PLACEMENT_3D('',#6661,#5528,#5529);
#4415=AXIS2_PLACEMENT_3D('',#6662,#5530,#5531);
#4416=AXIS2_PLACEMENT_3D('',#6671,#5536,#5537);
#4417=AXIS2_PLACEMENT_3D('',#6673,#5538,#5539);
#4418=AXIS2_PLACEMENT_3D('',#6675,#5540,#5541);
#4419=AXIS2_PLACEMENT_3D('',#6677,#5543,#5544);
#4420=AXIS2_PLACEMENT_3D('',#6683,#5548,#5549);
#4421=AXIS2_PLACEMENT_3D('',#6685,#5550,#5551);
#4422=AXIS2_PLACEMENT_3D('',#6687,#5552,#5553);
#4423=AXIS2_PLACEMENT_3D('',#6689,#5555,#5556);
#4424=AXIS2_PLACEMENT_3D('',#6695,#5560,#5561);
#4425=AXIS2_PLACEMENT_3D('',#6697,#5562,#5563);
#4426=AXIS2_PLACEMENT_3D('',#6699,#5564,#5565);
#4427=AXIS2_PLACEMENT_3D('',#6701,#5567,#5568);
#4428=AXIS2_PLACEMENT_3D('',#6707,#5572,#5573);
#4429=AXIS2_PLACEMENT_3D('',#6708,#5574,#5575);
#4430=AXIS2_PLACEMENT_3D('',#6709,#5576,#5577);
#4431=AXIS2_PLACEMENT_3D('',#6710,#5578,#5579);
#4432=AXIS2_PLACEMENT_3D('',#6711,#5580,#5581);
#4433=AXIS2_PLACEMENT_3D('',#6712,#5582,#5583);
#4434=AXIS2_PLACEMENT_3D('',#6713,#5584,#5585);
#4435=AXIS2_PLACEMENT_3D('',#6714,#5586,#5587);
#4436=AXIS2_PLACEMENT_3D('',#6715,#5588,#5589);
#4437=AXIS2_PLACEMENT_3D('',#6716,#5590,#5591);
#4438=AXIS2_PLACEMENT_3D('',#6717,#5592,#5593);
#4439=AXIS2_PLACEMENT_3D('',#6718,#5594,#5595);
#4440=DIRECTION('axis',(0.,0.,1.));
#4441=DIRECTION('refdir',(1.,0.,0.));
#4442=DIRECTION('axis',(0.,0.,1.));
#4443=DIRECTION('refdir',(1.,0.,0.));
#4444=DIRECTION('center_axis',(0.,0.,1.));
#4445=DIRECTION('ref_axis',(1.,0.,0.));
#4446=DIRECTION('',(-1.,0.,0.));
#4447=DIRECTION('',(0.,1.,0.));
#4448=DIRECTION('',(1.,0.,0.));
#4449=DIRECTION('',(0.,1.,0.));
#4450=DIRECTION('center_axis',(-1.,0.,0.));
#4451=DIRECTION('ref_axis',(0.,0.,1.));
#4452=DIRECTION('',(0.,0.,-1.));
#4453=DIRECTION('',(0.,0.,1.));
#4454=DIRECTION('',(0.,1.,0.));
#4455=DIRECTION('center_axis',(0.,0.,-1.));
#4456=DIRECTION('ref_axis',(-1.,0.,0.));
#4457=DIRECTION('',(1.,0.,0.));
#4458=DIRECTION('',(-1.,0.,0.));
#4459=DIRECTION('',(0.,1.,0.));
#4460=DIRECTION('center_axis',(1.,0.,0.));
#4461=DIRECTION('ref_axis',(0.,0.,-1.));
#4462=DIRECTION('',(0.,0.,1.));
#4463=DIRECTION('',(0.,0.,-1.));
#4464=DIRECTION('center_axis',(0.,1.,0.));
#4465=DIRECTION('ref_axis',(0.,0.,1.));
#4466=DIRECTION('center_axis',(0.,0.,1.));
#4467=DIRECTION('ref_axis',(-1.,0.,0.));
#4468=DIRECTION('center_axis',(0.,0.,1.));
#4469=DIRECTION('ref_axis',(-1.,0.,0.));
#4470=DIRECTION('',(0.,0.,-1.));
#4471=DIRECTION('center_axis',(0.,0.,-1.));
#4472=DIRECTION('ref_axis',(-1.,0.,0.));
#4473=DIRECTION('center_axis',(0.,0.,1.));
#4474=DIRECTION('ref_axis',(-1.,0.,0.));
#4475=DIRECTION('center_axis',(-5.0337567489245E-15,1.,0.));
#4476=DIRECTION('ref_axis',(-1.,-5.0337567489245E-15,0.));
#4477=DIRECTION('',(1.,5.0337567489245E-15,0.));
#4478=DIRECTION('',(0.,0.,1.));
#4479=DIRECTION('',(-1.,-5.0337567489245E-15,0.));
#4480=DIRECTION('',(0.,0.,1.));
#4481=DIRECTION('center_axis',(0.,0.,1.));
#4482=DIRECTION('ref_axis',(-1.,0.,0.));
#4483=DIRECTION('center_axis',(0.,0.,-1.));
#4484=DIRECTION('ref_axis',(-1.,0.,0.));
#4485=DIRECTION('center_axis',(0.,0.,-1.));
#4486=DIRECTION('ref_axis',(-1.,0.,0.));
#4487=DIRECTION('',(0.,0.,1.));
#4488=DIRECTION('center_axis',(0.,0.,1.));
#4489=DIRECTION('ref_axis',(-1.,0.,0.));
#4490=DIRECTION('',(0.,0.,1.));
#4491=DIRECTION('center_axis',(0.,0.,1.));
#4492=DIRECTION('ref_axis',(-1.,0.,0.));
#4493=DIRECTION('',(1.09923071745065E-16,1.,0.));
#4494=DIRECTION('',(-5.49615358725325E-17,-1.,0.));
#4495=DIRECTION('center_axis',(0.,0.,1.));
#4496=DIRECTION('ref_axis',(1.,0.,0.));
#4497=DIRECTION('',(-2.04838196425306E-17,-1.,0.));
#4498=DIRECTION('',(1.,0.,0.));
#4499=DIRECTION('center_axis',(0.,0.,1.));
#4500=DIRECTION('ref_axis',(1.,0.,0.));
#4501=DIRECTION('',(6.14514589275917E-17,1.,0.));
#4502=DIRECTION('',(-1.,0.,0.));
#4503=DIRECTION('',(-2.04838196425306E-17,-1.,0.));
#4504=DIRECTION('center_axis',(0.,0.,1.));
#4505=DIRECTION('ref_axis',(1.,0.,0.));
#4506=DIRECTION('',(1.,0.,0.));
#4507=DIRECTION('',(6.14514589275917E-17,1.,0.));
#4508=DIRECTION('center_axis',(0.,-1.,0.));
#4509=DIRECTION('ref_axis',(1.,0.,0.));
#4510=DIRECTION('',(-1.,0.,0.));
#4511=DIRECTION('',(0.,0.,1.));
#4512=DIRECTION('',(0.,0.,1.));
#4513=DIRECTION('center_axis',(0.,1.,0.));
#4514=DIRECTION('ref_axis',(-1.,0.,0.));
#4515=DIRECTION('',(1.,0.,0.));
#4516=DIRECTION('',(0.,0.,1.));
#4517=DIRECTION('',(0.,0.,1.));
#4518=DIRECTION('center_axis',(0.,-1.,0.));
#4519=DIRECTION('ref_axis',(-1.,0.,0.));
#4520=DIRECTION('',(1.,0.,0.));
#4521=DIRECTION('',(0.,0.,-1.));
#4522=DIRECTION('',(-1.,0.,0.));
#4523=DIRECTION('',(0.,0.,-1.));
#4524=DIRECTION('center_axis',(0.,1.,0.));
#4525=DIRECTION('ref_axis',(1.,0.,0.));
#4526=DIRECTION('',(-1.,0.,0.));
#4527=DIRECTION('',(0.,0.,-1.));
#4528=DIRECTION('',(1.,0.,0.));
#4529=DIRECTION('',(0.,0.,-1.));
#4530=DIRECTION('center_axis',(0.,0.,-1.));
#4531=DIRECTION('ref_axis',(-1.,0.,0.));
#4532=DIRECTION('',(-6.14514589275917E-17,-1.,0.));
#4533=DIRECTION('',(2.04838196425306E-17,1.,0.));
#4534=DIRECTION('center_axis',(0.,0.,1.));
#4535=DIRECTION('ref_axis',(1.,0.,0.));
#4536=DIRECTION('',(1.,0.,0.));
#4537=DIRECTION('center_axis',(0.,0.,-1.));
#4538=DIRECTION('ref_axis',(1.,0.,0.));
#4539=DIRECTION('',(1.,0.,0.));
#4540=DIRECTION('center_axis',(0.,0.,-1.));
#4541=DIRECTION('ref_axis',(1.,0.,0.));
#4542=DIRECTION('',(1.,0.,0.));
#4543=DIRECTION('center_axis',(0.,0.,-1.));
#4544=DIRECTION('ref_axis',(0.707106781186548,-0.707106781186548,0.));
#4545=DIRECTION('',(6.14514589275917E-17,1.,0.));
#4546=DIRECTION('',(-2.04838196425306E-17,-1.,0.));
#4547=DIRECTION('center_axis',(0.,0.,-1.));
#4548=DIRECTION('ref_axis',(-0.707106781186548,-0.707106781186548,0.));
#4549=DIRECTION('center_axis',(0.,0.,1.));
#4550=DIRECTION('ref_axis',(1.,0.,0.));
#4551=DIRECTION('',(-1.,0.,0.));
#4552=DIRECTION('center_axis',(0.,0.,1.));
#4553=DIRECTION('ref_axis',(-0.707106781186548,-0.707106781186548,0.));
#4554=DIRECTION('',(-2.04838196425306E-17,-1.,0.));
#4555=DIRECTION('',(6.14514589275917E-17,1.,0.));
#4556=DIRECTION('center_axis',(0.,0.,1.));
#4557=DIRECTION('ref_axis',(0.707106781186548,-0.707106781186548,0.));
#4558=DIRECTION('',(-1.,0.,0.));
#4559=DIRECTION('center_axis',(0.,0.,1.));
#4560=DIRECTION('ref_axis',(1.,0.,0.));
#4561=DIRECTION('',(-1.,0.,0.));
#4562=DIRECTION('center_axis',(0.,0.,1.));
#4563=DIRECTION('ref_axis',(1.,0.,0.));
#4564=DIRECTION('center_axis',(0.,1.,0.));
#4565=DIRECTION('ref_axis',(0.,0.,1.));
#4566=DIRECTION('',(0.,0.,1.));
#4567=DIRECTION('',(0.,0.,-1.));
#4568=DIRECTION('center_axis',(0.,1.,0.));
#4569=DIRECTION('ref_axis',(0.,0.,1.));
#4570=DIRECTION('',(0.,0.,1.));
#4571=DIRECTION('',(0.,0.,-1.));
#4572=DIRECTION('center_axis',(0.,1.,0.));
#4573=DIRECTION('ref_axis',(0.,0.,1.));
#4574=DIRECTION('',(0.,0.,-1.));
#4575=DIRECTION('',(0.,0.,1.));
#4576=DIRECTION('center_axis',(0.,0.,1.));
#4577=DIRECTION('ref_axis',(-1.83697019872103E-16,1.,0.));
#4578=DIRECTION('center_axis',(0.,0.,1.));
#4579=DIRECTION('ref_axis',(0.707106781186548,-0.707106781186548,0.));
#4580=DIRECTION('',(0.,0.,1.));
#4581=DIRECTION('center_axis',(0.,0.,1.));
#4582=DIRECTION('ref_axis',(-0.707106781186548,-0.707106781186548,0.));
#4583=DIRECTION('',(0.,0.,-1.));
#4584=DIRECTION('center_axis',(-1.,2.04838196425306E-17,0.));
#4585=DIRECTION('ref_axis',(-2.04838196425306E-17,-1.,0.));
#4586=DIRECTION('',(5.10447367643742E-16,-1.,0.));
#4587=DIRECTION('',(0.,0.,1.));
#4588=DIRECTION('',(-5.10447367643742E-16,1.,0.));
#4589=DIRECTION('center_axis',(0.,0.,1.));
#4590=DIRECTION('ref_axis',(2.83276944882399E-16,1.,0.));
#4591=DIRECTION('center_axis',(0.,0.,1.));
#4592=DIRECTION('ref_axis',(1.,0.,0.));
#4593=DIRECTION('',(-1.,0.,0.));
#4594=DIRECTION('center_axis',(0.,0.,-1.));
#4595=DIRECTION('ref_axis',(1.,0.,0.));
#4596=DIRECTION('',(-1.,0.,0.));
#4597=DIRECTION('center_axis',(0.,0.,-1.));
#4598=DIRECTION('ref_axis',(1.,0.,0.));
#4599=DIRECTION('',(-1.,0.,0.));
#4600=DIRECTION('center_axis',(0.,0.,-1.));
#4601=DIRECTION('ref_axis',(-0.707106781186547,0.707106781186548,0.));
#4602=DIRECTION('',(6.14514589275917E-17,1.,0.));
#4603=DIRECTION('center_axis',(0.,0.,-1.));
#4604=DIRECTION('ref_axis',(0.707106781186547,0.707106781186548,0.));
#4605=DIRECTION('center_axis',(0.,0.,1.));
#4606=DIRECTION('ref_axis',(1.,0.,0.));
#4607=DIRECTION('',(1.,0.,0.));
#4608=DIRECTION('center_axis',(0.,0.,1.));
#4609=DIRECTION('ref_axis',(0.707106781186547,0.707106781186548,0.));
#4610=DIRECTION('',(6.14514589275917E-17,1.,0.));
#4611=DIRECTION('center_axis',(0.,0.,1.));
#4612=DIRECTION('ref_axis',(-0.707106781186547,0.707106781186548,0.));
#4613=DIRECTION('',(1.,0.,0.));
#4614=DIRECTION('center_axis',(0.,0.,1.));
#4615=DIRECTION('ref_axis',(1.,0.,0.));
#4616=DIRECTION('',(1.,0.,0.));
#4617=DIRECTION('center_axis',(0.,0.,1.));
#4618=DIRECTION('ref_axis',(1.,0.,0.));
#4619=DIRECTION('center_axis',(0.,-1.,0.));
#4620=DIRECTION('ref_axis',(0.,0.,-1.));
#4621=DIRECTION('',(0.,0.,1.));
#4622=DIRECTION('',(0.,0.,-1.));
#4623=DIRECTION('center_axis',(0.,-1.,0.));
#4624=DIRECTION('ref_axis',(0.,0.,-1.));
#4625=DIRECTION('',(0.,0.,1.));
#4626=DIRECTION('',(0.,0.,-1.));
#4627=DIRECTION('center_axis',(0.,-1.,0.));
#4628=DIRECTION('ref_axis',(0.,0.,-1.));
#4629=DIRECTION('',(0.,0.,-1.));
#4630=DIRECTION('',(0.,0.,1.));
#4631=DIRECTION('center_axis',(0.,0.,1.));
#4632=DIRECTION('ref_axis',(6.12323399573677E-17,-1.,0.));
#4633=DIRECTION('center_axis',(0.,0.,1.));
#4634=DIRECTION('ref_axis',(0.707106781186547,0.707106781186548,0.));
#4635=DIRECTION('',(0.,0.,-1.));
#4636=DIRECTION('center_axis',(0.,0.,1.));
#4637=DIRECTION('ref_axis',(-0.707106781186547,0.707106781186548,0.));
#4638=DIRECTION('center_axis',(0.,0.,1.));
#4639=DIRECTION('ref_axis',(-1.83697019872103E-16,-1.,0.));
#4640=DIRECTION('center_axis',(1.,-6.14514589275917E-17,0.));
#4641=DIRECTION('ref_axis',(6.14514589275917E-17,1.,0.));
#4642=DIRECTION('axis',(0.,0.,1.));
#4643=DIRECTION('refdir',(1.,0.,0.));
#4644=DIRECTION('center_axis',(-1.10892024979873E-15,0.707106781186548,
-0.707106781186547));
#4645=DIRECTION('ref_axis',(-1.,0.,1.56825005685552E-15));
#4646=DIRECTION('',(-1.10892024979873E-15,-0.707106781186547,-0.707106781186548));
#4647=DIRECTION('',(-1.,0.,1.56825005685552E-15));
#4648=DIRECTION('',(1.10892024979873E-15,0.707106781186547,0.707106781186548));
#4649=DIRECTION('',(1.,0.,-1.56825005685552E-15));
#4650=DIRECTION('center_axis',(0.,-1.,0.));
#4651=DIRECTION('ref_axis',(0.,0.,-1.));
#4652=DIRECTION('',(-1.56825005685552E-15,0.,-1.));
#4653=DIRECTION('',(1.,0.,0.));
#4654=DIRECTION('',(1.56825005685552E-15,0.,1.));
#4655=DIRECTION('center_axis',(-1.,-2.04795914359633E-47,1.56825005685552E-15));
#4656=DIRECTION('ref_axis',(0.,1.,1.30588813604296E-32));
#4657=DIRECTION('',(0.,1.,1.30588813604296E-32));
#4658=DIRECTION('',(-1.10892024979873E-15,0.707106781186548,-0.707106781186548));
#4659=DIRECTION('',(1.56825005685552E-15,0.,1.));
#4660=DIRECTION('',(2.04795914359633E-47,-1.,0.));
#4661=DIRECTION('',(1.10892024979873E-15,-0.707106781186548,0.707106781186548));
#4662=DIRECTION('',(-1.56825005685552E-15,0.,-1.));
#4663=DIRECTION('',(1.62634120137363E-47,-0.371390676354103,0.928476690885259));
#4664=DIRECTION('',(0.,-1.,1.08605973574724E-33));
#4665=DIRECTION('',(-7.42208228091284E-48,-0.371390676354104,-0.928476690885259));
#4666=DIRECTION('',(-1.56825005685552E-15,0.,-1.));
#4667=DIRECTION('',(-1.10892024979873E-15,-0.707106781186547,-0.707106781186548));
#4668=DIRECTION('',(2.04795914359633E-47,-1.,0.));
#4669=DIRECTION('center_axis',(1.,2.04795914359633E-47,-1.56825005685552E-15));
#4670=DIRECTION('ref_axis',(0.,-1.,0.));
#4671=DIRECTION('center_axis',(1.,2.04795914359633E-47,-1.56825005685552E-15));
#4672=DIRECTION('ref_axis',(0.,-1.,0.));
#4673=DIRECTION('center_axis',(-1.10892024979873E-15,-0.707106781186548,
-0.707106781186548));
#4674=DIRECTION('ref_axis',(-1.,0.,1.56825005685552E-15));
#4675=DIRECTION('',(1.,0.,-1.56825005685552E-15));
#4676=DIRECTION('',(1.10892024979873E-15,-0.707106781186548,0.707106781186548));
#4677=DIRECTION('',(-1.,0.,1.56825005685552E-15));
#4678=DIRECTION('center_axis',(0.,1.,0.));
#4679=DIRECTION('ref_axis',(0.,0.,1.));
#4680=DIRECTION('',(-1.56825005685552E-15,0.,-1.));
#4681=DIRECTION('',(1.,0.,0.));
#4682=DIRECTION('center_axis',(1.,0.,0.));
#4683=DIRECTION('ref_axis',(0.,-1.,0.));
#4684=DIRECTION('',(1.,0.,0.));
#4685=DIRECTION('center_axis',(-1.,6.48505408779339E-31,1.56825005685552E-15));
#4686=DIRECTION('ref_axis',(0.,-1.,0.));
#4687=DIRECTION('center_axis',(0.,0.,1.));
#4688=DIRECTION('ref_axis',(0.,-1.,0.));
#4689=DIRECTION('',(1.,0.,0.));
#4690=DIRECTION('',(6.48505408779339E-31,1.,0.));
#4691=DIRECTION('center_axis',(0.,-0.707106781186548,0.707106781186547));
#4692=DIRECTION('ref_axis',(-1.43722143140628E-30,-0.707106781186547,-0.707106781186548));
#4693=DIRECTION('',(-1.,0.,0.));
#4694=DIRECTION('',(1.10892024979873E-15,0.707106781186547,0.707106781186548));
#4695=DIRECTION('center_axis',(1.,0.,0.));
#4696=DIRECTION('ref_axis',(0.,-1.,0.));
#4697=DIRECTION('',(1.,0.,0.));
#4698=DIRECTION('center_axis',(-1.,6.48505408779339E-31,1.56825005685552E-15));
#4699=DIRECTION('ref_axis',(0.,-1.,0.));
#4700=DIRECTION('center_axis',(0.,0.707106781186548,0.707106781186548));
#4701=DIRECTION('ref_axis',(-3.02524973255163E-30,-0.707106781186548,0.707106781186548));
#4702=DIRECTION('',(1.,0.,0.));
#4703=DIRECTION('',(-1.10892024979873E-15,0.707106781186548,-0.707106781186548));
#4704=DIRECTION('',(1.,0.,0.));
#4705=DIRECTION('center_axis',(0.,0.,1.));
#4706=DIRECTION('ref_axis',(0.,-1.,0.));
#4707=DIRECTION('',(6.48505408779339E-31,1.,0.));
#4708=DIRECTION('center_axis',(0.,-1.,0.));
#4709=DIRECTION('ref_axis',(-1.,0.,-8.76512116911977E-32));
#4710=DIRECTION('',(-1.56825005685552E-15,0.,-1.));
#4711=DIRECTION('',(-1.,0.,0.));
#4712=DIRECTION('center_axis',(1.,-6.48505408779339E-31,-1.56825005685552E-15));
#4713=DIRECTION('ref_axis',(0.,-1.,4.13521686764449E-16));
#4714=DIRECTION('',(-1.56825005685552E-15,0.,-1.));
#4715=DIRECTION('',(7.42208228091284E-48,0.371390676354104,0.928476690885259));
#4716=DIRECTION('',(-1.03036651788589E-47,1.,-1.08605973574724E-33));
#4717=DIRECTION('',(1.62634120137363E-47,-0.371390676354103,0.928476690885259));
#4718=DIRECTION('',(0.,-1.,4.13521686764449E-16));
#4719=DIRECTION('center_axis',(0.,0.928476690885259,-0.371390676354104));
#4720=DIRECTION('ref_axis',(-7.42208228091284E-48,-0.371390676354104,-0.928476690885259));
#4721=DIRECTION('',(1.,0.,0.));
#4722=DIRECTION('',(-1.,4.15750148803138E-18,1.03937537200784E-17));
#4723=DIRECTION('center_axis',(0.,1.,0.));
#4724=DIRECTION('ref_axis',(1.,0.,-2.77555756156279E-15));
#4725=DIRECTION('center_axis',(0.,-0.928476690885259,-0.371390676354103));
#4726=DIRECTION('ref_axis',(1.62634120137363E-47,-0.371390676354103,0.928476690885259));
#4727=DIRECTION('',(1.,4.15750148803137E-18,-1.03937537200784E-17));
#4728=DIRECTION('center_axis',(-1.56825005685552E-15,0.,-1.));
#4729=DIRECTION('ref_axis',(-1.,0.,1.56825005685552E-15));
#4730=DIRECTION('center_axis',(1.03937537200784E-17,1.08605973574724E-33,
1.));
#4731=DIRECTION('ref_axis',(1.,0.,-1.03937537200784E-17));
#4732=DIRECTION('',(0.,-1.,5.55926020109617E-17));
#4733=DIRECTION('',(1.,0.,1.42126926911578E-18));
#4734=DIRECTION('',(1.0449157878825E-16,-1.,0.));
#4735=DIRECTION('',(-1.,0.,1.03937537200784E-17));
#4736=DIRECTION('center_axis',(1.03937537200784E-17,1.08605973574724E-33,
1.));
#4737=DIRECTION('ref_axis',(1.,0.,-1.03937537200784E-17));
#4738=DIRECTION('',(0.,1.,0.));
#4739=DIRECTION('',(-1.,0.,1.03937537200784E-17));
#4740=DIRECTION('',(-1.0449157878825E-16,1.,-1.38930770325878E-17));
#4741=DIRECTION('',(1.,0.,1.42126926911578E-18));
#4742=DIRECTION('center_axis',(0.,-1.,0.));
#4743=DIRECTION('ref_axis',(1.,0.,1.42126926911578E-18));
#4744=DIRECTION('',(1.,0.,1.34096826281995E-16));
#4745=DIRECTION('',(0.,0.,1.));
#4746=DIRECTION('',(1.,0.,1.42126926911578E-18));
#4747=DIRECTION('',(0.,0.,1.));
#4748=DIRECTION('center_axis',(-1.,-1.0449157878825E-16,0.));
#4749=DIRECTION('ref_axis',(1.0449157878825E-16,-1.,0.));
#4750=DIRECTION('',(1.0449157878825E-16,-1.,0.));
#4751=DIRECTION('',(0.,0.,1.));
#4752=DIRECTION('center_axis',(0.,1.,0.));
#4753=DIRECTION('ref_axis',(-1.,0.,1.03937537200784E-17));
#4754=DIRECTION('',(-1.,0.,-1.34096826281994E-16));
#4755=DIRECTION('',(-1.,0.,1.03937537200784E-17));
#4756=DIRECTION('',(0.,0.,1.));
#4757=DIRECTION('center_axis',(1.,1.0449157878825E-16,0.));
#4758=DIRECTION('ref_axis',(-1.0449157878825E-16,1.,-1.38930770325878E-17));
#4759=DIRECTION('',(-1.0449157878825E-16,1.,-1.38930770325878E-17));
#4760=DIRECTION('center_axis',(0.,0.,1.));
#4761=DIRECTION('ref_axis',(1.,0.,0.));
#4762=DIRECTION('center_axis',(-0.928476690885261,0.,0.371390676354101));
#4763=DIRECTION('ref_axis',(0.371390676354101,0.,0.928476690885261));
#4764=DIRECTION('',(-0.348155311911393,0.348155311911396,-0.87038827977849));
#4765=DIRECTION('',(0.,1.,0.));
#4766=DIRECTION('',(-0.348155311911393,-0.348155311911396,-0.87038827977849));
#4767=DIRECTION('center_axis',(-4.59324158331909E-17,-0.92847669088526,
0.371390676354103));
#4768=DIRECTION('ref_axis',(0.,-0.371390676354103,-0.928476690885259));
#4769=DIRECTION('',(-1.,0.,-2.01306277494803E-15));
#4770=DIRECTION('',(0.348155311911398,-0.348155311911395,-0.870388279778488));
#4771=DIRECTION('center_axis',(0.928476690885258,1.94035990597383E-17,0.371390676354106));
#4772=DIRECTION('ref_axis',(0.371390676354106,0.,-0.928476690885258));
#4773=DIRECTION('',(8.14761441156914E-32,-1.,-3.76344545927193E-17));
#4774=DIRECTION('',(0.348155311911398,0.348155311911395,-0.870388279778488));
#4775=DIRECTION('center_axis',(-4.59324158331909E-17,0.928476690885259,
0.371390676354104));
#4776=DIRECTION('ref_axis',(0.,-0.371390676354104,0.928476690885259));
#4777=DIRECTION('',(1.,0.,2.16493489801905E-15));
#4778=DIRECTION('center_axis',(0.,0.,-1.));
#4779=DIRECTION('ref_axis',(-1.,0.,0.));
#4780=DIRECTION('',(-1.,0.,6.6539593785153E-17));
#4781=DIRECTION('',(0.,1.,7.96342413536151E-19));
#4782=DIRECTION('',(1.,0.,-2.92163953848487E-18));
#4783=DIRECTION('',(0.,-1.,-1.28102656687518E-17));
#4784=DIRECTION('center_axis',(0.,0.,-1.));
#4785=DIRECTION('ref_axis',(-1.,0.,0.));
#4786=DIRECTION('',(-1.,0.,-1.38087440873776E-17));
#4787=DIRECTION('',(0.,1.,7.96342413536151E-19));
#4788=DIRECTION('',(1.,0.,-1.74484003849394E-17));
#4789=DIRECTION('',(0.,-1.,-1.28102656687518E-17));
#4790=DIRECTION('center_axis',(-1.,-2.96059473233375E-16,-1.11022302462516E-16));
#4791=DIRECTION('ref_axis',(-2.96059473233375E-16,1.,-3.28692043842088E-32));
#4792=DIRECTION('center_axis',(-1.,0.,-2.1094237467878E-15));
#4793=DIRECTION('ref_axis',(-2.96059473233375E-16,1.,-3.28692043842088E-32));
#4794=DIRECTION('',(-1.,-2.96059473233375E-16,-1.11022302462516E-16));
#4795=DIRECTION('center_axis',(1.,2.08913190040225E-33,2.1094237467878E-15));
#4796=DIRECTION('ref_axis',(-2.96059473233375E-16,1.,-3.28692043842088E-32));
#4797=DIRECTION('center_axis',(-1.,-2.96059473233375E-16,-1.48029736616688E-16));
#4798=DIRECTION('ref_axis',(1.48029736616687E-16,5.0532154980743E-16,-1.));
#4799=DIRECTION('center_axis',(1.,2.08913190040225E-33,2.1094237467878E-15));
#4800=DIRECTION('ref_axis',(-2.96059473233375E-16,1.,-4.38256058456118E-32));
#4801=DIRECTION('',(-1.,-2.96059473233375E-16,-1.48029736616688E-16));
#4802=DIRECTION('center_axis',(-1.,0.,-2.1094237467878E-15));
#4803=DIRECTION('ref_axis',(-2.96059473233375E-16,1.,-4.38256058456118E-32));
#4804=DIRECTION('',(-1.,-2.96059473233375E-16,-1.48029736616688E-16));
#4805=DIRECTION('center_axis',(-1.48029736616688E-16,0.,1.));
#4806=DIRECTION('ref_axis',(0.,1.,0.));
#4807=DIRECTION('',(2.08913190040225E-33,-1.,3.09253644974065E-49));
#4808=DIRECTION('',(0.,1.,0.));
#4809=DIRECTION('center_axis',(-1.,-2.96059473233375E-16,-1.48029736616688E-16));
#4810=DIRECTION('ref_axis',(-2.96059473233375E-16,1.,-4.38256058456118E-32));
#4811=DIRECTION('center_axis',(-1.,0.,-2.1094237467878E-15));
#4812=DIRECTION('ref_axis',(-2.96059473233375E-16,1.,-4.38256058456118E-32));
#4813=DIRECTION('',(-1.,-2.96059473233375E-16,-1.48029736616688E-16));
#4814=DIRECTION('center_axis',(1.,2.08913190040225E-33,2.1094237467878E-15));
#4815=DIRECTION('ref_axis',(-2.96059473233375E-16,1.,-4.38256058456118E-32));
#4816=DIRECTION('center_axis',(-1.,-2.96059473233375E-16,-1.11022302462516E-16));
#4817=DIRECTION('ref_axis',(-1.11022302462516E-16,1.59265981952815E-15,
1.));
#4818=DIRECTION('center_axis',(1.,2.08913190040225E-33,2.1094237467878E-15));
#4819=DIRECTION('ref_axis',(-2.96059473233375E-16,1.,-3.28692043842088E-32));
#4820=DIRECTION('',(-1.,-2.96059473233375E-16,-1.11022302462516E-16));
#4821=DIRECTION('center_axis',(-1.,0.,-2.1094237467878E-15));
#4822=DIRECTION('ref_axis',(-2.96059473233375E-16,1.,-3.28692043842088E-32));
#4823=DIRECTION('',(-1.,-2.96059473233375E-16,-1.11022302462516E-16));
#4824=DIRECTION('center_axis',(1.11022302462516E-16,0.,-1.));
#4825=DIRECTION('ref_axis',(0.,-1.,0.));
#4826=DIRECTION('',(-2.08913190040225E-33,1.,-2.31940233730549E-49));
#4827=DIRECTION('',(0.,-1.,0.));
#4828=DIRECTION('center_axis',(0.,-1.,0.));
#4829=DIRECTION('ref_axis',(-1.,0.,-1.38087440873776E-17));
#4830=DIRECTION('',(1.,0.,2.16493489801905E-15));
#4831=DIRECTION('',(0.,0.,-1.));
#4832=DIRECTION('',(0.,0.,-1.));
#4833=DIRECTION('center_axis',(-2.16493489801905E-15,-3.76344545927193E-17,
1.));
#4834=DIRECTION('ref_axis',(-1.,0.,-2.16493489801905E-15));
#4835=DIRECTION('',(0.,1.,0.));
#4836=DIRECTION('',(-1.,0.,-2.16493489801905E-15));
#4837=DIRECTION('',(-8.14761441156914E-32,1.,3.76344545927193E-17));
#4838=DIRECTION('center_axis',(0.,1.,0.));
#4839=DIRECTION('ref_axis',(1.,0.,-2.92163953848487E-18));
#4840=DIRECTION('',(0.,0.,-1.));
#4841=DIRECTION('',(0.,0.,-1.));
#4842=DIRECTION('center_axis',(-1.,-2.08913190040225E-33,-2.1094237467878E-15));
#4843=DIRECTION('ref_axis',(8.14761441156914E-32,-1.,-3.76344545927193E-17));
#4844=DIRECTION('',(0.,0.,-1.));
#4845=DIRECTION('',(-2.1094237467878E-15,0.,1.));
#4846=DIRECTION('center_axis',(0.,1.,0.));
#4847=DIRECTION('ref_axis',(-1.,0.,-2.01306277494803E-15));
#4848=DIRECTION('',(-2.1094237467878E-15,0.,1.));
#4849=DIRECTION('center_axis',(1.,0.,2.1094237467878E-15));
#4850=DIRECTION('ref_axis',(0.,1.,0.));
#4851=DIRECTION('',(-2.1094237467878E-15,0.,1.));
#4852=DIRECTION('center_axis',(0.,-1.,0.));
#4853=DIRECTION('ref_axis',(1.,0.,2.16493489801905E-15));
#4854=DIRECTION('axis',(0.,0.,1.));
#4855=DIRECTION('refdir',(1.,0.,0.));
#4856=DIRECTION('center_axis',(0.,0.,1.));
#4857=DIRECTION('ref_axis',(1.,0.,0.));
#4858=DIRECTION('center_axis',(0.,0.,1.));
#4859=DIRECTION('ref_axis',(1.,0.,0.));
#4860=DIRECTION('',(0.,0.,-1.));
#4861=DIRECTION('center_axis',(0.,0.,-1.));
#4862=DIRECTION('ref_axis',(1.,0.,0.));
#4863=DIRECTION('center_axis',(0.,0.,1.));
#4864=DIRECTION('ref_axis',(1.,0.,0.));
#4865=DIRECTION('center_axis',(0.,0.,-1.));
#4866=DIRECTION('ref_axis',(1.,0.,0.));
#4867=DIRECTION('',(0.,0.,-1.));
#4868=DIRECTION('center_axis',(0.,0.,1.));
#4869=DIRECTION('ref_axis',(1.,0.,0.));
#4870=DIRECTION('center_axis',(0.,0.,1.));
#4871=DIRECTION('ref_axis',(1.,0.,0.));
#4872=DIRECTION('center_axis',(0.,0.,1.));
#4873=DIRECTION('ref_axis',(1.,0.,0.));
#4874=DIRECTION('center_axis',(0.,0.,-1.));
#4875=DIRECTION('ref_axis',(1.,0.,0.));
#4876=DIRECTION('',(0.,0.,-1.));
#4877=DIRECTION('center_axis',(0.,0.,-1.));
#4878=DIRECTION('ref_axis',(1.,0.,0.));
#4879=DIRECTION('center_axis',(0.,0.,1.));
#4880=DIRECTION('ref_axis',(1.,0.,0.));
#4881=DIRECTION('center_axis',(0.,0.,1.));
#4882=DIRECTION('ref_axis',(1.,0.,0.));
#4883=DIRECTION('center_axis',(0.,0.,-1.));
#4884=DIRECTION('ref_axis',(1.,0.,0.));
#4885=DIRECTION('',(0.,0.,-1.));
#4886=DIRECTION('center_axis',(0.,0.,-1.));
#4887=DIRECTION('ref_axis',(1.,0.,0.));
#4888=DIRECTION('center_axis',(0.,0.,1.));
#4889=DIRECTION('ref_axis',(1.,0.,0.));
#4890=DIRECTION('center_axis',(0.,0.,-1.));
#4891=DIRECTION('ref_axis',(1.,0.,0.));
#4892=DIRECTION('',(0.,0.,-1.));
#4893=DIRECTION('center_axis',(0.,0.,-1.));
#4894=DIRECTION('ref_axis',(1.,0.,0.));
#4895=DIRECTION('center_axis',(0.,0.,1.));
#4896=DIRECTION('ref_axis',(1.,0.,0.));
#4897=DIRECTION('center_axis',(0.,0.,-1.));
#4898=DIRECTION('ref_axis',(1.,0.,0.));
#4899=DIRECTION('',(0.,0.,-1.));
#4900=DIRECTION('center_axis',(0.,0.,-1.));
#4901=DIRECTION('ref_axis',(1.,0.,0.));
#4902=DIRECTION('center_axis',(0.,0.,1.));
#4903=DIRECTION('ref_axis',(1.,0.,0.));
#4904=DIRECTION('center_axis',(0.,0.,-1.));
#4905=DIRECTION('ref_axis',(1.,0.,0.));
#4906=DIRECTION('',(0.,0.,-1.));
#4907=DIRECTION('center_axis',(0.,0.,-1.));
#4908=DIRECTION('ref_axis',(1.,0.,0.));
#4909=DIRECTION('center_axis',(0.,0.,1.));
#4910=DIRECTION('ref_axis',(1.,0.,0.));
#4911=DIRECTION('center_axis',(0.,0.,-1.));
#4912=DIRECTION('ref_axis',(1.,0.,0.));
#4913=DIRECTION('',(0.,0.,-1.));
#4914=DIRECTION('center_axis',(0.,0.,-1.));
#4915=DIRECTION('ref_axis',(1.,0.,0.));
#4916=DIRECTION('center_axis',(0.,0.,1.));
#4917=DIRECTION('ref_axis',(1.,0.,0.));
#4918=DIRECTION('center_axis',(0.,0.,-1.));
#4919=DIRECTION('ref_axis',(1.,0.,0.));
#4920=DIRECTION('',(0.,0.,-1.));
#4921=DIRECTION('center_axis',(0.,0.,-1.));
#4922=DIRECTION('ref_axis',(1.,0.,0.));
#4923=DIRECTION('center_axis',(0.,0.,1.));
#4924=DIRECTION('ref_axis',(1.,0.,0.));
#4925=DIRECTION('center_axis',(0.,0.,-1.));
#4926=DIRECTION('ref_axis',(1.,0.,0.));
#4927=DIRECTION('',(0.,0.,-1.));
#4928=DIRECTION('center_axis',(0.,0.,-1.));
#4929=DIRECTION('ref_axis',(1.,0.,0.));
#4930=DIRECTION('center_axis',(0.,0.,1.));
#4931=DIRECTION('ref_axis',(1.,0.,0.));
#4932=DIRECTION('center_axis',(0.,0.,-1.));
#4933=DIRECTION('ref_axis',(1.,0.,0.));
#4934=DIRECTION('',(0.,0.,-1.));
#4935=DIRECTION('center_axis',(0.,0.,-1.));
#4936=DIRECTION('ref_axis',(1.,0.,0.));
#4937=DIRECTION('center_axis',(0.990502739651557,0.137492991613248,0.));
#4938=DIRECTION('ref_axis',(-0.137492991613248,0.990502739651557,0.));
#4939=DIRECTION('',(0.137492991613248,-0.990502739651557,0.));
#4940=DIRECTION('',(0.,0.,1.));
#4941=DIRECTION('',(-0.137492991613248,0.990502739651557,0.));
#4942=DIRECTION('',(0.,0.,1.));
#4943=DIRECTION('center_axis',(0.,0.,1.));
#4944=DIRECTION('ref_axis',(1.,0.,0.));
#4945=DIRECTION('center_axis',(0.,0.,1.));
#4946=DIRECTION('ref_axis',(1.,0.,0.));
#4947=DIRECTION('center_axis',(0.,0.,1.));
#4948=DIRECTION('ref_axis',(1.,0.,0.));
#4949=DIRECTION('',(0.,0.,1.));
#4950=DIRECTION('center_axis',(0.990502739651557,-0.137492991613248,0.));
#4951=DIRECTION('ref_axis',(0.137492991613248,0.990502739651557,0.));
#4952=DIRECTION('',(0.137492991613248,0.990502739651557,0.));
#4953=DIRECTION('',(0.137492991613248,0.990502739651557,0.));
#4954=DIRECTION('',(0.,0.,1.));
#4955=DIRECTION('center_axis',(0.,0.,1.));
#4956=DIRECTION('ref_axis',(1.,0.,0.));
#4957=DIRECTION('center_axis',(0.,0.,1.));
#4958=DIRECTION('ref_axis',(1.,0.,0.));
#4959=DIRECTION('center_axis',(0.,0.,1.));
#4960=DIRECTION('ref_axis',(1.,0.,0.));
#4961=DIRECTION('',(0.,0.,1.));
#4962=DIRECTION('center_axis',(-0.990502739651557,-0.137492991613248,0.));
#4963=DIRECTION('ref_axis',(0.137492991613248,-0.990502739651557,0.));
#4964=DIRECTION('',(-0.137492991613248,0.990502739651557,0.));
#4965=DIRECTION('',(0.137492991613248,-0.990502739651557,0.));
#4966=DIRECTION('',(0.,0.,1.));
#4967=DIRECTION('center_axis',(0.,0.,1.));
#4968=DIRECTION('ref_axis',(-1.,1.22464679914735E-16,0.));
#4969=DIRECTION('center_axis',(0.,0.,1.));
#4970=DIRECTION('ref_axis',(1.,0.,0.));
#4971=DIRECTION('center_axis',(0.,0.,1.));
#4972=DIRECTION('ref_axis',(1.,0.,0.));
#4973=DIRECTION('',(0.,0.,1.));
#4974=DIRECTION('center_axis',(-0.990502739651557,0.137492991613248,0.));
#4975=DIRECTION('ref_axis',(-0.137492991613248,-0.990502739651557,0.));
#4976=DIRECTION('',(-0.137492991613248,-0.990502739651557,0.));
#4977=DIRECTION('',(-0.137492991613248,-0.990502739651557,0.));
#4978=DIRECTION('',(0.,0.,1.));
#4979=DIRECTION('center_axis',(0.,0.,1.));
#4980=DIRECTION('ref_axis',(1.,0.,0.));
#4981=DIRECTION('center_axis',(0.,0.,1.));
#4982=DIRECTION('ref_axis',(1.,0.,0.));
#4983=DIRECTION('center_axis',(0.,0.,1.));
#4984=DIRECTION('ref_axis',(1.,0.,0.));
#4985=DIRECTION('center_axis',(0.,0.,1.));
#4986=DIRECTION('ref_axis',(1.,0.,0.));
#4987=DIRECTION('center_axis',(0.,0.,1.));
#4988=DIRECTION('ref_axis',(1.,0.,0.));
#4989=DIRECTION('axis',(0.,0.,1.));
#4990=DIRECTION('refdir',(1.,0.,0.));
#4991=DIRECTION('center_axis',(0.,-1.,0.));
#4992=DIRECTION('ref_axis',(-1.,0.,0.));
#4993=DIRECTION('center_axis',(-1.36845553157384E-47,-1.,7.7037197775863E-33));
#4994=DIRECTION('ref_axis',(-1.,0.,0.));
#4995=DIRECTION('',(0.,-1.,0.));
#4996=DIRECTION('center_axis',(1.36845553157384E-47,1.,-7.7037197775863E-33));
#4997=DIRECTION('ref_axis',(-1.,0.,0.));
#4998=DIRECTION('center_axis',(-1.36845553157384E-47,-1.,7.7037197775863E-33));
#4999=DIRECTION('ref_axis',(-2.16493489801905E-15,7.7037197775863E-33,1.));
#5000=DIRECTION('',(1.,-1.36845553157384E-47,0.));
#5001=DIRECTION('',(-5.40624407532721E-49,-7.7037197775863E-33,-1.));
#5002=DIRECTION('',(1.,0.,1.77635683940025E-15));
#5003=DIRECTION('',(-1.05421979433328E-79,-7.7037197775863E-33,-1.));
#5004=DIRECTION('center_axis',(1.36845553157384E-47,1.,-7.7037197775863E-33));
#5005=DIRECTION('ref_axis',(-1.,1.36845553157384E-47,0.));
#5006=DIRECTION('center_axis',(0.,0.,1.));
#5007=DIRECTION('ref_axis',(1.,0.,0.));
#5008=DIRECTION('',(-1.,1.36845553157384E-47,0.));
#5009=DIRECTION('',(-5.47820073070145E-33,1.,0.));
#5010=DIRECTION('',(-1.18329135783152E-30,-1.,0.));
#5011=DIRECTION('center_axis',(1.,5.47820073070145E-33,-5.40624407532721E-49));
#5012=DIRECTION('ref_axis',(-5.47820073070145E-33,1.,0.));
#5013=DIRECTION('',(5.40624407532721E-49,-7.39820460991981E-96,1.));
#5014=DIRECTION('',(-5.01801420024553E-33,-1.,0.));
#5015=DIRECTION('',(-3.87367288538009E-33,0.707106781186547,0.707106781186548));
#5016=DIRECTION('',(-1.05421979433328E-79,-7.7037197775863E-33,-1.));
#5017=DIRECTION('center_axis',(1.,5.47820073070145E-33,-5.40624407532721E-49));
#5018=DIRECTION('ref_axis',(-1.39563774105224E-15,0.707106781186547,0.707106781186548));
#5019=DIRECTION('center_axis',(-1.,-5.47820073070145E-33,5.40624407532721E-49));
#5020=DIRECTION('ref_axis',(0.,1.,0.));
#5021=DIRECTION('center_axis',(-1.,-5.47820073070145E-33,5.40624407532721E-49));
#5022=DIRECTION('ref_axis',(0.,1.,0.));
#5023=DIRECTION('center_axis',(-1.,-5.47820073070145E-33,5.40624407532721E-49));
#5024=DIRECTION('ref_axis',(0.,1.,0.));
#5025=DIRECTION('center_axis',(-1.36845553157384E-47,-1.,7.7037197775863E-33));
#5026=DIRECTION('ref_axis',(-1.,1.36845553157384E-47,0.));
#5027=DIRECTION('',(2.16493489801905E-15,-2.96261713669142E-62,-1.));
#5028=DIRECTION('',(1.,-1.36845553157384E-47,0.));
#5029=DIRECTION('center_axis',(1.36845553157384E-47,1.,-7.7037197775863E-33));
#5030=DIRECTION('ref_axis',(-1.,0.,0.));
#5031=DIRECTION('center_axis',(0.,0.,-1.));
#5032=DIRECTION('ref_axis',(-5.01801420024553E-33,-1.,0.));
#5033=DIRECTION('',(-5.01801420024553E-33,-1.,0.));
#5034=DIRECTION('',(-1.,0.,0.));
#5035=DIRECTION('center_axis',(0.,-0.707106781186548,0.707106781186547));
#5036=DIRECTION('ref_axis',(2.3157295610603E-35,0.707106781186547,0.707106781186548));
#5037=DIRECTION('',(1.53084014721668E-15,-0.707106781186547,-0.707106781186548));
#5038=DIRECTION('',(-1.,1.36845553157384E-47,1.36845553157384E-47));
#5039=DIRECTION('center_axis',(1.36845553157384E-47,1.,-7.7037197775863E-33));
#5040=DIRECTION('ref_axis',(2.16493489801905E-15,-7.7037197775863E-33,-1.));
#5041=DIRECTION('',(-2.16493489801905E-15,7.7037197775863E-33,1.));
#5042=DIRECTION('',(-1.,0.,-1.77635683940025E-15));
#5043=DIRECTION('center_axis',(1.,-1.18329135783152E-30,2.16493489801905E-15));
#5044=DIRECTION('ref_axis',(1.18329135783152E-30,1.,-7.70371977758374E-33));
#5045=DIRECTION('center_axis',(1.,-1.18329135783152E-30,2.16493489801905E-15));
#5046=DIRECTION('ref_axis',(-1.39563774105224E-15,0.707106781186547,0.707106781186548));
#5047=DIRECTION('center_axis',(-1.,1.18329135783152E-30,-2.16493489801905E-15));
#5048=DIRECTION('ref_axis',(1.18329135783152E-30,1.,-7.70371977758374E-33));
#5049=DIRECTION('center_axis',(-1.,1.18329135783152E-30,-2.16493489801905E-15));
#5050=DIRECTION('ref_axis',(1.18329135783152E-30,1.,-7.70371977758374E-33));
#5051=DIRECTION('center_axis',(0.,1.,0.));
#5052=DIRECTION('ref_axis',(-1.,0.,0.));
#5053=DIRECTION('',(0.,-1.,0.));
#5054=DIRECTION('center_axis',(1.,0.,0.));
#5055=DIRECTION('ref_axis',(-3.0434448503897E-33,1.,1.64536056910044E-81));
#5056=DIRECTION('center_axis',(1.,5.47820073070145E-33,-5.40624407532721E-49));
#5057=DIRECTION('ref_axis',(-5.47820073070145E-33,1.,2.96164902438079E-81));
#5058=DIRECTION('',(-0.707106781186546,0.707106781186549,8.65956056235495E-17));
#5059=DIRECTION('center_axis',(-1.,-5.47820073070145E-33,5.40624407532721E-49));
#5060=DIRECTION('ref_axis',(0.,1.,0.));
#5061=DIRECTION('center_axis',(1.,0.,0.));
#5062=DIRECTION('ref_axis',(0.,1.,0.));
#5063=DIRECTION('',(-1.,0.,0.));
#5064=DIRECTION('center_axis',(1.,5.47820073070145E-33,-5.40624407532721E-49));
#5065=DIRECTION('ref_axis',(0.,1.,0.));
#5066=DIRECTION('center_axis',(1.,5.47820073070145E-33,-5.40624407532721E-49));
#5067=DIRECTION('ref_axis',(-5.47820073070145E-33,1.,0.));
#5068=DIRECTION('center_axis',(1.,5.47820073070145E-33,-5.40624407532721E-49));
#5069=DIRECTION('ref_axis',(-5.47820073070145E-33,1.,0.));
#5070=DIRECTION('center_axis',(1.,0.,0.));
#5071=DIRECTION('ref_axis',(0.,1.,0.));
#5072=DIRECTION('',(-1.,0.,0.));
#5073=DIRECTION('center_axis',(-1.,0.,0.));
#5074=DIRECTION('ref_axis',(0.,1.,0.));
#5075=DIRECTION('',(-1.,0.,0.));
#5076=DIRECTION('center_axis',(-1.,-5.47820073070145E-33,5.40624407532721E-49));
#5077=DIRECTION('ref_axis',(-5.47820073070145E-33,1.,0.));
#5078=DIRECTION('center_axis',(1.,5.47820073070145E-33,-5.40624407532721E-49));
#5079=DIRECTION('ref_axis',(-5.47820073070145E-33,1.,0.));
#5080=DIRECTION('center_axis',(1.,5.47820073070145E-33,-5.40624407532721E-49));
#5081=DIRECTION('ref_axis',(0.,1.,-7.70371977758626E-33));
#5082=DIRECTION('center_axis',(-1.,0.,0.));
#5083=DIRECTION('ref_axis',(0.,1.,0.));
#5084=DIRECTION('',(-1.,0.,0.));
#5085=DIRECTION('center_axis',(-1.,-5.47820073070145E-33,5.40624407532721E-49));
#5086=DIRECTION('ref_axis',(-5.47820073070145E-33,1.,0.));
#5087=DIRECTION('center_axis',(1.,5.47820073070145E-33,-5.40624407532721E-49));
#5088=DIRECTION('ref_axis',(-5.47820073070145E-33,1.,0.));
#5089=DIRECTION('center_axis',(1.,5.47820073070145E-33,-5.40624407532721E-49));
#5090=DIRECTION('ref_axis',(0.,1.,-7.70371977758626E-33));
#5091=DIRECTION('center_axis',(1.,5.47820073070145E-33,-5.40624407532721E-49));
#5092=DIRECTION('ref_axis',(-5.47820073070145E-33,1.,0.));
#5093=DIRECTION('center_axis',(1.,0.,1.77635683940025E-15));
#5094=DIRECTION('ref_axis',(-1.39563774105224E-15,0.707106781186547,0.707106781186548));
#5095=DIRECTION('center_axis',(1.,0.,2.1316282072803E-15));
#5096=DIRECTION('ref_axis',(0.,1.,-7.70371977758626E-33));
#5097=DIRECTION('',(-1.,0.,-2.1316282072803E-15));
#5098=DIRECTION('center_axis',(1.,0.,2.1316282072803E-15));
#5099=DIRECTION('ref_axis',(0.,1.,-7.70371977758626E-33));
#5100=DIRECTION('',(-1.,0.,-2.1316282072803E-15));
#5101=DIRECTION('axis',(0.,0.,1.));
#5102=DIRECTION('refdir',(1.,0.,0.));
#5103=DIRECTION('center_axis',(0.,0.,1.));
#5104=DIRECTION('ref_axis',(1.,0.,0.));
#5105=DIRECTION('',(-1.,0.,0.));
#5106=DIRECTION('center_axis',(0.,0.,-1.));
#5107=DIRECTION('ref_axis',(-1.,0.,0.));
#5108=DIRECTION('',(1.36149274005135E-16,1.,0.));
#5109=DIRECTION('center_axis',(0.,0.,-1.));
#5110=DIRECTION('ref_axis',(1.,0.,0.));
#5111=DIRECTION('',(1.,0.,0.));
#5112=DIRECTION('center_axis',(0.,0.,-1.));
#5113=DIRECTION('ref_axis',(1.,0.,0.));
#5114=DIRECTION('',(-1.36149274005135E-16,-1.,0.));
#5115=DIRECTION('center_axis',(0.,0.,-1.));
#5116=DIRECTION('ref_axis',(0.259838821759763,-0.965652000829749,0.));
#5117=DIRECTION('center_axis',(0.,0.,1.));
#5118=DIRECTION('ref_axis',(1.,0.,0.));
#5119=DIRECTION('center_axis',(0.,0.,1.));
#5120=DIRECTION('ref_axis',(1.,0.,0.));
#5121=DIRECTION('center_axis',(0.,0.,1.));
#5122=DIRECTION('ref_axis',(1.,0.,0.));
#5123=DIRECTION('center_axis',(0.,0.,1.));
#5124=DIRECTION('ref_axis',(1.,0.,0.));
#5125=DIRECTION('center_axis',(0.,0.,1.));
#5126=DIRECTION('ref_axis',(-1.,0.,0.));
#5127=DIRECTION('center_axis',(0.,0.,1.));
#5128=DIRECTION('ref_axis',(-1.,0.,0.));
#5129=DIRECTION('center_axis',(0.,0.,1.));
#5130=DIRECTION('ref_axis',(-1.,0.,0.));
#5131=DIRECTION('center_axis',(0.,0.,1.));
#5132=DIRECTION('ref_axis',(-1.,0.,0.));
#5133=DIRECTION('center_axis',(0.,0.,1.));
#5134=DIRECTION('ref_axis',(-1.,0.,0.));
#5135=DIRECTION('center_axis',(0.,0.,1.));
#5136=DIRECTION('ref_axis',(-1.,0.,0.));
#5137=DIRECTION('center_axis',(0.,0.,1.));
#5138=DIRECTION('ref_axis',(-1.,0.,0.));
#5139=DIRECTION('center_axis',(0.,0.,-1.));
#5140=DIRECTION('ref_axis',(-1.,0.,0.));
#5141=DIRECTION('center_axis',(0.,0.,-1.));
#5142=DIRECTION('ref_axis',(-1.,0.,0.));
#5143=DIRECTION('',(0.,0.,-1.));
#5144=DIRECTION('center_axis',(0.,0.,-1.));
#5145=DIRECTION('ref_axis',(-1.,0.,0.));
#5146=DIRECTION('center_axis',(0.,0.,-1.));
#5147=DIRECTION('ref_axis',(-1.,0.,0.));
#5148=DIRECTION('',(0.,0.,-1.));
#5149=DIRECTION('center_axis',(0.,0.,-1.));
#5150=DIRECTION('ref_axis',(-1.,0.,0.));
#5151=DIRECTION('center_axis',(0.,0.,-1.));
#5152=DIRECTION('ref_axis',(-1.,0.,0.));
#5153=DIRECTION('',(0.,0.,-1.));
#5154=DIRECTION('center_axis',(0.,0.,-1.));
#5155=DIRECTION('ref_axis',(-1.,0.,0.));
#5156=DIRECTION('center_axis',(0.,0.,-1.));
#5157=DIRECTION('ref_axis',(-1.,0.,0.));
#5158=DIRECTION('',(0.,0.,-1.));
#5159=DIRECTION('center_axis',(0.,0.,-1.));
#5160=DIRECTION('ref_axis',(-1.,0.,0.));
#5161=DIRECTION('center_axis',(0.,0.,-1.));
#5162=DIRECTION('ref_axis',(-1.,0.,0.));
#5163=DIRECTION('',(0.,0.,-1.));
#5164=DIRECTION('center_axis',(0.,0.,-1.));
#5165=DIRECTION('ref_axis',(-1.,0.,0.));
#5166=DIRECTION('center_axis',(0.,0.,-1.));
#5167=DIRECTION('ref_axis',(-1.,0.,0.));
#5168=DIRECTION('',(0.,0.,-1.));
#5169=DIRECTION('center_axis',(0.,0.,-1.));
#5170=DIRECTION('ref_axis',(-1.,0.,0.));
#5171=DIRECTION('center_axis',(0.,0.,-1.));
#5172=DIRECTION('ref_axis',(-1.,0.,0.));
#5173=DIRECTION('',(0.,0.,-1.));
#5174=DIRECTION('center_axis',(-1.,0.,0.));
#5175=DIRECTION('ref_axis',(0.,-1.,0.));
#5176=DIRECTION('',(0.,1.,0.));
#5177=DIRECTION('',(0.,0.,1.));
#5178=DIRECTION('',(0.,-1.,0.));
#5179=DIRECTION('',(0.,0.,1.));
#5180=DIRECTION('center_axis',(0.,-1.,0.));
#5181=DIRECTION('ref_axis',(1.,0.,0.));
#5182=DIRECTION('',(-1.,0.,0.));
#5183=DIRECTION('',(0.,0.,1.));
#5184=DIRECTION('',(1.,0.,0.));
#5185=DIRECTION('center_axis',(0.,1.,0.));
#5186=DIRECTION('ref_axis',(-1.,0.,0.));
#5187=DIRECTION('',(1.,0.,0.));
#5188=DIRECTION('',(-1.,0.,0.));
#5189=DIRECTION('',(0.,0.,1.));
#5190=DIRECTION('center_axis',(1.,0.,0.));
#5191=DIRECTION('ref_axis',(0.,1.,0.));
#5192=DIRECTION('',(0.,-1.,0.));
#5193=DIRECTION('',(0.,1.,0.));
#5194=DIRECTION('center_axis',(0.,0.,1.));
#5195=DIRECTION('ref_axis',(1.,0.,0.));
#5196=DIRECTION('center_axis',(0.,0.,1.));
#5197=DIRECTION('ref_axis',(1.,0.,0.));
#5198=DIRECTION('center_axis',(0.,0.,-1.));
#5199=DIRECTION('ref_axis',(1.,0.,0.));
#5200=DIRECTION('',(0.,0.,-1.));
#5201=DIRECTION('center_axis',(0.,0.,1.));
#5202=DIRECTION('ref_axis',(1.,0.,0.));
#5203=DIRECTION('center_axis',(0.,0.,-1.));
#5204=DIRECTION('ref_axis',(1.,0.,0.));
#5205=DIRECTION('',(0.,0.,-1.));
#5206=DIRECTION('center_axis',(0.,0.,1.));
#5207=DIRECTION('ref_axis',(1.,0.,0.));
#5208=DIRECTION('center_axis',(0.,0.,-1.));
#5209=DIRECTION('ref_axis',(1.,0.,0.));
#5210=DIRECTION('',(0.,0.,-1.));
#5211=DIRECTION('center_axis',(0.,0.,1.));
#5212=DIRECTION('ref_axis',(1.,0.,0.));
#5213=DIRECTION('center_axis',(0.,0.,-1.));
#5214=DIRECTION('ref_axis',(1.,0.,0.));
#5215=DIRECTION('',(0.,0.,-1.));
#5216=DIRECTION('center_axis',(0.,0.,1.));
#5217=DIRECTION('ref_axis',(-1.,0.,0.));
#5218=DIRECTION('',(0.,0.,1.));
#5219=DIRECTION('center_axis',(0.,0.,1.));
#5220=DIRECTION('ref_axis',(-1.,0.,0.));
#5221=DIRECTION('',(0.,0.,1.));
#5222=DIRECTION('center_axis',(-1.,1.36149274005135E-16,0.));
#5223=DIRECTION('ref_axis',(-1.36149274005135E-16,-1.,0.));
#5224=DIRECTION('',(-1.36149274005135E-16,-1.,0.));
#5225=DIRECTION('',(0.,0.,1.));
#5226=DIRECTION('center_axis',(0.,0.,1.));
#5227=DIRECTION('ref_axis',(1.,0.,0.));
#5228=DIRECTION('center_axis',(0.,0.,1.));
#5229=DIRECTION('ref_axis',(1.,0.,0.));
#5230=DIRECTION('',(0.,0.,1.));
#5231=DIRECTION('center_axis',(0.,1.,0.));
#5232=DIRECTION('ref_axis',(-1.,0.,0.));
#5233=DIRECTION('',(-1.,0.,0.));
#5234=DIRECTION('',(0.,0.,1.));
#5235=DIRECTION('center_axis',(0.,0.,1.));
#5236=DIRECTION('ref_axis',(1.,0.,0.));
#5237=DIRECTION('center_axis',(0.,0.,1.));
#5238=DIRECTION('ref_axis',(1.,0.,0.));
#5239=DIRECTION('',(0.,0.,1.));
#5240=DIRECTION('center_axis',(1.,-1.36149274005135E-16,0.));
#5241=DIRECTION('ref_axis',(1.36149274005135E-16,1.,0.));
#5242=DIRECTION('',(1.36149274005135E-16,1.,0.));
#5243=DIRECTION('',(0.,0.,1.));
#5244=DIRECTION('center_axis',(0.,0.,1.));
#5245=DIRECTION('ref_axis',(0.259838821759763,-0.965652000829749,0.));
#5246=DIRECTION('center_axis',(0.,0.,1.));
#5247=DIRECTION('ref_axis',(0.259838821759763,-0.965652000829749,0.));
#5248=DIRECTION('',(0.,0.,1.));
#5249=DIRECTION('center_axis',(0.,-1.,0.));
#5250=DIRECTION('ref_axis',(1.,0.,0.));
#5251=DIRECTION('',(1.,0.,0.));
#5252=DIRECTION('center_axis',(0.,0.,1.));
#5253=DIRECTION('ref_axis',(1.,0.,0.));
#5254=DIRECTION('axis',(0.,0.,1.));
#5255=DIRECTION('refdir',(1.,0.,0.));
#5256=DIRECTION('center_axis',(0.,-2.22044604925031E-15,-1.));
#5257=DIRECTION('ref_axis',(-1.,0.,0.));
#5258=DIRECTION('',(0.,-1.,2.22044604925031E-15));
#5259=DIRECTION('',(-1.,0.,0.));
#5260=DIRECTION('',(0.,1.,-2.22044604925031E-15));
#5261=DIRECTION('',(1.,0.,0.));
#5262=DIRECTION('center_axis',(-1.,0.,0.));
#5263=DIRECTION('ref_axis',(0.,0.584285714285714,0.81154802943611));
#5264=DIRECTION('center_axis',(-1.,4.48387935024195E-45,8.41399890455163E-31));
#5265=DIRECTION('ref_axis',(0.,0.584285714285714,0.81154802943611));
#5266=DIRECTION('',(1.,0.,0.));
#5267=DIRECTION('center_axis',(1.,6.56858655152257E-47,1.23259516440783E-32));
#5268=DIRECTION('ref_axis',(0.,0.584285714285714,0.81154802943611));
#5269=DIRECTION('',(1.,0.,0.));
#5270=DIRECTION('center_axis',(1.,0.,0.));
#5271=DIRECTION('ref_axis',(0.,-0.584285714285714,0.81154802943611));
#5272=DIRECTION('center_axis',(1.,6.56858655152257E-47,1.23259516440783E-32));
#5273=DIRECTION('ref_axis',(0.,-0.584285714285714,0.81154802943611));
#5274=DIRECTION('',(-1.,0.,0.));
#5275=DIRECTION('center_axis',(-1.,4.48387935024195E-45,8.41399890455163E-31));
#5276=DIRECTION('ref_axis',(0.,-0.584285714285714,0.81154802943611));
#5277=DIRECTION('',(1.,0.,0.));
#5278=DIRECTION('center_axis',(0.,1.,6.34413156928661E-17));
#5279=DIRECTION('ref_axis',(0.,6.34413156928661E-17,-1.));
#5280=DIRECTION('',(0.,6.34413156928661E-17,-1.));
#5281=DIRECTION('',(0.,6.34413156928661E-17,-1.));
#5282=DIRECTION('center_axis',(0.,-1.,0.));
#5283=DIRECTION('ref_axis',(0.,0.,1.));
#5284=DIRECTION('',(0.,-2.22044604925031E-15,-1.));
#5285=DIRECTION('',(0.,-2.22044604925031E-15,-1.));
#5286=DIRECTION('center_axis',(-8.96775870048391E-45,-1.,-5.32907051820075E-15));
#5287=DIRECTION('ref_axis',(-0.70710678118655,-4.18691322315674E-15,0.707106781186545));
#5288=DIRECTION('center_axis',(-1.66533453693774E-16,1.,5.12645251247294E-15));
#5289=DIRECTION('ref_axis',(-0.70710678118655,-4.18691322315674E-15,0.707106781186545));
#5290=DIRECTION('',(8.96775870048391E-45,1.,5.32907051820075E-15));
#5291=DIRECTION('center_axis',(1.66533453693774E-16,-1.,-5.12645251247294E-15));
#5292=DIRECTION('ref_axis',(-0.70710678118655,-4.18691322315674E-15,0.707106781186545));
#5293=DIRECTION('',(-8.96775870048391E-45,-1.,-5.32907051820075E-15));
#5294=DIRECTION('center_axis',(-1.66533453693774E-16,1.,5.12645251247294E-15));
#5295=DIRECTION('ref_axis',(-1.,-1.66533453693774E-16,-1.23259516440783E-32));
#5296=DIRECTION('',(0.,0.,-1.));
#5297=DIRECTION('',(1.23259516440783E-32,4.71750879830867E-32,-1.));
#5298=DIRECTION('center_axis',(-1.66533453693774E-16,1.,5.12645251247294E-15));
#5299=DIRECTION('ref_axis',(0.707106781186548,-4.18691322315675E-15,0.707106781186548));
#5300=DIRECTION('',(1.,2.21711445868295E-15,1.23259516440784E-32));
#5301=DIRECTION('center_axis',(1.66533453693774E-16,-1.,-4.71358036268441E-32));
#5302=DIRECTION('ref_axis',(-1.,-1.66533453693774E-16,-1.23259516440783E-32));
#5303=DIRECTION('center_axis',(1.66533453693774E-16,-1.,-4.71119727693278E-32));
#5304=DIRECTION('ref_axis',(-1.,-1.66533453693774E-16,-1.23259516440783E-32));
#5305=DIRECTION('center_axis',(-1.,4.48387935024195E-45,8.41399890455163E-31));
#5306=DIRECTION('ref_axis',(8.41399890455163E-31,5.12645251247294E-15,1.));
#5307=DIRECTION('',(8.41399890455163E-31,-5.12645251247294E-15,1.));
#5308=DIRECTION('',(8.96775870048391E-45,1.,5.32907051820075E-15));
#5309=DIRECTION('',(0.,0.,-1.));
#5310=DIRECTION('',(0.,-1.,0.));
#5311=DIRECTION('',(0.,0.,-1.));
#5312=DIRECTION('',(0.,1.,-5.32907051820075E-15));
#5313=DIRECTION('',(8.41399890455163E-31,5.12645251247294E-15,1.));
#5314=DIRECTION('',(0.,-1.,5.32907051820075E-15));
#5315=DIRECTION('',(0.,0.,-1.));
#5316=DIRECTION('center_axis',(0.,1.,-5.32907051820075E-15));
#5317=DIRECTION('ref_axis',(-0.707106781186548,4.18691322315672E-15,0.707106781186548));
#5318=DIRECTION('center_axis',(-1.66533453693774E-16,-1.,5.12645251247294E-15));
#5319=DIRECTION('ref_axis',(-0.707106781186548,4.18691322315672E-15,0.707106781186548));
#5320=DIRECTION('center_axis',(1.66533453693774E-16,1.,-5.12645251247294E-15));
#5321=DIRECTION('ref_axis',(-0.707106781186548,4.18691322315672E-15,0.707106781186548));
#5322=DIRECTION('',(0.,1.,-5.32907051820075E-15));
#5323=DIRECTION('center_axis',(1.66533453693774E-16,1.,-5.12645251247294E-15));
#5324=DIRECTION('ref_axis',(-1.,1.66533453693774E-16,-1.23259516440783E-32));
#5325=DIRECTION('center_axis',(1.66533453693774E-16,1.,-5.12645251247294E-15));
#5326=DIRECTION('ref_axis',(-0.707106781186548,-4.18691322315672E-15,-0.707106781186548));
#5327=DIRECTION('',(-1.,1.66533453693774E-16,-1.23259516440783E-32));
#5328=DIRECTION('center_axis',(1.66533453693774E-16,1.,-5.12645251247294E-15));
#5329=DIRECTION('ref_axis',(0.707106781186548,-4.18691322315672E-15,-0.707106781186548));
#5330=DIRECTION('',(1.23259516440783E-32,-4.71750879830867E-32,-1.));
#5331=DIRECTION('center_axis',(1.66533453693774E-16,1.,-5.12645251247294E-15));
#5332=DIRECTION('ref_axis',(0.707106781186545,4.18691322315674E-15,0.70710678118655));
#5333=DIRECTION('',(1.,-2.21711445868295E-15,1.23259516440784E-32));
#5334=DIRECTION('center_axis',(-1.66533453693774E-16,-1.,4.71119727693278E-32));
#5335=DIRECTION('ref_axis',(-1.,1.66533453693774E-16,-1.23259516440783E-32));
#5336=DIRECTION('center_axis',(-1.66533453693774E-16,-1.,4.71358036268441E-32));
#5337=DIRECTION('ref_axis',(-1.,1.66533453693774E-16,-1.23259516440783E-32));
#5338=DIRECTION('center_axis',(-8.96775870048391E-45,-1.,-5.32907051820075E-15));
#5339=DIRECTION('ref_axis',(-0.70710678118655,4.18691322315674E-15,-0.707106781186545));
#5340=DIRECTION('center_axis',(1.66533453693774E-16,-1.,-5.12645251247294E-15));
#5341=DIRECTION('ref_axis',(-0.70710678118655,4.18691322315674E-15,-0.707106781186545));
#5342=DIRECTION('',(-8.96775870048391E-45,-1.,-5.32907051820075E-15));
#5343=DIRECTION('center_axis',(0.,-1.,0.));
#5344=DIRECTION('ref_axis',(-0.70710678118655,4.18691322315674E-15,-0.707106781186545));
#5345=DIRECTION('center_axis',(-1.66533453693774E-16,1.,5.12645251247294E-15));
#5346=DIRECTION('ref_axis',(-1.,-1.66533453693774E-16,-1.23259516440783E-32));
#5347=DIRECTION('',(1.,2.21711445868295E-15,1.23259516440784E-32));
#5348=DIRECTION('center_axis',(1.66533453693774E-16,-1.,-5.12645251247294E-15));
#5349=DIRECTION('ref_axis',(0.707106781186548,-4.18691322315675E-15,0.707106781186548));
#5350=DIRECTION('',(1.23259516440783E-32,4.71750879830867E-32,-1.));
#5351=DIRECTION('center_axis',(1.66533453693774E-16,-1.,-5.12645251247294E-15));
#5352=DIRECTION('ref_axis',(0.707106781186548,4.18691322315675E-15,-0.707106781186548));
#5353=DIRECTION('',(-1.,-1.66533453693774E-16,-1.23259516440783E-32));
#5354=DIRECTION('center_axis',(1.66533453693774E-16,-1.,-4.71119727693278E-32));
#5355=DIRECTION('ref_axis',(-1.,-1.66533453693774E-16,-1.23259516440783E-32));
#5356=DIRECTION('center_axis',(1.66533453693774E-16,-1.,-4.71358036268441E-32));
#5357=DIRECTION('ref_axis',(-1.,-1.66533453693774E-16,-1.23259516440783E-32));
#5358=DIRECTION('center_axis',(0.,1.,-5.32907051820075E-15));
#5359=DIRECTION('ref_axis',(-0.707106781186548,-4.18691322315672E-15,-0.707106781186548));
#5360=DIRECTION('center_axis',(0.,1.,0.));
#5361=DIRECTION('ref_axis',(-0.707106781186548,-4.18691322315672E-15,-0.707106781186548));
#5362=DIRECTION('',(0.,-1.,5.32907051820075E-15));
#5363=DIRECTION('center_axis',(0.,1.,-5.32907051820075E-15));
#5364=DIRECTION('ref_axis',(0.707106781186545,4.18691322315674E-15,0.70710678118655));
#5365=DIRECTION('center_axis',(-1.66533453693774E-16,-1.,5.12645251247294E-15));
#5366=DIRECTION('ref_axis',(0.707106781186545,4.18691322315674E-15,0.70710678118655));
#5367=DIRECTION('',(0.,-1.,5.32907051820075E-15));
#5368=DIRECTION('',(0.,1.,-5.32907051820075E-15));
#5369=DIRECTION('center_axis',(1.18028333455999E-29,5.32907051820075E-15,
1.));
#5370=DIRECTION('ref_axis',(1.,-2.21711445868295E-15,1.23259516440784E-32));
#5371=DIRECTION('',(1.,-2.21711445868295E-15,1.23259516440784E-32));
#5372=DIRECTION('center_axis',(1.31371731030451E-46,-1.,-5.32907051820075E-15));
#5373=DIRECTION('ref_axis',(0.707106781186548,-4.18691322315675E-15,0.707106781186548));
#5374=DIRECTION('',(-1.31371731030451E-46,1.,5.32907051820075E-15));
#5375=DIRECTION('',(1.31371731030451E-46,-1.,-5.32907051820075E-15));
#5376=DIRECTION('center_axis',(-1.18028333455999E-29,5.32907051820075E-15,
-1.));
#5377=DIRECTION('ref_axis',(1.,2.21711445868295E-15,1.23259516440784E-32));
#5378=DIRECTION('center_axis',(1.31371731030451E-46,-1.,-5.32907051820075E-15));
#5379=DIRECTION('ref_axis',(0.707106781186548,4.18691322315675E-15,-0.707106781186548));
#5380=DIRECTION('',(1.31371731030451E-46,-1.,-5.32907051820075E-15));
#5381=DIRECTION('center_axis',(0.,-1.,0.));
#5382=DIRECTION('ref_axis',(0.707106781186548,4.18691322315675E-15,-0.707106781186548));
#5383=DIRECTION('',(-1.31371731030451E-46,1.,5.32907051820075E-15));
#5384=DIRECTION('center_axis',(8.7514256672956E-31,-5.32907051820075E-15,
1.));
#5385=DIRECTION('ref_axis',(-1.,-1.66533453693774E-16,-1.23259516440783E-32));
#5386=DIRECTION('',(1.,0.,-8.7514256672956E-31));
#5387=DIRECTION('center_axis',(0.,1.,-5.32907051820075E-15));
#5388=DIRECTION('ref_axis',(0.707106781186548,-4.18691322315672E-15,-0.707106781186548));
#5389=DIRECTION('',(0.,1.,-5.32907051820075E-15));
#5390=DIRECTION('center_axis',(0.,1.,0.));
#5391=DIRECTION('ref_axis',(0.707106781186548,-4.18691322315672E-15,-0.707106781186548));
#5392=DIRECTION('',(0.,-1.,5.32907051820075E-15));
#5393=DIRECTION('center_axis',(1.,6.56858655152257E-47,1.23259516440783E-32));
#5394=DIRECTION('ref_axis',(1.23259516440783E-32,-4.71750879830867E-32,
-1.));
#5395=DIRECTION('',(0.,0.,-1.));
#5396=DIRECTION('',(0.,-1.,0.));
#5397=DIRECTION('',(0.,0.,-1.));
#5398=DIRECTION('',(1.23259516440783E-32,-4.71750879830867E-32,-1.));
#5399=DIRECTION('center_axis',(0.,-1.,0.));
#5400=DIRECTION('ref_axis',(-1.,0.,0.));
#5401=DIRECTION('',(1.,0.,0.));
#5402=DIRECTION('center_axis',(0.,1.,5.32907051820075E-15));
#5403=DIRECTION('ref_axis',(-1.,0.,8.75142566729561E-31));
#5404=DIRECTION('',(0.,1.,5.32907051820075E-15));
#5405=DIRECTION('center_axis',(0.,1.,5.32907051820075E-15));
#5406=DIRECTION('ref_axis',(-1.,0.,8.75142566729561E-31));
#5407=DIRECTION('',(0.,1.,5.32907051820075E-15));
#5408=DIRECTION('center_axis',(0.,0.,1.));
#5409=DIRECTION('ref_axis',(-1.,0.,0.));
#5410=DIRECTION('',(1.,0.,0.));
#5411=DIRECTION('center_axis',(0.,-1.,0.));
#5412=DIRECTION('ref_axis',(-1.,0.,0.));
#5413=DIRECTION('',(1.,0.,-8.7514256672956E-31));
#5414=DIRECTION('center_axis',(0.,1.,-5.32907051820075E-15));
#5415=DIRECTION('ref_axis',(-1.,0.,8.75142566729561E-31));
#5416=DIRECTION('center_axis',(-1.66533453693774E-16,-1.,4.71119727693278E-32));
#5417=DIRECTION('ref_axis',(-1.,1.66533453693774E-16,-1.23259516440783E-32));
#5418=DIRECTION('',(0.,-1.,5.32907051820075E-15));
#5419=DIRECTION('center_axis',(0.,1.,-5.32907051820075E-15));
#5420=DIRECTION('ref_axis',(-1.,0.,8.75142566729561E-31));
#5421=DIRECTION('center_axis',(-1.66533453693774E-16,-1.,4.71358036268441E-32));
#5422=DIRECTION('ref_axis',(-1.,1.66533453693774E-16,-1.23259516440783E-32));
#5423=DIRECTION('',(0.,-1.,5.32907051820075E-15));
#5424=DIRECTION('center_axis',(-8.7514256672956E-31,-5.32907051820075E-15,
-1.));
#5425=DIRECTION('ref_axis',(-1.,1.66533453693774E-16,-1.23259516440783E-32));
#5426=DIRECTION('center_axis',(1.66533453693774E-16,1.,-5.12645251247294E-15));
#5427=DIRECTION('ref_axis',(-1.,1.66533453693774E-16,-1.23259516440783E-32));
#5428=DIRECTION('axis',(0.,0.,1.));
#5429=DIRECTION('refdir',(1.,0.,0.));
#5430=DIRECTION('center_axis',(0.,0.,1.));
#5431=DIRECTION('ref_axis',(0.999961464773115,-0.008778893370244,0.));
#5432=DIRECTION('center_axis',(0.,0.,-1.));
#5433=DIRECTION('ref_axis',(0.999961464773115,-0.008778893370244,0.));
#5434=DIRECTION('',(0.,0.,-1.));
#5435=DIRECTION('center_axis',(0.,0.,-1.));
#5436=DIRECTION('ref_axis',(0.999961464773115,-0.008778893370244,0.));
#5437=DIRECTION('center_axis',(0.,0.,1.));
#5438=DIRECTION('ref_axis',(0.999961464773115,-0.008778893370244,0.));
#5439=DIRECTION('center_axis',(0.,0.,-1.));
#5440=DIRECTION('ref_axis',(0.999961464773115,-0.008778893370244,0.));
#5441=DIRECTION('',(0.,0.,-1.));
#5442=DIRECTION('center_axis',(0.,0.,-1.));
#5443=DIRECTION('ref_axis',(0.999961464773115,-0.008778893370244,0.));
#5444=DIRECTION('center_axis',(0.,0.,1.));
#5445=DIRECTION('ref_axis',(0.999961464773115,-0.008778893370244,0.));
#5446=DIRECTION('center_axis',(0.,0.,-1.));
#5447=DIRECTION('ref_axis',(0.999961464773115,-0.008778893370244,0.));
#5448=DIRECTION('',(0.,0.,-1.));
#5449=DIRECTION('center_axis',(0.,0.,-1.));
#5450=DIRECTION('ref_axis',(0.999961464773115,-0.008778893370244,0.));
#5451=DIRECTION('center_axis',(0.,0.,1.));
#5452=DIRECTION('ref_axis',(0.908541367679289,0.417794905683933,0.));
#5453=DIRECTION('center_axis',(0.,0.,-1.));
#5454=DIRECTION('ref_axis',(0.908541367679289,0.417794905683933,0.));
#5455=DIRECTION('',(0.,0.,1.));
#5456=DIRECTION('center_axis',(0.,0.,-1.));
#5457=DIRECTION('ref_axis',(0.908541367679289,0.417794905683933,0.));
#5458=DIRECTION('',(0.,0.,1.));
#5459=DIRECTION('center_axis',(-0.008778893370244,-0.999961464773115,0.));
#5460=DIRECTION('ref_axis',(0.999961464773115,-0.008778893370244,0.));
#5461=DIRECTION('',(0.999961464773115,-0.008778893370244,0.));
#5462=DIRECTION('',(0.999961464773115,-0.008778893370244,0.));
#5463=DIRECTION('',(0.,0.,1.));
#5464=DIRECTION('center_axis',(0.,0.,1.));
#5465=DIRECTION('ref_axis',(-0.0654868855241446,0.997853430030858,0.));
#5466=DIRECTION('center_axis',(0.,0.,-1.));
#5467=DIRECTION('ref_axis',(-0.0654868855241446,0.997853430030858,0.));
#5468=DIRECTION('center_axis',(0.,0.,-1.));
#5469=DIRECTION('ref_axis',(-0.0654868855241446,0.997853430030858,0.));
#5470=DIRECTION('',(0.,0.,1.));
#5471=DIRECTION('center_axis',(0.999999200252008,0.00126471156603744,0.));
#5472=DIRECTION('ref_axis',(-0.00126471156603744,0.999999200252008,0.));
#5473=DIRECTION('',(-0.00126471156603744,0.999999200252008,0.));
#5474=DIRECTION('',(-0.00126471156603744,0.999999200252008,0.));
#5475=DIRECTION('',(0.,0.,1.));
#5476=DIRECTION('center_axis',(0.,0.,1.));
#5477=DIRECTION('ref_axis',(-0.999961464773115,0.00877889337024384,0.));
#5478=DIRECTION('center_axis',(0.,0.,-1.));
#5479=DIRECTION('ref_axis',(-0.999961464773115,0.00877889337024384,0.));
#5480=DIRECTION('center_axis',(0.,0.,-1.));
#5481=DIRECTION('ref_axis',(-0.999961464773115,0.00877889337024384,0.));
#5482=DIRECTION('',(0.,0.,1.));
#5483=DIRECTION('center_axis',(0.008778893370244,0.999961464773115,0.));
#5484=DIRECTION('ref_axis',(-0.999961464773115,0.008778893370244,0.));
#5485=DIRECTION('',(-0.999961464773115,0.008778893370244,0.));
#5486=DIRECTION('',(-0.999961464773115,0.008778893370244,0.));
#5487=DIRECTION('',(0.,0.,1.));
#5488=DIRECTION('center_axis',(0.,0.,1.));
#5489=DIRECTION('ref_axis',(-0.00877889337024419,-0.999961464773115,0.));
#5490=DIRECTION('center_axis',(0.,0.,-1.));
#5491=DIRECTION('ref_axis',(-0.00877889337024419,-0.999961464773115,0.));
#5492=DIRECTION('center_axis',(0.,0.,-1.));
#5493=DIRECTION('ref_axis',(-0.00877889337024419,-0.999961464773115,0.));
#5494=DIRECTION('',(0.,0.,1.));
#5495=DIRECTION('center_axis',(-0.008778893370244,-0.999961464773115,0.));
#5496=DIRECTION('ref_axis',(0.999961464773115,-0.008778893370244,0.));
#5497=DIRECTION('',(0.999961464773115,-0.008778893370244,0.));
#5498=DIRECTION('',(0.999961464773115,-0.008778893370244,0.));
#5499=DIRECTION('',(0.,0.,1.));
#5500=DIRECTION('center_axis',(0.,0.,1.));
#5501=DIRECTION('ref_axis',(0.999961464773115,-0.008778893370244,0.));
#5502=DIRECTION('center_axis',(0.,0.,1.));
#5503=DIRECTION('ref_axis',(0.999961464773115,-0.008778893370244,0.));
#5504=DIRECTION('center_axis',(0.,0.,1.));
#5505=DIRECTION('ref_axis',(0.999961464773115,-0.008778893370244,0.));
#5506=DIRECTION('',(0.,0.,1.));
#5507=DIRECTION('center_axis',(-0.999999999998162,-1.91733742143166E-6,
0.));
#5508=DIRECTION('ref_axis',(1.91733742143166E-6,-0.999999999998162,0.));
#5509=DIRECTION('',(1.91733742142992E-6,-0.999999999998162,0.));
#5510=DIRECTION('',(1.91733742142992E-6,-0.999999999998162,0.));
#5511=DIRECTION('',(0.,0.,1.));
#5512=DIRECTION('center_axis',(0.,0.,1.));
#5513=DIRECTION('ref_axis',(-0.703996812454896,0.710203131542903,0.));
#5514=DIRECTION('center_axis',(0.,0.,1.));
#5515=DIRECTION('ref_axis',(0.999961464773115,-0.008778893370244,0.));
#5516=DIRECTION('center_axis',(0.,0.,1.));
#5517=DIRECTION('ref_axis',(0.999961464773115,-0.008778893370244,0.));
#5518=DIRECTION('',(0.,0.,1.));
#5519=DIRECTION('center_axis',(0.008778893370244,0.999961464773115,0.));
#5520=DIRECTION('ref_axis',(-0.999961464773115,0.008778893370244,0.));
#5521=DIRECTION('',(-0.999961464773115,0.008778893370244,0.));
#5522=DIRECTION('',(-0.999961464773115,0.008778893370244,0.));
#5523=DIRECTION('center_axis',(0.,0.,1.));
#5524=DIRECTION('ref_axis',(0.999961464773115,-0.008778893370244,0.));
#5525=DIRECTION('center_axis',(0.,0.,-1.));
#5526=DIRECTION('ref_axis',(0.999961464773115,-0.008778893370244,0.));
#5527=DIRECTION('',(0.,0.,-1.));
#5528=DIRECTION('center_axis',(0.,0.,-1.));
#5529=DIRECTION('ref_axis',(0.999961464773115,-0.008778893370244,0.));
#5530=DIRECTION('center_axis',(0.999961464773115,-0.008778893370244,0.));
#5531=DIRECTION('ref_axis',(0.008778893370244,0.999961464773115,0.));
#5532=DIRECTION('',(-0.008778893370244,-0.999961464773115,0.));
#5533=DIRECTION('',(0.,0.,1.));
#5534=DIRECTION('',(0.008778893370244,0.999961464773115,0.));
#5535=DIRECTION('',(0.,0.,1.));
#5536=DIRECTION('center_axis',(0.,0.,1.));
#5537=DIRECTION('ref_axis',(-0.00183463098404704,-0.99999831706316,0.));
#5538=DIRECTION('center_axis',(0.,0.,1.));
#5539=DIRECTION('ref_axis',(-0.00183463098404704,-0.99999831706316,0.));
#5540=DIRECTION('center_axis',(0.,0.,1.));
#5541=DIRECTION('ref_axis',(-0.00183463098404704,-0.99999831706316,0.));
#5542=DIRECTION('',(0.,0.,1.));
#5543=DIRECTION('center_axis',(-0.00183463098404714,-0.99999831706316,0.));
#5544=DIRECTION('ref_axis',(0.99999831706316,-0.00183463098404714,0.));
#5545=DIRECTION('',(0.99999831706316,-0.00183463098404714,0.));
#5546=DIRECTION('',(0.99999831706316,-0.00183463098404714,0.));
#5547=DIRECTION('',(0.,0.,1.));
#5548=DIRECTION('center_axis',(0.,0.,1.));
#5549=DIRECTION('ref_axis',(-0.999961464773115,0.00877889337024411,0.));
#5550=DIRECTION('center_axis',(0.,0.,1.));
#5551=DIRECTION('ref_axis',(-0.999961464773115,0.00877889337024411,0.));
#5552=DIRECTION('center_axis',(0.,0.,1.));
#5553=DIRECTION('ref_axis',(-0.999961464773115,0.00877889337024411,0.));
#5554=DIRECTION('',(0.,0.,1.));
#5555=DIRECTION('center_axis',(-0.999961464773115,0.008778893370244,0.));
#5556=DIRECTION('ref_axis',(-0.008778893370244,-0.999961464773115,0.));
#5557=DIRECTION('',(-0.008778893370244,-0.999961464773115,0.));
#5558=DIRECTION('',(-0.008778893370244,-0.999961464773115,0.));
#5559=DIRECTION('',(0.,0.,1.));
#5560=DIRECTION('center_axis',(0.,0.,1.));
#5561=DIRECTION('ref_axis',(-0.138755075116525,0.990326728473693,0.));
#5562=DIRECTION('center_axis',(0.,0.,1.));
#5563=DIRECTION('ref_axis',(-0.138755075116525,0.990326728473693,0.));
#5564=DIRECTION('center_axis',(0.,0.,1.));
#5565=DIRECTION('ref_axis',(-0.138755075116525,0.990326728473693,0.));
#5566=DIRECTION('',(0.,0.,1.));
#5567=DIRECTION('center_axis',(0.008778893370244,0.999961464773115,0.));
#5568=DIRECTION('ref_axis',(-0.999961464773115,0.008778893370244,0.));
#5569=DIRECTION('',(-0.999961464773115,0.008778893370244,0.));
#5570=DIRECTION('',(-0.999961464773115,0.008778893370244,0.));
#5571=DIRECTION('',(0.,0.,1.));
#5572=DIRECTION('center_axis',(0.,0.,1.));
#5573=DIRECTION('ref_axis',(0.993217330983847,0.116272668470814,0.));
#5574=DIRECTION('center_axis',(0.,0.,1.));
#5575=DIRECTION('ref_axis',(0.993217330983847,0.116272668470814,0.));
#5576=DIRECTION('center_axis',(0.,0.,1.));
#5577=DIRECTION('ref_axis',(0.993217330983847,0.116272668470814,0.));
#5578=DIRECTION('center_axis',(0.,0.,1.));
#5579=DIRECTION('ref_axis',(0.999961464773115,-0.008778893370244,0.));
#5580=DIRECTION('center_axis',(0.,0.,1.));
#5581=DIRECTION('ref_axis',(0.999961464773115,-0.008778893370244,0.));
#5582=DIRECTION('',(0.999999999999992,-7.27196081129475E-15,-3.52495810318482E-15));
#5583=DIRECTION('',(6.25211053253779E-15,5.96079116306347E-16,0.999999999999994));
#5584=DIRECTION('',(-4.08717563451874E-15,-5.96079116306356E-16,-0.999999999999989));
#5585=DIRECTION('',(0.999999999999997,-7.27196081129478E-15,-1.3600232051658E-15));
#5586=DIRECTION('',(-0.999999999999991,7.27196081129474E-15,3.52495810318482E-15));
#5587=DIRECTION('',(2.16771045558064E-14,1.00000000000001,-1.40494382926747E-15));
#5588=DIRECTION('',(-4.08717563451874E-15,-5.96079116306356E-16,-0.999999999999989));
#5589=DIRECTION('',(0.999999999999997,-7.27196081129478E-15,-1.3600232051658E-15));
#5590=DIRECTION('',(-0.999999999999992,-2.37310171513639E-15,1.3600232051658E-15));
#5591=DIRECTION('',(-1.21153087562223E-14,-1.00000000000001,1.16001446943799E-15));
#5592=DIRECTION('',(-4.08717563451874E-15,-5.96079116306356E-16,-0.999999999999989));
#5593=DIRECTION('',(0.999999999999997,-7.27196081129478E-15,-1.3600232051658E-15));
#5594=DIRECTION('',(-2.15938378289594E-14,-1.,1.22124680939536E-15));
#5595=DIRECTION('',(-4.02594329456139E-15,-5.96079116306361E-16,-0.999999999999994));
#5596=CARTESIAN_POINT('',(0.,0.,0.));
#5597=CARTESIAN_POINT('',(0.,0.,0.));
#5598=CARTESIAN_POINT('Origin',(-3.40000000000487,20.1999999999999,-20.1));
#5599=CARTESIAN_POINT('',(3.39999999999513,20.1999999999999,-20.1));
#5600=CARTESIAN_POINT('',(-3.40000000000487,20.1999999999999,-20.1));
#5601=CARTESIAN_POINT('',(-6.62500000000246,20.1999999999999,-20.1));
#5602=CARTESIAN_POINT('',(3.39999999999513,25.4499999999999,-20.1));
#5603=CARTESIAN_POINT('',(3.39999999999513,20.1999999999999,-20.1));
#5604=CARTESIAN_POINT('',(-3.40000000000487,25.4499999999999,-20.1));
#5605=CARTESIAN_POINT('',(-3.40000000000487,25.4499999999999,-20.1));
#5606=CARTESIAN_POINT('',(-3.40000000000487,20.1999999999999,-20.1));
#5607=CARTESIAN_POINT('Origin',(-3.40000000000487,20.1999999999999,-24.2));
#5608=CARTESIAN_POINT('',(-3.40000000000487,20.1999999999999,-24.2));
#5609=CARTESIAN_POINT('',(-3.40000000000487,20.1999999999999,-12.1));
#5610=CARTESIAN_POINT('',(-3.40000000000487,25.4499999999999,-24.2));
#5611=CARTESIAN_POINT('',(-3.40000000000487,25.4499999999999,-24.2));
#5612=CARTESIAN_POINT('',(-3.40000000000487,20.1999999999999,-24.2));
#5613=CARTESIAN_POINT('Origin',(3.39999999999513,20.1999999999999,-24.2));
#5614=CARTESIAN_POINT('',(3.39999999999513,20.1999999999999,-24.2));
#5615=CARTESIAN_POINT('',(-3.22500000000246,20.1999999999999,-24.2));
#5616=CARTESIAN_POINT('',(3.39999999999513,25.4499999999999,-24.2));
#5617=CARTESIAN_POINT('',(3.39999999999513,25.4499999999999,-24.2));
#5618=CARTESIAN_POINT('',(3.39999999999513,20.1999999999999,-24.2));
#5619=CARTESIAN_POINT('Origin',(3.39999999999513,20.1999999999999,-20.1));
#5620=CARTESIAN_POINT('',(3.39999999999513,20.1999999999999,-10.05));
#5621=CARTESIAN_POINT('',(3.39999999999513,25.4499999999999,-20.1));
#5622=CARTESIAN_POINT('Origin',(-4.86888307449362E-12,25.4499999999999,
-22.15));
#5623=CARTESIAN_POINT('Origin',(1.20627709716014E-15,-10.35,10.9));
#5624=CARTESIAN_POINT('',(2.92,-10.35,16.4));
#5625=CARTESIAN_POINT('Origin',(1.20627709716014E-15,-10.35,16.4));
#5626=CARTESIAN_POINT('',(2.92,-10.35,10.9));
#5627=CARTESIAN_POINT('',(2.92,-10.35,10.9));
#5628=CARTESIAN_POINT('Origin',(1.20627709716014E-15,-10.35,10.9));
#5629=CARTESIAN_POINT('Origin',(1.11022302462516E-15,-10.35,16.4));
#5630=CARTESIAN_POINT('Origin',(9.84999999999513,14.8,8.3));
#5631=CARTESIAN_POINT('',(-9.85000000000487,14.7999999999999,8.3));
#5632=CARTESIAN_POINT('',(9.84999999999513,14.8,8.3));
#5633=CARTESIAN_POINT('',(4.9249999999963,14.8,8.3));
#5634=CARTESIAN_POINT('',(-9.85000000000487,14.7999999999999,10.9));
#5635=CARTESIAN_POINT('',(-9.85000000000487,14.7999999999999,8.3));
#5636=CARTESIAN_POINT('',(9.84999999999513,14.8,10.9));
#5637=CARTESIAN_POINT('',(10.0000001490116,14.8,10.9));
#5638=CARTESIAN_POINT('',(9.84999999999513,14.8,8.3));
#5639=CARTESIAN_POINT('Origin',(1.20627709716014E-15,-10.35,8.3));
#5640=CARTESIAN_POINT('',(1.20627709716014E-15,-20.2000000000001,8.3));
#5641=CARTESIAN_POINT('',(-9.85,-10.35,8.3));
#5642=CARTESIAN_POINT('Origin',(1.20627709716014E-15,-10.35,8.3));
#5643=CARTESIAN_POINT('',(9.84999999999838,-10.3500056547665,8.3));
#5644=CARTESIAN_POINT('Origin',(1.20627709716014E-15,-10.35,8.3));
#5645=CARTESIAN_POINT('',(9.84999999999838,-10.3500056547665,10.9));
#5646=CARTESIAN_POINT('',(9.84999999999838,-10.3500056547665,8.3));
#5647=CARTESIAN_POINT('',(-9.85,-10.35,10.9));
#5648=CARTESIAN_POINT('Origin',(1.20627709716014E-15,-10.35,10.9));
#5649=CARTESIAN_POINT('',(-9.85,-10.35,8.3));
#5650=CARTESIAN_POINT('Origin',(-3.24740234702858E-12,-2.7,10.9));
#5651=CARTESIAN_POINT('',(9.84999999999513,-20.2000000000001,10.9));
#5652=CARTESIAN_POINT('',(-9.85000000000487,20.1999999999999,10.9));
#5653=CARTESIAN_POINT('Origin',(-2.46025422256935E-12,-1.02140518265514E-13,
8.3));
#5654=CARTESIAN_POINT('',(-9.85000000000487,-20.2000000000001,8.3));
#5655=CARTESIAN_POINT('',(-9.85000000000487,27.0999999999866,8.3));
#5656=CARTESIAN_POINT('',(-9.85000000000005,-20.2000000000001,8.3));
#5657=CARTESIAN_POINT('Origin',(-2.46025422256935E-12,-1.02140518265514E-13,
8.3));
#5658=CARTESIAN_POINT('',(9.84999999999513,20.1999999999999,8.3));
#5659=CARTESIAN_POINT('',(9.84999999999513,-27.1000000000134,8.3));
#5660=CARTESIAN_POINT('',(-9.85000000000487,20.1999999999999,8.3));
#5661=CARTESIAN_POINT('',(9.84999999999995,20.1999999999999,8.3));
#5662=CARTESIAN_POINT('',(-9.85000000000487,27.0999999999866,8.3));
#5663=CARTESIAN_POINT('Origin',(-2.46025422256935E-12,-1.02140518265514E-13,
8.3));
#5664=CARTESIAN_POINT('',(9.84999999999513,-20.2000000000001,8.3));
#5665=CARTESIAN_POINT('',(-9.85000000000005,-20.2000000000001,8.3));
#5666=CARTESIAN_POINT('',(9.84999999999513,-27.1000000000134,8.3));
#5667=CARTESIAN_POINT('Origin',(-9.85000000000005,-20.2000000000001,0.));
#5668=CARTESIAN_POINT('',(9.84999999999513,-20.2000000000001,2.5));
#5669=CARTESIAN_POINT('',(-9.85000000000487,-20.2000000000001,2.5));
#5670=CARTESIAN_POINT('',(-9.85000000000005,-20.2000000000001,2.5));
#5671=CARTESIAN_POINT('',(9.84999999999513,-20.2000000000001,0.));
#5672=CARTESIAN_POINT('',(-9.85000000000487,-20.2000000000001,0.));
#5673=CARTESIAN_POINT('Origin',(9.84999999999513,20.1999999999999,0.));
#5674=CARTESIAN_POINT('',(-9.85000000000487,20.1999999999999,2.5));
#5675=CARTESIAN_POINT('',(9.84999999999513,20.1999999999999,2.5));
#5676=CARTESIAN_POINT('',(9.84999999999995,20.1999999999999,2.5));
#5677=CARTESIAN_POINT('',(-9.85000000000487,20.1999999999999,0.));
#5678=CARTESIAN_POINT('',(9.84999999999513,20.1999999999999,0.));
#5679=CARTESIAN_POINT('Origin',(9.84999999999513,-20.2000000000001,0.));
#5680=CARTESIAN_POINT('',(-9.85000000000487,-20.2000000000001,0.));
#5681=CARTESIAN_POINT('',(9.84999999999513,-20.2000000000001,0.));
#5682=CARTESIAN_POINT('',(-9.85000000000005,-20.2000000000001,0.));
#5683=CARTESIAN_POINT('',(-9.85000000000487,-20.2000000000001,-28.5));
#5684=CARTESIAN_POINT('',(-9.85000000000487,-20.2000000000001,0.));
#5685=CARTESIAN_POINT('',(9.84999999999513,-20.2000000000001,-28.5));
#5686=CARTESIAN_POINT('',(-9.85000000000005,-20.2000000000001,-28.5));
#5687=CARTESIAN_POINT('',(9.84999999999513,-20.2000000000001,0.));
#5688=CARTESIAN_POINT('Origin',(-9.85000000000005,20.1999999999999,0.));
#5689=CARTESIAN_POINT('',(9.84999999999513,20.1999999999999,0.));
#5690=CARTESIAN_POINT('',(-9.85000000000487,20.1999999999999,0.));
#5691=CARTESIAN_POINT('',(9.84999999999995,20.1999999999999,0.));
#5692=CARTESIAN_POINT('',(9.84999999999513,20.1999999999999,-28.5));
#5693=CARTESIAN_POINT('',(9.84999999999513,20.1999999999999,0.));
#5694=CARTESIAN_POINT('',(-9.85000000000487,20.1999999999999,-28.5));
#5695=CARTESIAN_POINT('',(9.84999999999995,20.1999999999999,-28.5));
#5696=CARTESIAN_POINT('',(-9.85000000000487,20.1999999999999,0.));
#5697=CARTESIAN_POINT('Origin',(-2.46025422256935E-12,-1.02140518265514E-13,
-28.5));
#5698=CARTESIAN_POINT('',(9.84999999999513,-27.1000000000134,-28.5));
#5699=CARTESIAN_POINT('',(-9.85000000000487,27.0999999999866,-28.5));
#5700=CARTESIAN_POINT('Origin',(-2.46136444559397E-12,-23.6500000000067,
2.5));
#5701=CARTESIAN_POINT('',(-8.721779788713,-26.9000000000134,2.5));
#5702=CARTESIAN_POINT('',(-6.43604335788549,-26.9000000000134,2.5));
#5703=CARTESIAN_POINT('',(-3.92500000000367,-26.9000000000134,2.5));
#5704=CARTESIAN_POINT('',(-4.61395664211447,-26.9000000000134,2.5));
#5705=CARTESIAN_POINT('Origin',(-5.52499999999998,-24.925,2.5));
#5706=CARTESIAN_POINT('',(4.61395664211455,-26.9000000000134,2.5));
#5707=CARTESIAN_POINT('',(2.76249999999878,-26.9000000000134,2.5));
#5708=CARTESIAN_POINT('',(6.43604335788548,-26.9000000000134,2.5));
#5709=CARTESIAN_POINT('Origin',(5.52500000000001,-24.925,2.5));
#5710=CARTESIAN_POINT('',(8.72177978870326,-26.9000000000134,2.5));
#5711=CARTESIAN_POINT('',(3.92499999999633,-26.9000000000134,2.5));
#5712=CARTESIAN_POINT('',(9.84999999999513,-25.1000000000134,2.5));
#5713=CARTESIAN_POINT('Origin',(7.84999999999513,-25.1000000000134,2.5));
#5714=CARTESIAN_POINT('',(9.84999999999513,-27.1000000000134,2.5));
#5715=CARTESIAN_POINT('',(-9.85000000000487,-25.1000000000134,2.5));
#5716=CARTESIAN_POINT('',(-9.85000000000487,27.0999999999866,2.5));
#5717=CARTESIAN_POINT('Origin',(-7.85000000000487,-25.1000000000134,2.5));
#5718=CARTESIAN_POINT('Origin',(-2.46136444559397E-12,-23.6500000000067,
0.));
#5719=CARTESIAN_POINT('',(-6.43604335788549,-26.9000000000134,0.));
#5720=CARTESIAN_POINT('',(-8.721779788713,-26.9000000000134,0.));
#5721=CARTESIAN_POINT('',(-3.92500000000367,-26.9000000000134,0.));
#5722=CARTESIAN_POINT('',(-9.85000000000487,-25.1000000000134,0.));
#5723=CARTESIAN_POINT('Origin',(-7.85000000000487,-25.1000000000134,0.));
#5724=CARTESIAN_POINT('',(-9.85000000000487,27.0999999999866,0.));
#5725=CARTESIAN_POINT('',(9.84999999999513,-25.1000000000134,0.));
#5726=CARTESIAN_POINT('',(9.84999999999513,-27.1000000000134,0.));
#5727=CARTESIAN_POINT('',(8.72177978870326,-26.9000000000134,0.));
#5728=CARTESIAN_POINT('Origin',(7.84999999999513,-25.1000000000134,0.));
#5729=CARTESIAN_POINT('',(6.43604335788548,-26.9000000000134,0.));
#5730=CARTESIAN_POINT('',(3.92499999999633,-26.9000000000134,0.));
#5731=CARTESIAN_POINT('',(4.61395664211455,-26.9000000000134,0.));
#5732=CARTESIAN_POINT('Origin',(5.52500000000001,-24.925,0.));
#5733=CARTESIAN_POINT('',(-4.61395664211447,-26.9000000000134,0.));
#5734=CARTESIAN_POINT('',(2.76249999999878,-26.9000000000134,0.));
#5735=CARTESIAN_POINT('Origin',(-5.52499999999998,-24.925,0.));
#5736=CARTESIAN_POINT('Origin',(5.52500000000001,-26.9000000000134,0.));
#5737=CARTESIAN_POINT('',(6.43604335788548,-26.9000000000134,0.));
#5738=CARTESIAN_POINT('',(8.72177978870326,-26.9000000000134,0.));
#5739=CARTESIAN_POINT('Origin',(5.52500000000001,-26.9000000000134,0.));
#5740=CARTESIAN_POINT('',(-4.61395664211447,-26.9000000000134,0.));
#5741=CARTESIAN_POINT('',(4.61395664211455,-26.9000000000134,0.));
#5742=CARTESIAN_POINT('Origin',(5.52500000000001,-26.9000000000134,0.));
#5743=CARTESIAN_POINT('',(-6.43604335788549,-26.9000000000134,0.));
#5744=CARTESIAN_POINT('',(-8.721779788713,-26.9000000000134,0.));
#5745=CARTESIAN_POINT('Origin',(-5.52499999999998,-24.925,0.));
#5746=CARTESIAN_POINT('Origin',(7.84999999999513,-25.1000000000134,0.));
#5747=CARTESIAN_POINT('',(9.84999999999513,-25.1000000000134,0.));
#5748=CARTESIAN_POINT('Origin',(-7.85000000000487,-25.1000000000134,0.));
#5749=CARTESIAN_POINT('',(-9.85000000000487,-25.1000000000134,0.));
#5750=CARTESIAN_POINT('Origin',(-9.85000000000487,-20.2000000000001,0.));
#5751=CARTESIAN_POINT('',(-9.85000000000487,25.0999999999866,2.5));
#5752=CARTESIAN_POINT('',(-9.85000000000487,24.9249999999866,2.5));
#5753=CARTESIAN_POINT('',(-9.85000000000487,25.0999999999866,0.));
#5754=CARTESIAN_POINT('',(-9.85000000000487,25.0999999999866,0.));
#5755=CARTESIAN_POINT('',(-9.85000000000487,24.9249999999866,0.));
#5756=CARTESIAN_POINT('Origin',(5.52500000000001,-24.925,0.));
#5757=CARTESIAN_POINT('Origin',(-2.46025422256935E-12,23.65,2.5));
#5758=CARTESIAN_POINT('',(8.72177978870327,26.8999999999866,2.5));
#5759=CARTESIAN_POINT('',(6.43604335794341,26.8999999999866,2.5));
#5760=CARTESIAN_POINT('',(3.92499999999634,26.8999999999866,2.5));
#5761=CARTESIAN_POINT('',(4.61395664205658,26.8999999999866,2.5));
#5762=CARTESIAN_POINT('Origin',(5.525,24.925,2.5));
#5763=CARTESIAN_POINT('',(-4.61395664209051,26.8999999999866,2.5));
#5764=CARTESIAN_POINT('',(-2.76250000000367,26.8999999999866,2.5));
#5765=CARTESIAN_POINT('',(-6.43604335791924,26.8999999999866,2.5));
#5766=CARTESIAN_POINT('Origin',(-5.52500000000487,24.9249999999866,2.5));
#5767=CARTESIAN_POINT('',(-8.721779788713,26.8999999999866,2.5));
#5768=CARTESIAN_POINT('',(-3.92500000000366,26.8999999999866,2.5));
#5769=CARTESIAN_POINT('Origin',(-7.85000000000487,25.0999999999866,2.5));
#5770=CARTESIAN_POINT('',(9.84999999999513,25.0999999999866,2.5));
#5771=CARTESIAN_POINT('',(9.84999999999513,-27.1000000000134,2.5));
#5772=CARTESIAN_POINT('Origin',(7.84999999999513,25.0999999999866,2.5));
#5773=CARTESIAN_POINT('Origin',(-2.46025422256935E-12,23.65,0.));
#5774=CARTESIAN_POINT('',(6.43604335794344,26.8999999999866,0.));
#5775=CARTESIAN_POINT('',(8.72177978870327,26.8999999999866,0.));
#5776=CARTESIAN_POINT('',(3.92499999999634,26.8999999999866,0.));
#5777=CARTESIAN_POINT('',(9.84999999999513,25.0999999999866,0.));
#5778=CARTESIAN_POINT('Origin',(7.84999999999513,25.0999999999866,0.));
#5779=CARTESIAN_POINT('',(9.84999999999513,-27.1000000000134,0.));
#5780=CARTESIAN_POINT('',(-8.721779788713,26.8999999999866,0.));
#5781=CARTESIAN_POINT('Origin',(-7.85000000000487,25.0999999999866,0.));
#5782=CARTESIAN_POINT('',(-6.43604335791924,26.8999999999866,0.));
#5783=CARTESIAN_POINT('',(-3.92500000000366,26.8999999999866,0.));
#5784=CARTESIAN_POINT('',(-4.6139566420905,26.8999999999866,0.));
#5785=CARTESIAN_POINT('Origin',(-5.52500000000487,24.9249999999866,0.));
#5786=CARTESIAN_POINT('',(4.61395664205656,26.8999999999866,0.));
#5787=CARTESIAN_POINT('',(-2.76250000000367,26.8999999999866,0.));
#5788=CARTESIAN_POINT('Origin',(5.525,24.925,0.));
#5789=CARTESIAN_POINT('Origin',(-5.52500000000487,26.8999999999866,0.));
#5790=CARTESIAN_POINT('',(-6.43604335791924,26.8999999999866,0.));
#5791=CARTESIAN_POINT('',(-8.721779788713,26.8999999999866,0.));
#5792=CARTESIAN_POINT('Origin',(-5.52500000000487,26.8999999999866,0.));
#5793=CARTESIAN_POINT('',(4.61395664205659,26.8999999999866,0.));
#5794=CARTESIAN_POINT('',(-4.61395664209051,26.8999999999866,0.));
#5795=CARTESIAN_POINT('Origin',(-5.52500000000487,26.8999999999866,0.));
#5796=CARTESIAN_POINT('',(6.43604335794341,26.8999999999866,0.));
#5797=CARTESIAN_POINT('',(8.72177978870327,26.8999999999866,0.));
#5798=CARTESIAN_POINT('Origin',(5.525,24.925,0.));
#5799=CARTESIAN_POINT('Origin',(7.84999999999513,25.0999999999866,0.));
#5800=CARTESIAN_POINT('',(9.84999999999513,25.0999999999866,0.));
#5801=CARTESIAN_POINT('Origin',(-7.85000000000487,25.0999999999866,0.));
#5802=CARTESIAN_POINT('Origin',(-5.52500000000487,24.9249999999866,0.));
#5803=CARTESIAN_POINT('Origin',(9.84999999999513,20.1999999999999,0.));
#5804=CARTESIAN_POINT('',(0.,0.,0.));
#5805=CARTESIAN_POINT('Origin',(55.7536160918182,-7.47982563171381,-17.8004160918234));
#5806=CARTESIAN_POINT('',(59.5036160918184,-5.44162563171381,-15.7622160918234));
#5807=CARTESIAN_POINT('',(59.5036160918184,-9.51802563171381,-19.8386160918234));
#5808=CARTESIAN_POINT('',(59.5036160918184,9.60137140755632,-0.719219052553229));
#5809=CARTESIAN_POINT('',(54.5036160918181,-9.51802563171382,-19.8386160918234));
#5810=CARTESIAN_POINT('',(55.7536160918182,-9.51802563171382,-19.8386160918234));
#5811=CARTESIAN_POINT('',(54.5036160918181,-5.44162563171381,-15.7622160918234));
#5812=CARTESIAN_POINT('',(54.5036160918181,1.21137140755633,-9.10921905255321));
#5813=CARTESIAN_POINT('',(55.7536160918182,-5.44162563171381,-15.7622160918234));
#5814=CARTESIAN_POINT('Origin',(54.5036160918181,-5.44162563171381,-3.39225335401041));
#5815=CARTESIAN_POINT('',(54.5036160918181,-5.44162563171381,-3.39225335401041));
#5816=CARTESIAN_POINT('',(54.5036160918181,-5.44162563171381,16.7020652770831));
#5817=CARTESIAN_POINT('',(59.5036160918181,-5.44162563171381,-3.39225335401041));
#5818=CARTESIAN_POINT('',(54.5036160918181,-5.44162563171381,-3.39225335401041));
#5819=CARTESIAN_POINT('',(59.5036160918185,-5.44162563171381,16.7020652770831));
#5820=CARTESIAN_POINT('Origin',(54.5036160918182,-27.3118374746332,36.7963839081766));
#5821=CARTESIAN_POINT('',(54.5036160918181,-11.5566293797389,-19.8386160918234));
#5822=CARTESIAN_POINT('',(54.5036160918181,6.24816252536673,-19.8386160918234));
#5823=CARTESIAN_POINT('',(54.5036160918181,-15.6330293797389,-15.7622160918234));
#5824=CARTESIAN_POINT('',(54.5036160918181,-30.6732814034625,-0.721964068099782));
#5825=CARTESIAN_POINT('',(54.5036160918181,-15.6330293797389,-3.39225335401041));
#5826=CARTESIAN_POINT('',(54.5036160918181,-15.6330293797389,8.47888390817667));
#5827=CARTESIAN_POINT('',(54.5036160918181,-22.3118374746332,-3.39225335401041));
#5828=CARTESIAN_POINT('',(54.5036160918181,-21.4724334271861,-3.39225335401041));
#5829=CARTESIAN_POINT('',(54.5036160918181,-27.3118374746332,1.60774664598958));
#5830=CARTESIAN_POINT('',(54.5036160918181,-33.60899679018,7.90490596153635));
#5831=CARTESIAN_POINT('',(54.5036160918185,-27.3118374746332,11.7963839081767));
#5832=CARTESIAN_POINT('',(54.5036160918182,-27.3118374746332,36.7963839081766));
#5833=CARTESIAN_POINT('',(54.5036160918185,-37.3118374746332,36.7963839081767));
#5834=CARTESIAN_POINT('',(54.5036160918185,-27.3118374746332,11.7963839081767));
#5835=CARTESIAN_POINT('',(54.5036160918185,16.2481625253667,36.7963839081767));
#5836=CARTESIAN_POINT('',(54.5036160918185,5.62408126268337,36.7963839081766));
#5837=CARTESIAN_POINT('',(54.5036160918185,6.24816252536673,11.7963839081767));
#5838=CARTESIAN_POINT('',(54.5036160918185,6.24816252536673,11.7963839081767));
#5839=CARTESIAN_POINT('',(54.5036160918181,6.24816252536673,1.60774664598954));
#5840=CARTESIAN_POINT('',(54.5036160918182,6.24816252536673,36.7963839081766));
#5841=CARTESIAN_POINT('',(54.5036160918181,1.24816252536678,-3.39225335401041));
#5842=CARTESIAN_POINT('',(54.5036160918181,6.65532184091352,2.01490596153633));
#5843=CARTESIAN_POINT('',(54.5036160918181,-13.0318374746332,-3.39225335401041));
#5844=CARTESIAN_POINT('',(54.5036160918181,-16.7868374746332,0.0699236336875595));
#5845=CARTESIAN_POINT('Origin',(54.5036160918182,-18.7118374746332,0.0699236336875597));
#5846=CARTESIAN_POINT('',(54.5036160918181,-0.42683747463322,0.0699236336875584));
#5847=CARTESIAN_POINT('Origin',(54.5036160918182,-2.35183747463322,0.0699236336875586));
#5848=CARTESIAN_POINT('Origin',(55.7536160918182,-13.5948293797389,-17.8004160918234));
#5849=CARTESIAN_POINT('',(59.5036160918184,-11.5566293797389,-19.8386160918234));
#5850=CARTESIAN_POINT('',(55.7536160918182,-11.5566293797389,-19.8386160918234));
#5851=CARTESIAN_POINT('',(59.5036160918184,-15.6330293797389,-15.7622160918234));
#5852=CARTESIAN_POINT('',(59.5036160918184,-22.2832814034625,-9.11196406809978));
#5853=CARTESIAN_POINT('',(55.7536160918182,-15.6330293797389,-15.7622160918234));
#5854=CARTESIAN_POINT('Origin',(54.5036160918181,-15.6330293797389,-19.8386160918233));
#5855=CARTESIAN_POINT('',(59.5036160918181,-15.6330293797389,-3.39225335401041));
#5856=CARTESIAN_POINT('',(59.5036160918185,-15.6330293797389,8.47888390817666));
#5857=CARTESIAN_POINT('',(54.5036160918181,-15.6330293797389,-3.39225335401041));
#5858=CARTESIAN_POINT('Origin',(54.5036160918181,-18.7118374746332,0.0699236336875597));
#5859=CARTESIAN_POINT('',(59.5036160918181,-16.7868374746332,0.0699236336875595));
#5860=CARTESIAN_POINT('',(54.5036160918181,-16.7868374746332,0.0699236336875599));
#5861=CARTESIAN_POINT('Origin',(59.5036160918185,-18.7118374746332,0.0699236336875597));
#5862=CARTESIAN_POINT('Origin',(54.5036160918181,1.24816252536678,-3.39225335401041));
#5863=CARTESIAN_POINT('',(59.5036160918181,1.24816252536678,-3.39225335401041));
#5864=CARTESIAN_POINT('',(54.5036160918181,1.24816252536678,-3.39225335401041));
#5865=CARTESIAN_POINT('',(59.5036160918184,3.74816252536676,-3.39225335401041));
#5866=CARTESIAN_POINT('Origin',(54.5036160918181,6.24816252536673,1.60774664598954));
#5867=CARTESIAN_POINT('',(59.5036160918181,6.24816252536673,1.60774664598954));
#5868=CARTESIAN_POINT('',(54.5036160918182,6.24816252536673,1.60774664598954));
#5869=CARTESIAN_POINT('',(59.5036160918185,15.0453218409135,10.4049059615363));
#5870=CARTESIAN_POINT('Origin',(54.5036160918181,-2.35183747463322,0.0699236336875586));
#5871=CARTESIAN_POINT('',(59.5036160918181,-0.42683747463322,0.0699236336875584));
#5872=CARTESIAN_POINT('',(54.5036160918181,-0.42683747463322,0.0699236336875588));
#5873=CARTESIAN_POINT('Origin',(59.5036160918185,-2.35183747463322,0.0699236336875586));
#5874=CARTESIAN_POINT('Origin',(54.5036160918181,-22.3118374746332,-3.39225335401041));
#5875=CARTESIAN_POINT('',(59.5036160918181,-22.3118374746332,-3.39225335401041));
#5876=CARTESIAN_POINT('',(54.5036160918181,-22.3118374746332,-3.39225335401041));
#5877=CARTESIAN_POINT('',(59.5036160918181,-27.3118374746332,1.60774664598958));
#5878=CARTESIAN_POINT('',(59.5036160918184,-25.21899679018,-0.485094038463647));
#5879=CARTESIAN_POINT('',(57.0036160918183,-27.3118374746332,1.60774664598958));
#5880=CARTESIAN_POINT('Origin',(54.5036160918181,-15.6330293797389,-3.39225335401041));
#5881=CARTESIAN_POINT('',(59.5036160918184,-4.69243342718609,-3.39225335401041));
#5882=CARTESIAN_POINT('Origin',(59.5036160918185,-27.3118374746332,36.7963839081766));
#5883=CARTESIAN_POINT('',(59.5036160918185,-27.3118374746332,11.7963839081767));
#5884=CARTESIAN_POINT('',(59.5036160918185,-27.3118374746332,36.7963839081766));
#5885=CARTESIAN_POINT('',(59.5036160918185,-27.3118374746332,11.7963839081767));
#5886=CARTESIAN_POINT('Origin',(59.5036160918185,6.24816252536673,36.7963839081766));
#5887=CARTESIAN_POINT('',(59.5036160918185,6.24816252536673,11.7963839081767));
#5888=CARTESIAN_POINT('',(59.5036160918185,6.24816252536673,36.7963839081766));
#5889=CARTESIAN_POINT('',(59.5036160918185,16.2481625253667,36.7963839081767));
#5890=CARTESIAN_POINT('',(59.5036160918185,6.24816252536673,11.7963839081767));
#5891=CARTESIAN_POINT('',(59.5036160918185,-37.3118374746332,36.7963839081767));
#5892=CARTESIAN_POINT('',(59.5036160918185,5.62408126268337,36.7963839081766));
#5893=CARTESIAN_POINT('',(59.5036160918185,-27.3118374746332,11.7963839081767));
#5894=CARTESIAN_POINT('',(59.5036160918184,-27.3118374746332,-19.8386160918234));
#5895=CARTESIAN_POINT('Origin',(59.5036160918185,16.2481625253667,36.7963839081767));
#5896=CARTESIAN_POINT('',(57.0036160918183,6.24816252536674,11.7963839081767));
#5897=CARTESIAN_POINT('',(39.5161160918185,16.2481625253667,36.7963839081766));
#5898=CARTESIAN_POINT('Origin',(54.5036160918182,6.24816252536673,36.7963839081766));
#5899=CARTESIAN_POINT('Origin',(59.5036160918185,-27.3118374746332,11.7963839081767));
#5900=CARTESIAN_POINT('',(39.5161160918185,-37.3118374746332,36.7963839081766));
#5901=CARTESIAN_POINT('Origin',(57.0036160918183,-10.5318374746332,-19.8386160918234));
#5902=CARTESIAN_POINT('Origin',(19.5286160918185,-3.8516347404851E-48,36.7963839081766));
#5903=CARTESIAN_POINT('',(-18.0536160918185,42.5,36.7963839081766));
#5904=CARTESIAN_POINT('',(-18.0536160918185,-42.5,36.7963839081766));
#5905=CARTESIAN_POINT('',(-18.0536160918185,20.1999999999999,36.7963839081766));
#5906=CARTESIAN_POINT('',(-30.4463839081817,-42.5,36.7963839081766));
#5907=CARTESIAN_POINT('',(-30.4463839081817,-42.5,36.7963839081766));
#5908=CARTESIAN_POINT('',(-30.4463839081817,42.5,36.7963839081766));
#5909=CARTESIAN_POINT('',(-30.4463839081817,42.5,36.7963839081766));
#5910=CARTESIAN_POINT('',(69.5036160918188,42.5,36.7963839081766));
#5911=CARTESIAN_POINT('Origin',(19.5286160918185,-3.8516347404851E-48,36.7963839081766));
#5912=CARTESIAN_POINT('',(17.8536160918183,-42.5,36.7963839081766));
#5913=CARTESIAN_POINT('',(17.8536160918183,42.5,36.7963839081766));
#5914=CARTESIAN_POINT('',(17.8536160918183,-20.2000000000001,36.7963839081766));
#5915=CARTESIAN_POINT('',(69.5036160918188,42.5,36.7963839081766));
#5916=CARTESIAN_POINT('',(69.5036160918188,42.5,36.7963839081766));
#5917=CARTESIAN_POINT('',(69.5036160918188,-42.5,36.7963839081766));
#5918=CARTESIAN_POINT('',(69.5036160918188,-42.5,36.7963839081766));
#5919=CARTESIAN_POINT('',(-30.4463839081817,-42.5,36.7963839081766));
#5920=CARTESIAN_POINT('Origin',(-30.4463839081817,-42.5,36.7963839081766));
#5921=CARTESIAN_POINT('',(17.8536160918183,-42.5,36.7963839081766));
#5922=CARTESIAN_POINT('',(69.5036160918188,-42.5,41.7963839081766));
#5923=CARTESIAN_POINT('',(69.5036160918188,-42.5,36.7963839081766));
#5924=CARTESIAN_POINT('',(-30.4463839081817,-42.5,41.7963839081766));
#5925=CARTESIAN_POINT('',(-30.4463839081817,-42.5,41.7963839081766));
#5926=CARTESIAN_POINT('',(-30.4463839081817,-42.5,36.7963839081766));
#5927=CARTESIAN_POINT('Origin',(-30.4463839081817,42.5,36.7963839081766));
#5928=CARTESIAN_POINT('',(-30.4463839081817,42.5,41.7963839081766));
#5929=CARTESIAN_POINT('',(-30.4463839081817,42.5,41.7963839081766));
#5930=CARTESIAN_POINT('',(-30.4463839081817,42.5,36.7963839081766));
#5931=CARTESIAN_POINT('Origin',(69.5036160918188,42.5,36.7963839081766));
#5932=CARTESIAN_POINT('',(-18.0536160918185,42.5,36.7963839081766));
#5933=CARTESIAN_POINT('',(69.5036160918188,42.5,41.7963839081766));
#5934=CARTESIAN_POINT('',(69.5036160918188,42.5,41.7963839081766));
#5935=CARTESIAN_POINT('',(69.5036160918188,42.5,36.7963839081766));
#5936=CARTESIAN_POINT('Origin',(69.5036160918188,-42.5,36.7963839081766));
#5937=CARTESIAN_POINT('',(69.5036160918188,-42.5,41.7963839081766));
#5938=CARTESIAN_POINT('Origin',(19.5286160918185,0.,41.7963839081766));
#5939=CARTESIAN_POINT('Origin',(17.8536160918183,-42.5,36.7963839081766));
#5940=CARTESIAN_POINT('',(7.85361609181839,-32.5,11.7963839081766));
#5941=CARTESIAN_POINT('',(17.8536160918183,-42.5,36.7963839081766));
#5942=CARTESIAN_POINT('',(7.85361609181839,32.5,11.7963839081766));
#5943=CARTESIAN_POINT('',(7.85361609181839,-32.5,11.7963839081766));
#5944=CARTESIAN_POINT('',(17.8536160918183,42.5,36.7963839081766));
#5945=CARTESIAN_POINT('Origin',(17.8536160918183,42.5,36.7963839081766));
#5946=CARTESIAN_POINT('',(-8.05361609181844,32.5,11.7963839081766));
#5947=CARTESIAN_POINT('',(-8.05361609181844,32.5,11.7963839081766));
#5948=CARTESIAN_POINT('',(-18.0536160918185,42.5,36.7963839081766));
#5949=CARTESIAN_POINT('Origin',(-18.0536160918185,42.5,36.7963839081766));
#5950=CARTESIAN_POINT('',(-8.05361609181844,-32.5,11.7963839081766));
#5951=CARTESIAN_POINT('',(-8.05361609181844,-32.5,11.7963839081766));
#5952=CARTESIAN_POINT('',(-18.0536160918185,-42.5,36.7963839081766));
#5953=CARTESIAN_POINT('Origin',(-18.0536160918185,-42.5,36.7963839081766));
#5954=CARTESIAN_POINT('',(8.05361609181839,-32.5,11.7963839081766));
#5955=CARTESIAN_POINT('Origin',(-0.099999999999999,-26.3500000000001,-22.9036160918234));
#5956=CARTESIAN_POINT('',(7.85361609181841,-32.5,-22.9036160918234));
#5957=CARTESIAN_POINT('',(-8.05361609181841,-32.5,-22.9036160918234));
#5958=CARTESIAN_POINT('',(-8.05361609181841,-32.5,-22.9036160918234));
#5959=CARTESIAN_POINT('',(-8.05361609181841,-20.2000000000001,-22.9036160918234));
#5960=CARTESIAN_POINT('',(-8.05361609181841,32.5,-22.9036160918234));
#5961=CARTESIAN_POINT('',(7.85361609181841,-20.2000000000001,-22.9036160918234));
#5962=CARTESIAN_POINT('',(8.05361609181842,-20.2000000000001,-22.9036160918234));
#5963=CARTESIAN_POINT('',(7.85361609181841,-32.5,-22.9036160918234));
#5964=CARTESIAN_POINT('Origin',(-0.099999999999999,26.3499999999999,-22.9036160918234));
#5965=CARTESIAN_POINT('',(7.85361609181841,20.1999999999999,-22.9036160918234));
#5966=CARTESIAN_POINT('',(-8.05361609181841,20.1999999999999,-22.9036160918234));
#5967=CARTESIAN_POINT('',(8.05361609181842,20.1999999999999,-22.9036160918234));
#5968=CARTESIAN_POINT('',(-8.05361609181841,32.5,-22.9036160918234));
#5969=CARTESIAN_POINT('',(-8.05361609181841,32.5,-22.9036160918234));
#5970=CARTESIAN_POINT('',(7.85361609181841,32.5,-22.9036160918234));
#5971=CARTESIAN_POINT('',(7.85361609181841,32.5,-22.9036160918234));
#5972=CARTESIAN_POINT('',(7.85361609181841,-32.5,-22.9036160918234));
#5973=CARTESIAN_POINT('Origin',(7.85361609181841,-24.925,-2.52861609182827));
#5974=CARTESIAN_POINT('',(7.85361609181841,-27.1,-2.52861609182827));
#5975=CARTESIAN_POINT('Origin',(7.85361609181841,-24.925,-2.52861609182827));
#5976=CARTESIAN_POINT('',(-8.0536160918184,-27.1,-2.52861609182827));
#5977=CARTESIAN_POINT('',(7.85361609181841,-27.1,-2.52861609182827));
#5978=CARTESIAN_POINT('Origin',(-8.0536160918184,-24.925,-2.52861609182827));
#5979=CARTESIAN_POINT('Origin',(7.85361609181841,24.925,-13.5786160918282));
#5980=CARTESIAN_POINT('',(-8.05361609181839,24.4613190752473,-11.4536160918234));
#5981=CARTESIAN_POINT('',(-8.05361609181839,25.3886809247527,-11.4536160918234));
#5982=CARTESIAN_POINT('Origin',(-8.05361609181841,24.925,-13.5786160918282));
#5983=CARTESIAN_POINT('',(7.85361609181841,24.4613190752473,-11.4536160918234));
#5984=CARTESIAN_POINT('',(7.85361609181841,24.4613190752473,-11.4536160918234));
#5985=CARTESIAN_POINT('',(7.85361609181841,25.3886809247527,-11.4536160918234));
#5986=CARTESIAN_POINT('Origin',(7.8536160918184,24.925,-13.5786160918282));
#5987=CARTESIAN_POINT('',(7.85361609181841,25.3886809247527,-11.4536160918234));
#5988=CARTESIAN_POINT('Origin',(7.85361609181841,24.4613190752473,-11.4536160918234));
#5989=CARTESIAN_POINT('',(-8.05361609181839,28.4806595376236,-11.4536160918234));
#5990=CARTESIAN_POINT('',(7.85361609181844,-4.01934046237635,-11.4536160918234));
#5991=CARTESIAN_POINT('Origin',(7.85361609181841,-24.925,-13.5786160918283));
#5992=CARTESIAN_POINT('',(7.85361609181841,-27.1,-13.5786160918283));
#5993=CARTESIAN_POINT('Origin',(7.85361609181841,-24.925,-13.5786160918283));
#5994=CARTESIAN_POINT('',(-8.05361609181839,-27.1,-13.5786160918283));
#5995=CARTESIAN_POINT('',(7.85361609181841,-27.1,-13.5786160918283));
#5996=CARTESIAN_POINT('Origin',(-8.0536160918184,-24.925,-13.5786160918283));
#5997=CARTESIAN_POINT('Origin',(7.85361609181841,24.9249999999866,-2.52861609182338));
#5998=CARTESIAN_POINT('',(-8.0536160918184,25.3886809247611,-4.65361609182344));
#5999=CARTESIAN_POINT('',(-8.0536160918184,24.4613190752121,-4.65361609182344));
#6000=CARTESIAN_POINT('Origin',(-8.05361609181841,24.9249999999866,-2.52861609182338));
#6001=CARTESIAN_POINT('',(7.85361609181841,25.3886809247611,-4.65361609182344));
#6002=CARTESIAN_POINT('',(7.85361609181841,25.3886809247611,-4.65361609182344));
#6003=CARTESIAN_POINT('',(7.85361609181841,24.4613190752121,-4.65361609182344));
#6004=CARTESIAN_POINT('Origin',(7.85361609181839,24.9249999999866,-2.52861609182338));
#6005=CARTESIAN_POINT('',(7.85361609181841,24.4613190752121,-4.65361609182344));
#6006=CARTESIAN_POINT('Origin',(7.85361609181841,25.3886809247611,-4.65361609182338));
#6007=CARTESIAN_POINT('',(-8.0536160918184,28.9443404623806,-4.65361609182339));
#6008=CARTESIAN_POINT('',(7.85361609181842,-3.55565953761945,-4.65361609182338));
#6009=CARTESIAN_POINT('Origin',(7.85361609181841,20.1999999999999,1.79638390817663));
#6010=CARTESIAN_POINT('',(-8.05361609181841,20.1999999999999,1.79638390817663));
#6011=CARTESIAN_POINT('',(7.85361609181841,20.1999999999999,1.79638390817663));
#6012=CARTESIAN_POINT('',(3.87680804590921,20.1999999999999,1.79638390817664));
#6013=CARTESIAN_POINT('',(-8.05361609181841,20.1999999999999,1.79638390817663));
#6014=CARTESIAN_POINT('',(7.85361609181841,20.1999999999999,1.79638390817663));
#6015=CARTESIAN_POINT('Origin',(-0.100000000000003,0.,1.79638390817663));
#6016=CARTESIAN_POINT('',(7.85361609181841,-20.2000000000001,1.79638390817663));
#6017=CARTESIAN_POINT('',(7.85361609181841,-32.5,1.79638390817665));
#6018=CARTESIAN_POINT('',(-8.05361609181841,-20.2000000000001,1.79638390817663));
#6019=CARTESIAN_POINT('',(-4.07680804590921,-20.2000000000001,1.79638390817662));
#6020=CARTESIAN_POINT('',(-8.05361609181842,-32.5,1.79638390817661));
#6021=CARTESIAN_POINT('Origin',(-8.05361609181841,-20.2000000000001,1.79638390817663));
#6022=CARTESIAN_POINT('',(7.85361609181841,-20.2000000000001,1.79638390817663));
#6023=CARTESIAN_POINT('',(-8.05361609181841,-20.2000000000001,1.79638390817663));
#6024=CARTESIAN_POINT('Origin',(-8.05361609181842,32.5,1.79638390817662));
#6025=CARTESIAN_POINT('',(-8.05361609181841,-32.5,1.79638390817663));
#6026=CARTESIAN_POINT('',(-8.05361609181842,32.5,1.79638390817662));
#6027=CARTESIAN_POINT('Origin',(7.85361609181841,32.5,1.79638390817665));
#6028=CARTESIAN_POINT('',(7.85361609181841,32.5,1.79638390817665));
#6029=CARTESIAN_POINT('Origin',(7.85361609181841,-32.5,1.79638390817665));
#6030=CARTESIAN_POINT('',(7.85361609181841,-32.5,1.79638390817665));
#6031=CARTESIAN_POINT('Origin',(-8.05361609181842,-32.5,1.79638390817661));
#6032=CARTESIAN_POINT('',(0.,0.,0.));
#6033=CARTESIAN_POINT('Origin',(-8.13903310073533,-8.35917544683142,0.));
#6034=CARTESIAN_POINT('',(-12.5390331007353,-8.35917544683142,5.5));
#6035=CARTESIAN_POINT('Origin',(-8.13903310073533,-8.35917544683142,5.5));
#6036=CARTESIAN_POINT('',(-12.5390331007353,-8.35917544683142,2.35));
#6037=CARTESIAN_POINT('',(-12.5390331007353,-8.35917544683142,0.));
#6038=CARTESIAN_POINT('Origin',(-8.13903310073533,-8.35917544683142,2.35));
#6039=CARTESIAN_POINT('Origin',(-8.13903310073534,-8.35917544683142,0.));
#6040=CARTESIAN_POINT('',(-10.8890331007353,-8.35917544683142,5.5));
#6041=CARTESIAN_POINT('Origin',(-8.13903310073534,-8.35917544683142,5.5));
#6042=CARTESIAN_POINT('',(-10.8890331007353,-8.35917544683142,2.35));
#6043=CARTESIAN_POINT('',(-10.8890331007353,-8.35917544683142,0.));
#6044=CARTESIAN_POINT('Origin',(-8.13903310073534,-8.35917544683142,2.35));
#6045=CARTESIAN_POINT('Origin',(-8.13903310073533,-8.35917544683142,5.5));
#6046=CARTESIAN_POINT('Origin',(-8.13903310073534,-8.35917544683142,0.));
#6047=CARTESIAN_POINT('',(-9.71403310073534,-8.35917544683142,2.35));
#6048=CARTESIAN_POINT('Origin',(-8.13903310073534,-8.35917544683142,2.35));
#6049=CARTESIAN_POINT('',(-9.71403310073534,-8.35917544683142,0.));
#6050=CARTESIAN_POINT('',(-9.71403310073534,-8.35917544683142,0.));
#6051=CARTESIAN_POINT('Origin',(-8.13903310073534,-8.35917544683142,0.));
#6052=CARTESIAN_POINT('Origin',(-8.13903310073534,-8.35917544683142,2.35));
#6053=CARTESIAN_POINT('Origin',(-8.13903310073533,5.33173142610281,0.));
#6054=CARTESIAN_POINT('',(-9.01403310073533,5.33173142610281,2.35));
#6055=CARTESIAN_POINT('Origin',(-8.13903310073533,5.33173142610281,2.35));
#6056=CARTESIAN_POINT('',(-9.01403310073533,5.33173142610281,0.));
#6057=CARTESIAN_POINT('',(-9.01403310073533,5.33173142610281,0.));
#6058=CARTESIAN_POINT('Origin',(-8.13903310073533,5.33173142610281,0.));
#6059=CARTESIAN_POINT('Origin',(-8.13903310073534,-25.2232583840272,0.));
#6060=CARTESIAN_POINT('',(-9.01403310073534,-25.2232583840272,2.35));
#6061=CARTESIAN_POINT('Origin',(-8.13903310073534,-25.2232583840272,2.35));
#6062=CARTESIAN_POINT('',(-9.01403310073534,-25.2232583840272,0.));
#6063=CARTESIAN_POINT('',(-9.01403310073534,-25.2232583840272,0.));
#6064=CARTESIAN_POINT('Origin',(-8.13903310073534,-25.2232583840272,0.));
#6065=CARTESIAN_POINT('Origin',(-8.13903310073534,-18.9158600833925,0.));
#6066=CARTESIAN_POINT('',(-9.01403310073534,-18.9158600833925,2.35));
#6067=CARTESIAN_POINT('Origin',(-8.13903310073534,-18.9158600833925,2.35));
#6068=CARTESIAN_POINT('',(-9.01403310073534,-18.9158600833925,0.));
#6069=CARTESIAN_POINT('',(-9.01403310073534,-18.9158600833925,0.));
#6070=CARTESIAN_POINT('Origin',(-8.13903310073534,-18.9158600833925,0.));
#6071=CARTESIAN_POINT('Origin',(-8.13903310073534,-15.8666185424059,0.));
#6072=CARTESIAN_POINT('',(-9.01403310073534,-15.8666185424059,2.35));
#6073=CARTESIAN_POINT('Origin',(-8.13903310073534,-15.8666185424059,2.35));
#6074=CARTESIAN_POINT('',(-9.01403310073534,-15.8666185424059,0.));
#6075=CARTESIAN_POINT('',(-9.01403310073534,-15.8666185424059,0.));
#6076=CARTESIAN_POINT('Origin',(-8.13903310073534,-15.8666185424059,0.));
#6077=CARTESIAN_POINT('Origin',(-8.13903310073534,-22.0500823197656,0.));
#6078=CARTESIAN_POINT('',(-9.01403310073534,-22.0500823197656,2.35));
#6079=CARTESIAN_POINT('Origin',(-8.13903310073534,-22.0500823197656,2.35));
#6080=CARTESIAN_POINT('',(-9.01403310073534,-22.0500823197656,0.));
#6081=CARTESIAN_POINT('',(-9.01403310073534,-22.0500823197656,0.));
#6082=CARTESIAN_POINT('Origin',(-8.13903310073534,-22.0500823197656,0.));
#6083=CARTESIAN_POINT('Origin',(-8.13903310073533,-0.851732351256935,0.));
#6084=CARTESIAN_POINT('',(-9.01403310073533,-0.851732351256935,2.35));
#6085=CARTESIAN_POINT('Origin',(-8.13903310073533,-0.851732351256935,2.35));
#6086=CARTESIAN_POINT('',(-9.01403310073533,-0.851732351256935,0.));
#6087=CARTESIAN_POINT('',(-9.01403310073533,-0.851732351256935,0.));
#6088=CARTESIAN_POINT('Origin',(-8.13903310073533,-0.851732351256935,0.));
#6089=CARTESIAN_POINT('Origin',(-8.13903310073533,2.19750918972966,0.));
#6090=CARTESIAN_POINT('',(-9.01403310073533,2.19750918972966,2.35));
#6091=CARTESIAN_POINT('Origin',(-8.13903310073533,2.19750918972966,2.35));
#6092=CARTESIAN_POINT('',(-9.01403310073533,2.19750918972966,0.));
#6093=CARTESIAN_POINT('',(-9.01403310073533,2.19750918972966,0.));
#6094=CARTESIAN_POINT('Origin',(-8.13903310073533,2.19750918972966,0.));
#6095=CARTESIAN_POINT('Origin',(-8.13903310073533,8.50490749036434,0.));
#6096=CARTESIAN_POINT('',(-9.01403310073533,8.50490749036434,2.35));
#6097=CARTESIAN_POINT('Origin',(-8.13903310073533,8.50490749036434,2.35));
#6098=CARTESIAN_POINT('',(-9.01403310073533,8.50490749036434,0.));
#6099=CARTESIAN_POINT('',(-9.01403310073533,8.50490749036434,0.));
#6100=CARTESIAN_POINT('Origin',(-8.13903310073533,8.50490749036434,0.));
#6101=CARTESIAN_POINT('Origin',(-3.79870497615265,-4.21652511510458,0.));
#6102=CARTESIAN_POINT('',(-5.59119961345902,8.6966483363604,0.));
#6103=CARTESIAN_POINT('',(-3.79870497615265,-4.21652511510458,0.));
#6104=CARTESIAN_POINT('',(-5.59119961345902,8.6966483363604,0.));
#6105=CARTESIAN_POINT('',(-5.59119961345902,8.6966483363604,2.35));
#6106=CARTESIAN_POINT('',(-5.59119961345902,8.6966483363604,0.));
#6107=CARTESIAN_POINT('',(-3.79870497615265,-4.21652511510458,2.35));
#6108=CARTESIAN_POINT('',(-5.59119961345902,8.6966483363604,2.35));
#6109=CARTESIAN_POINT('',(-3.79870497615265,-4.21652511510458,0.));
#6110=CARTESIAN_POINT('Origin',(-8.13903310073534,-8.35917544683142,0.));
#6111=CARTESIAN_POINT('',(-3.79870497615265,-12.5018257785583,0.));
#6112=CARTESIAN_POINT('Origin',(-8.13903310073534,-8.35917544683142,0.));
#6113=CARTESIAN_POINT('',(-3.79870497615265,-12.5018257785583,2.35));
#6114=CARTESIAN_POINT('Origin',(-8.13903310073534,-8.35917544683142,2.35));
#6115=CARTESIAN_POINT('',(-3.79870497615265,-12.5018257785583,0.));
#6116=CARTESIAN_POINT('Origin',(-5.59119961345903,-25.4149992300232,0.));
#6117=CARTESIAN_POINT('',(-5.59119961345903,-25.4149992300232,0.));
#6118=CARTESIAN_POINT('',(-5.59119961345903,-25.4149992300232,0.));
#6119=CARTESIAN_POINT('',(-5.59119961345903,-25.4149992300232,2.35));
#6120=CARTESIAN_POINT('',(-5.59119961345903,-25.4149992300232,2.35));
#6121=CARTESIAN_POINT('',(-5.59119961345903,-25.4149992300232,0.));
#6122=CARTESIAN_POINT('Origin',(-8.13903310073534,-25.0613311034502,0.));
#6123=CARTESIAN_POINT('',(-10.6868665880116,-25.4149992300232,0.));
#6124=CARTESIAN_POINT('Origin',(-8.13903310073534,-25.0613311034502,0.));
#6125=CARTESIAN_POINT('',(-10.6868665880116,-25.4149992300232,2.35));
#6126=CARTESIAN_POINT('Origin',(-8.13903310073534,-25.0613311034502,2.35));
#6127=CARTESIAN_POINT('',(-10.6868665880116,-25.4149992300232,0.));
#6128=CARTESIAN_POINT('Origin',(-12.479361225318,-12.5018257785583,0.));
#6129=CARTESIAN_POINT('',(-12.479361225318,-12.5018257785583,0.));
#6130=CARTESIAN_POINT('',(-10.6868665880116,-25.4149992300232,0.));
#6131=CARTESIAN_POINT('',(-12.479361225318,-12.5018257785583,2.35));
#6132=CARTESIAN_POINT('',(-10.6868665880116,-25.4149992300232,2.35));
#6133=CARTESIAN_POINT('',(-12.479361225318,-12.5018257785583,0.));
#6134=CARTESIAN_POINT('Origin',(-8.13903310073534,-8.35917544683142,0.));
#6135=CARTESIAN_POINT('',(-12.479361225318,-4.21652511510457,0.));
#6136=CARTESIAN_POINT('Origin',(-8.13903310073534,-8.35917544683142,0.));
#6137=CARTESIAN_POINT('',(-12.479361225318,-4.21652511510457,2.35));
#6138=CARTESIAN_POINT('Origin',(-8.13903310073534,-8.35917544683142,2.35));
#6139=CARTESIAN_POINT('',(-12.479361225318,-4.21652511510457,0.));
#6140=CARTESIAN_POINT('Origin',(-10.6868665880116,8.69664833636041,0.));
#6141=CARTESIAN_POINT('',(-10.6868665880116,8.69664833636041,0.));
#6142=CARTESIAN_POINT('',(-10.6868665880116,8.69664833636041,0.));
#6143=CARTESIAN_POINT('',(-10.6868665880116,8.69664833636041,2.35));
#6144=CARTESIAN_POINT('',(-10.6868665880116,8.69664833636041,2.35));
#6145=CARTESIAN_POINT('',(-10.6868665880116,8.69664833636041,0.));
#6146=CARTESIAN_POINT('Origin',(-8.13903310073534,8.34298020978735,0.));
#6147=CARTESIAN_POINT('Origin',(-8.13903310073534,8.34298020978735,0.));
#6148=CARTESIAN_POINT('Origin',(-8.13903310073534,8.34298020978735,2.35));
#6149=CARTESIAN_POINT('Origin',(-8.13903310073534,-8.35917544683142,2.35));
#6150=CARTESIAN_POINT('Origin',(-8.13903310073534,-8.35917544683142,0.));
#6151=CARTESIAN_POINT('',(0.,0.,0.));
#6152=CARTESIAN_POINT('Origin',(31.1707216893558,-12.85,-39.9837687014923));
#6153=CARTESIAN_POINT('',(32.9207216893558,-12.85,-39.9837687014923));
#6154=CARTESIAN_POINT('Origin',(31.1707216893558,-12.85,-39.9837687014923));
#6155=CARTESIAN_POINT('',(32.9207216893558,-19.35,-39.9837687014923));
#6156=CARTESIAN_POINT('',(32.9207216893558,-12.85,-39.9837687014923));
#6157=CARTESIAN_POINT('Origin',(31.1707216893558,-19.35,-39.9837687014923));
#6158=CARTESIAN_POINT('Origin',(27.1536160918185,-19.35,-35.0536160918282));
#6159=CARTESIAN_POINT('',(27.1536160918185,-19.35,-44.3216160918282));
#6160=CARTESIAN_POINT('',(48.1536160918185,-19.35,-44.3216160918282));
#6161=CARTESIAN_POINT('',(37.6536160918185,-19.35,-44.3216160918282));
#6162=CARTESIAN_POINT('',(48.1536160918185,-19.35,9.94638390817173));
#6163=CARTESIAN_POINT('',(48.1536160918185,-19.35,-21.5536160918282));
#6164=CARTESIAN_POINT('',(27.1536160918184,-19.35,9.9463839081718));
#6165=CARTESIAN_POINT('',(27.1536160918184,-19.35,9.94638390817179));
#6166=CARTESIAN_POINT('',(27.1536160918185,-19.35,-45.0536160918282));
#6167=CARTESIAN_POINT('',(45.8963321748548,-19.35,-40.0513703380015));
#6168=CARTESIAN_POINT('Origin',(44.1463321748548,-19.35,-40.0513703380015));
#6169=CARTESIAN_POINT('Origin',(48.1536160918185,-10.35,-44.3216160918282));
#6170=CARTESIAN_POINT('',(48.1536160918185,-12.85,-44.3216160918282));
#6171=CARTESIAN_POINT('',(27.1536160918185,-12.85,-44.3216160918282));
#6172=CARTESIAN_POINT('',(42.9036160918185,-12.85,-44.3216160918282));
#6173=CARTESIAN_POINT('',(48.1536160918185,-10.35,-44.3216160918282));
#6174=CARTESIAN_POINT('',(27.1536160918185,-10.35,-44.3216160918282));
#6175=CARTESIAN_POINT('Origin',(48.1536160918185,-10.35,-8.05361609182827));
#6176=CARTESIAN_POINT('',(48.1536160918185,-12.85,-35.809885140199));
#6177=CARTESIAN_POINT('',(48.1536160918185,-12.85,-21.5536160918282));
#6178=CARTESIAN_POINT('',(48.1536160918185,-10.05,-35.809885140199));
#6179=CARTESIAN_POINT('',(48.1536160918185,-10.05,-35.809885140199));
#6180=CARTESIAN_POINT('',(48.1536160918185,-1.35000000000001,-27.109885140199));
#6181=CARTESIAN_POINT('',(48.1536160918185,-2.25356878851977,-28.0134539287187));
#6182=CARTESIAN_POINT('',(48.1536160918185,-1.35000000000001,9.94638390817173));
#6183=CARTESIAN_POINT('',(48.1536160918185,-1.35000000000001,-35.0536160918282));
#6184=CARTESIAN_POINT('Origin',(48.1536160918184,-10.35,9.94638390817181));
#6185=CARTESIAN_POINT('',(48.1536160918185,-15.35,-8.0536160918282));
#6186=CARTESIAN_POINT('Origin',(48.1536160918185,-10.35,-8.0536160918282));
#6187=CARTESIAN_POINT('',(48.1536160918185,-13.35,-24.9176990290239));
#6188=CARTESIAN_POINT('Origin',(48.1536160918185,-10.35,-24.9176990290239));
#6189=CARTESIAN_POINT('',(48.1536160918185,-13.35,8.81046684536758));
#6190=CARTESIAN_POINT('Origin',(48.1536160918185,-10.35,8.81046684536758));
#6191=CARTESIAN_POINT('Origin',(37.6536160918185,-12.85,-40.0536160918282));
#6192=CARTESIAN_POINT('',(27.1536160918185,-12.85,-35.809885140199));
#6193=CARTESIAN_POINT('',(27.1536160918185,-12.85,-21.5536160918282));
#6194=CARTESIAN_POINT('',(42.9036160918185,-12.85,-35.809885140199));
#6195=CARTESIAN_POINT('',(45.8963321748548,-12.85,-40.0513703380015));
#6196=CARTESIAN_POINT('Origin',(44.1463321748548,-12.85,-40.0513703380015));
#6197=CARTESIAN_POINT('Origin',(48.1536160918185,-10.05,-35.809885140199));
#6198=CARTESIAN_POINT('',(27.1536160918185,-10.05,-35.809885140199));
#6199=CARTESIAN_POINT('',(27.1536160918185,-10.05,-35.809885140199));
#6200=CARTESIAN_POINT('',(48.1536160918185,-10.05,-35.809885140199));
#6201=CARTESIAN_POINT('Origin',(48.1536160918185,-8.18527210122489,-33.9451572414238));
#6202=CARTESIAN_POINT('',(27.1536160918185,-1.35000000000001,-27.109885140199));
#6203=CARTESIAN_POINT('',(27.1536160918185,-2.25356878851977,-28.0134539287187));
#6204=CARTESIAN_POINT('',(37.6536160918184,-1.35000000000001,-27.109885140199));
#6205=CARTESIAN_POINT('Origin',(27.1536160918184,-1.35000000000001,18.9463839081718));
#6206=CARTESIAN_POINT('',(27.1536160918184,-1.35000000000001,9.9463839081718));
#6207=CARTESIAN_POINT('',(27.1536160918184,-1.35000000000001,5.44638390817179));
#6208=CARTESIAN_POINT('',(27.1536160918184,-1.35000000000001,9.94638390817179));
#6209=CARTESIAN_POINT('Origin',(27.1536160918185,-10.35,-8.05361609182821));
#6210=CARTESIAN_POINT('Origin',(27.1536160918184,-10.35,9.94638390817179));
#6211=CARTESIAN_POINT('',(27.1536160918185,-11.475,-24.9176990290239));
#6212=CARTESIAN_POINT('Origin',(27.1536160918185,-10.35,-24.9176990290239));
#6213=CARTESIAN_POINT('',(27.1536160918184,-11.475,8.81046684536756));
#6214=CARTESIAN_POINT('Origin',(27.1536160918184,-10.35,8.81046684536756));
#6215=CARTESIAN_POINT('Origin',(44.1463321748548,-10.35,-40.0513703380015));
#6216=CARTESIAN_POINT('',(45.8963321748548,-10.35,-40.0513703380015));
#6217=CARTESIAN_POINT('Origin',(50.1536160918184,-10.35,-8.0536160918282));
#6218=CARTESIAN_POINT('',(50.4036160918184,-12.85,-8.0536160918282));
#6219=CARTESIAN_POINT('Origin',(50.4036160918184,-10.35,-8.0536160918282));
#6220=CARTESIAN_POINT('',(49.9036160918185,-12.35,-8.0536160918282));
#6221=CARTESIAN_POINT('',(50.1536160918184,-12.6,-8.0536160918282));
#6222=CARTESIAN_POINT('Origin',(49.9036160918185,-10.35,-8.0536160918282));
#6223=CARTESIAN_POINT('Origin',(48.1536160918185,-10.35,-8.0536160918282));
#6224=CARTESIAN_POINT('',(48.1536160918185,-12.35,-8.0536160918282));
#6225=CARTESIAN_POINT('',(48.1536160918185,-12.35,-8.0536160918282));
#6226=CARTESIAN_POINT('Origin',(48.1536160918185,-10.35,-8.0536160918282));
#6227=CARTESIAN_POINT('Origin',(50.4036160918184,-10.35,-8.0536160918282));
#6228=CARTESIAN_POINT('',(50.4036160918184,-15.35,-8.0536160918282));
#6229=CARTESIAN_POINT('Origin',(50.4036160918184,-10.35,-8.0536160918282));
#6230=CARTESIAN_POINT('Origin',(48.1536160918185,-10.35,-8.0536160918282));
#6231=CARTESIAN_POINT('',(48.1536160918185,-15.35,-8.0536160918282));
#6232=CARTESIAN_POINT('Origin',(48.1536160918185,-10.35,-24.9176990290239));
#6233=CARTESIAN_POINT('',(36.6536160918185,-13.35,-24.9176990290239));
#6234=CARTESIAN_POINT('',(48.1536160918185,-13.35,-24.9176990290239));
#6235=CARTESIAN_POINT('Origin',(36.6536160918185,-10.35,-24.9176990290239));
#6236=CARTESIAN_POINT('Origin',(36.6536160918185,-10.35,-24.9176990290239));
#6237=CARTESIAN_POINT('',(36.6536160918185,-11.475,-24.9176990290239));
#6238=CARTESIAN_POINT('Origin',(36.6536160918185,-10.35,-24.9176990290239));
#6239=CARTESIAN_POINT('Origin',(48.1536160918185,-10.35,8.81046684536758));
#6240=CARTESIAN_POINT('',(36.6536160918185,-13.35,8.81046684536758));
#6241=CARTESIAN_POINT('',(48.1536160918185,-13.35,8.81046684536758));
#6242=CARTESIAN_POINT('Origin',(36.6536160918185,-10.35,8.81046684536758));
#6243=CARTESIAN_POINT('Origin',(36.6536160918185,-10.35,8.81046684536758));
#6244=CARTESIAN_POINT('',(36.6536160918185,-11.475,8.81046684536758));
#6245=CARTESIAN_POINT('Origin',(36.6536160918185,-10.35,8.81046684536758));
#6246=CARTESIAN_POINT('Origin',(48.1536160918185,-10.35,-8.05361609182827));
#6247=CARTESIAN_POINT('Origin',(27.1536160918184,-10.35,9.94638390817179));
#6248=CARTESIAN_POINT('Origin',(27.1536160918184,-10.35,8.81046684536756));
#6249=CARTESIAN_POINT('',(27.1536160918184,-11.475,8.81046684536756));
#6250=CARTESIAN_POINT('Origin',(27.1536160918185,-10.35,-24.9176990290239));
#6251=CARTESIAN_POINT('',(27.1536160918185,-11.475,-24.9176990290239));
#6252=CARTESIAN_POINT('',(0.,0.,0.));
#6253=CARTESIAN_POINT('Origin',(-0.23183747351559,0.990299906060355,-0.6));
#6254=CARTESIAN_POINT('',(9.18643571376709,-10.504768924734,-0.6));
#6255=CARTESIAN_POINT('',(-9.65011066079827,-10.504768924734,-0.6));
#6256=CARTESIAN_POINT('',(-6.55011066079827,-10.504768924734,-0.6));
#6257=CARTESIAN_POINT('',(-12.0118374735156,-7.42353974227948,-0.6));
#6258=CARTESIAN_POINT('Origin',(-8.82100974281453,-7.42353974227948,-0.6));
#6259=CARTESIAN_POINT('',(-12.0118374735156,8.88536873685472,-0.6));
#6260=CARTESIAN_POINT('',(-12.0118374735156,8.88536873685472,-0.6));
#6261=CARTESIAN_POINT('',(-8.41183747351559,12.4853687368547,-0.6));
#6262=CARTESIAN_POINT('Origin',(-8.41183747351559,8.88536873685472,-0.6));
#6263=CARTESIAN_POINT('',(7.94816252648441,12.4853687368547,-0.6));
#6264=CARTESIAN_POINT('',(-8.41183747351559,12.4853687368547,-0.6));
#6265=CARTESIAN_POINT('',(11.5481625264844,8.88536873685472,-0.6));
#6266=CARTESIAN_POINT('Origin',(7.94816252648441,8.88536873685472,-0.6));
#6267=CARTESIAN_POINT('',(11.5481625264844,-7.42353974227948,-0.6));
#6268=CARTESIAN_POINT('',(11.5481625264844,8.88536873685472,-0.6));
#6269=CARTESIAN_POINT('Origin',(8.35733479578335,-7.42353974227949,-0.6));
#6270=CARTESIAN_POINT('',(6.02316252648441,8.88536873685472,-0.6));
#6271=CARTESIAN_POINT('Origin',(7.94816252648441,8.88536873685472,-0.6));
#6272=CARTESIAN_POINT('',(-10.3368374735156,-7.42353974227948,-0.6));
#6273=CARTESIAN_POINT('Origin',(-8.41183747351559,-7.42353974227948,-0.6));
#6274=CARTESIAN_POINT('',(-10.3368374735156,8.88536873685472,-0.6));
#6275=CARTESIAN_POINT('Origin',(-8.41183747351559,8.88536873685472,-0.6));
#6276=CARTESIAN_POINT('',(6.02316252648441,-7.42353974227948,-0.6));
#6277=CARTESIAN_POINT('Origin',(7.94816252648441,-7.42353974227948,-0.6));
#6278=CARTESIAN_POINT('',(-6.3955293786213,3.46881373841415,-0.6));
#6279=CARTESIAN_POINT('Origin',(-6.98302937862129,3.46881373841415,-0.6));
#6280=CARTESIAN_POINT('',(7.09587436940381,0.149999996647239,-0.6));
#6281=CARTESIAN_POINT('Origin',(6.50837436940381,0.149999996647239,-0.6));
#6282=CARTESIAN_POINT('',(7.09587436940381,2.72727449418975,-0.6));
#6283=CARTESIAN_POINT('Origin',(6.50837436940381,2.72727449418975,-0.6));
#6284=CARTESIAN_POINT('',(-6.3955293786213,0.890356245455253,-0.6));
#6285=CARTESIAN_POINT('Origin',(-6.98302937862129,0.890356245455252,-0.6));
#6286=CARTESIAN_POINT('',(7.09587436940381,-2.45705390694994,-0.6));
#6287=CARTESIAN_POINT('Origin',(6.50837436940381,-2.45705390694994,-0.6));
#6288=CARTESIAN_POINT('',(7.09587436940381,5.30624832082364,-0.6));
#6289=CARTESIAN_POINT('Origin',(6.50837436940381,5.30624832082364,-0.6));
#6290=CARTESIAN_POINT('',(-6.3955293786213,-1.73263064156911,-0.6));
#6291=CARTESIAN_POINT('Origin',(-6.98302937862129,-1.73263064156911,-0.6));
#6292=CARTESIAN_POINT('Origin',(-6.98302937862129,-1.73263064156911,1.));
#6293=CARTESIAN_POINT('',(-6.3955293786213,-1.73263064156911,1.));
#6294=CARTESIAN_POINT('Origin',(-6.98302937862129,-1.73263064156911,1.));
#6295=CARTESIAN_POINT('',(-6.3955293786213,-1.73263064156911,1.));
#6296=CARTESIAN_POINT('Origin',(6.50837436940381,5.30624832082364,1.));
#6297=CARTESIAN_POINT('',(7.09587436940381,5.30624832082364,1.));
#6298=CARTESIAN_POINT('Origin',(6.50837436940381,5.30624832082364,1.));
#6299=CARTESIAN_POINT('',(7.09587436940381,5.30624832082364,1.));
#6300=CARTESIAN_POINT('Origin',(6.50837436940381,-2.45705390694994,1.));
#6301=CARTESIAN_POINT('',(7.09587436940381,-2.45705390694994,1.));
#6302=CARTESIAN_POINT('Origin',(6.50837436940381,-2.45705390694994,1.));
#6303=CARTESIAN_POINT('',(7.09587436940381,-2.45705390694994,1.));
#6304=CARTESIAN_POINT('Origin',(-6.98302937862129,0.890356245455252,1.));
#6305=CARTESIAN_POINT('',(-6.3955293786213,0.890356245455252,1.));
#6306=CARTESIAN_POINT('Origin',(-6.98302937862129,0.890356245455252,1.));
#6307=CARTESIAN_POINT('',(-6.3955293786213,0.890356245455252,1.));
#6308=CARTESIAN_POINT('Origin',(6.50837436940381,2.72727449418975,1.));
#6309=CARTESIAN_POINT('',(7.09587436940381,2.72727449418975,1.));
#6310=CARTESIAN_POINT('Origin',(6.50837436940381,2.72727449418975,1.));
#6311=CARTESIAN_POINT('',(7.09587436940381,2.72727449418975,1.));
#6312=CARTESIAN_POINT('Origin',(6.50837436940381,0.149999996647239,1.));
#6313=CARTESIAN_POINT('',(7.09587436940381,0.149999996647239,1.));
#6314=CARTESIAN_POINT('Origin',(6.50837436940381,0.149999996647239,1.));
#6315=CARTESIAN_POINT('',(7.09587436940381,0.149999996647239,1.));
#6316=CARTESIAN_POINT('Origin',(-6.98302937862129,3.46881373841415,1.));
#6317=CARTESIAN_POINT('',(-6.3955293786213,3.46881373841415,1.));
#6318=CARTESIAN_POINT('Origin',(-6.98302937862129,3.46881373841415,1.));
#6319=CARTESIAN_POINT('',(-6.3955293786213,3.46881373841415,1.));
#6320=CARTESIAN_POINT('Origin',(-1.99999995529652,3.14999992847443,0.));
#6321=CARTESIAN_POINT('',(-1.99999995529652,-1.74999996200204,1.));
#6322=CARTESIAN_POINT('',(-1.99999995529652,3.14999992847443,1.));
#6323=CARTESIAN_POINT('',(-1.99999995529652,-1.74999996200204,1.));
#6324=CARTESIAN_POINT('',(-1.99999995529652,-1.74999996200204,2.75));
#6325=CARTESIAN_POINT('',(-1.99999995529652,-1.74999996200204,0.));
#6326=CARTESIAN_POINT('',(-1.99999995529652,3.14999992847443,2.75));
#6327=CARTESIAN_POINT('',(-1.99999995529652,-1.74999996200204,2.75));
#6328=CARTESIAN_POINT('',(-1.99999995529652,3.14999992847443,0.));
#6329=CARTESIAN_POINT('Origin',(-1.99999995529652,-1.74999996200204,0.));
#6330=CARTESIAN_POINT('',(1.89999995753169,-1.74999996200204,1.));
#6331=CARTESIAN_POINT('',(1.89999995753169,-1.74999996200204,1.));
#6332=CARTESIAN_POINT('',(1.89999995753169,-1.74999996200204,2.75));
#6333=CARTESIAN_POINT('',(1.89999995753169,-1.74999996200204,0.));
#6334=CARTESIAN_POINT('',(1.89999995753169,-1.74999996200204,2.75));
#6335=CARTESIAN_POINT('Origin',(1.89999995753169,3.14999992847443,0.));
#6336=CARTESIAN_POINT('',(1.89999995753169,3.14999992847443,1.));
#6337=CARTESIAN_POINT('',(-1.99999995529652,3.14999992847443,1.));
#6338=CARTESIAN_POINT('',(1.89999995753169,3.14999992847443,2.75));
#6339=CARTESIAN_POINT('',(-1.99999995529652,3.14999992847443,2.75));
#6340=CARTESIAN_POINT('',(1.89999995753169,3.14999992847443,0.));
#6341=CARTESIAN_POINT('Origin',(1.89999995753169,-1.74999996200204,0.));
#6342=CARTESIAN_POINT('',(1.89999995753169,3.14999992847443,1.));
#6343=CARTESIAN_POINT('',(1.89999995753169,3.14999992847443,2.75));
#6344=CARTESIAN_POINT('Origin',(-0.0499999988824129,0.699999983236194,2.75));
#6345=CARTESIAN_POINT('Origin',(7.94816252648441,8.88536873685472,0.));
#6346=CARTESIAN_POINT('',(6.02316252648441,8.88536873685472,1.));
#6347=CARTESIAN_POINT('Origin',(7.94816252648441,8.88536873685472,1.));
#6348=CARTESIAN_POINT('',(6.02316252648441,8.88536873685472,0.));
#6349=CARTESIAN_POINT('Origin',(-8.41183747351559,-7.42353974227948,0.));
#6350=CARTESIAN_POINT('',(-10.3368374735156,-7.42353974227948,1.));
#6351=CARTESIAN_POINT('Origin',(-8.41183747351559,-7.42353974227948,1.));
#6352=CARTESIAN_POINT('',(-10.3368374735156,-7.42353974227948,0.));
#6353=CARTESIAN_POINT('Origin',(-8.41183747351559,8.88536873685472,0.));
#6354=CARTESIAN_POINT('',(-10.3368374735156,8.88536873685472,1.));
#6355=CARTESIAN_POINT('Origin',(-8.41183747351559,8.88536873685472,1.));
#6356=CARTESIAN_POINT('',(-10.3368374735156,8.88536873685472,0.));
#6357=CARTESIAN_POINT('Origin',(7.94816252648441,-7.42353974227948,0.));
#6358=CARTESIAN_POINT('',(6.02316252648441,-7.42353974227948,1.));
#6359=CARTESIAN_POINT('Origin',(7.94816252648441,-7.42353974227948,1.));
#6360=CARTESIAN_POINT('',(6.02316252648441,-7.42353974227948,0.));
#6361=CARTESIAN_POINT('Origin',(-8.82100974281453,-7.42353974227948,0.));
#6362=CARTESIAN_POINT('',(-9.65011066079827,-10.504768924734,1.));
#6363=CARTESIAN_POINT('',(-9.65011066079827,-10.504768924734,0.));
#6364=CARTESIAN_POINT('',(-12.0118374735156,-7.42353974227948,1.));
#6365=CARTESIAN_POINT('Origin',(-8.82100974281453,-7.42353974227948,1.));
#6366=CARTESIAN_POINT('',(-12.0118374735156,-7.42353974227948,0.));
#6367=CARTESIAN_POINT('Origin',(-12.0118374735156,8.88536873685472,0.));
#6368=CARTESIAN_POINT('',(-12.0118374735156,8.88536873685472,1.));
#6369=CARTESIAN_POINT('',(-12.0118374735156,8.88536873685472,1.));
#6370=CARTESIAN_POINT('',(-12.0118374735156,8.88536873685472,0.));
#6371=CARTESIAN_POINT('Origin',(-8.41183747351559,8.88536873685472,0.));
#6372=CARTESIAN_POINT('',(-8.41183747351559,12.4853687368547,1.));
#6373=CARTESIAN_POINT('Origin',(-8.41183747351559,8.88536873685472,1.));
#6374=CARTESIAN_POINT('',(-8.41183747351559,12.4853687368547,0.));
#6375=CARTESIAN_POINT('Origin',(7.94816252648441,12.4853687368547,0.));
#6376=CARTESIAN_POINT('',(7.94816252648441,12.4853687368547,1.));
#6377=CARTESIAN_POINT('',(-8.41183747351559,12.4853687368547,1.));
#6378=CARTESIAN_POINT('',(7.94816252648441,12.4853687368547,0.));
#6379=CARTESIAN_POINT('Origin',(7.94816252648441,8.88536873685472,0.));
#6380=CARTESIAN_POINT('',(11.5481625264844,8.88536873685472,1.));
#6381=CARTESIAN_POINT('Origin',(7.94816252648441,8.88536873685472,1.));
#6382=CARTESIAN_POINT('',(11.5481625264844,8.88536873685472,0.));
#6383=CARTESIAN_POINT('Origin',(11.5481625264844,-7.42353974227948,0.));
#6384=CARTESIAN_POINT('',(11.5481625264844,-7.42353974227948,1.));
#6385=CARTESIAN_POINT('',(11.5481625264844,8.88536873685472,1.));
#6386=CARTESIAN_POINT('',(11.5481625264844,-7.42353974227948,0.));
#6387=CARTESIAN_POINT('Origin',(8.35733479578335,-7.42353974227949,0.));
#6388=CARTESIAN_POINT('',(9.18643571376709,-10.504768924734,1.));
#6389=CARTESIAN_POINT('Origin',(8.35733479578335,-7.42353974227949,1.));
#6390=CARTESIAN_POINT('',(9.18643571376709,-10.504768924734,0.));
#6391=CARTESIAN_POINT('Origin',(-9.65011066079827,-10.504768924734,0.));
#6392=CARTESIAN_POINT('',(-6.55011066079827,-10.504768924734,1.));
#6393=CARTESIAN_POINT('Origin',(-0.23183747351559,0.990299906060355,1.));
#6394=CARTESIAN_POINT('',(0.,0.,0.));
#6395=CARTESIAN_POINT('Origin',(47.9472067608162,-7.5749999999997,-124.40538431705));
#6396=CARTESIAN_POINT('',(47.9472067608162,-7.5749999999997,-124.40538431705));
#6397=CARTESIAN_POINT('',(47.9472067608162,-15.5749999999997,-124.40538431705));
#6398=CARTESIAN_POINT('',(47.9472067608162,-7.5749999999997,-124.40538431705));
#6399=CARTESIAN_POINT('',(27.9472067608162,-15.5749999999997,-124.40538431705));
#6400=CARTESIAN_POINT('',(47.9472067608162,-15.5749999999997,-124.40538431705));
#6401=CARTESIAN_POINT('',(27.9472067608162,-7.5749999999997,-124.40538431705));
#6402=CARTESIAN_POINT('',(27.9472067608162,-7.5749999999997,-124.40538431705));
#6403=CARTESIAN_POINT('',(47.9472067608162,-7.5749999999997,-124.40538431705));
#6404=CARTESIAN_POINT('Origin',(27.9472067608162,-33.0749999999997,-93.6074748321823));
#6405=CARTESIAN_POINT('',(27.9472067608162,-15.5749999999997,-93.6074748321823));
#6406=CARTESIAN_POINT('',(27.9472067608162,-22.8499999999997,-79.4053843170504));
#6407=CARTESIAN_POINT('Origin',(27.9472067608162,-33.0749999999997,-93.6074748321823));
#6408=CARTESIAN_POINT('',(47.9472067608162,-15.5749999999997,-93.6074748321823));
#6409=CARTESIAN_POINT('',(27.9472067608162,-15.5749999999997,-93.6074748321823));
#6410=CARTESIAN_POINT('',(47.9472067608162,-22.8499999999997,-79.4053843170504));
#6411=CARTESIAN_POINT('Origin',(47.9472067608162,-33.0749999999997,-93.6074748321823));
#6412=CARTESIAN_POINT('',(27.9472067608162,-22.8499999999997,-79.4053843170504));
#6413=CARTESIAN_POINT('Origin',(27.9472067608162,9.92500000000032,-93.6074748321823));
#6414=CARTESIAN_POINT('',(47.9472067608162,-7.57499999999968,-93.6074748321823));
#6415=CARTESIAN_POINT('',(47.9472067608162,-0.299999999999678,-79.4053843170504));
#6416=CARTESIAN_POINT('Origin',(47.9472067608162,9.92500000000032,-93.6074748321823));
#6417=CARTESIAN_POINT('',(27.9472067608162,-7.57499999999968,-93.6074748321823));
#6418=CARTESIAN_POINT('',(27.9472067608162,-7.57499999999968,-93.6074748321823));
#6419=CARTESIAN_POINT('',(27.9472067608162,-0.299999999999678,-79.4053843170504));
#6420=CARTESIAN_POINT('Origin',(27.9472067608162,9.92500000000032,-93.6074748321823));
#6421=CARTESIAN_POINT('',(27.9472067608162,-0.299999999999678,-79.4053843170504));
#6422=CARTESIAN_POINT('Origin',(47.9472067608162,-7.57499999999968,-79.4053843170504));
#6423=CARTESIAN_POINT('',(47.9472067608162,-7.57499999999968,-79.4053843170504));
#6424=CARTESIAN_POINT('',(27.9472067608162,-7.57499999999968,-79.4053843170504));
#6425=CARTESIAN_POINT('Origin',(47.9472067608162,-15.5749999999997,-114.40538431705));
#6426=CARTESIAN_POINT('',(27.9472067608162,-15.5749999999997,-114.40538431705));
#6427=CARTESIAN_POINT('',(47.9472067608162,-15.5749999999997,-114.40538431705));
#6428=CARTESIAN_POINT('Origin',(30.9472067608162,-11.5749999999997,-59.5513843170504));
#6429=CARTESIAN_POINT('',(27.9472067608162,-22.8499999999997,-59.5513843170504));
#6430=CARTESIAN_POINT('',(30.9472067608162,-22.8499999999994,-56.5513843170504));
#6431=CARTESIAN_POINT('Origin',(30.9472067608162,-22.8499999999994,-59.5513843170504));
#6432=CARTESIAN_POINT('',(30.9472067608162,-12.8499999999994,-56.5513843170504));
#6433=CARTESIAN_POINT('',(30.9472067608162,-11.5749999999997,-56.5513843170504));
#6434=CARTESIAN_POINT('',(27.9472067608162,-12.8499999999994,-59.5513843170504));
#6435=CARTESIAN_POINT('Origin',(30.9472067608162,-12.8499999999994,-59.5513843170504));
#6436=CARTESIAN_POINT('',(27.9472067608162,-11.5749999999997,-59.5513843170504));
#6437=CARTESIAN_POINT('Origin',(37.9472067608162,-22.8499999999994,-60.5513843170504));
#6438=CARTESIAN_POINT('',(27.9472067608162,-22.8499999999997,-64.5513843170504));
#6439=CARTESIAN_POINT('',(47.9472067608162,-22.8499999999993,-59.5513843170504));
#6440=CARTESIAN_POINT('',(47.9472067608162,-22.8499999999993,-56.5513843170504));
#6441=CARTESIAN_POINT('',(44.9472067608162,-22.8499999999993,-56.5513843170504));
#6442=CARTESIAN_POINT('Origin',(44.9472067608162,-22.8499999999994,-59.5513843170504));
#6443=CARTESIAN_POINT('',(27.9472067608162,-22.8499999999994,-56.5513843170504));
#6444=CARTESIAN_POINT('',(46.1388608774029,-22.8499999999994,-59.5778377483999));
#6445=CARTESIAN_POINT('Origin',(44.3888608774029,-22.8499999999994,-59.5778377483999));
#6446=CARTESIAN_POINT('',(33.0239478854824,-22.8499999999994,-60.4178866041509));
#6447=CARTESIAN_POINT('Origin',(31.2739478854824,-22.8499999999994,-60.4178866041509));
#6448=CARTESIAN_POINT('Origin',(27.9472067608162,-10.3,-64.5513843170504));
#6449=CARTESIAN_POINT('',(27.9472067608162,-12.8499999999994,-61.5513843170504));
#6450=CARTESIAN_POINT('',(27.9472067608162,-12.8499999999993,-64.5513843170504));
#6451=CARTESIAN_POINT('',(27.9472067608162,-17.8499999999997,-61.5513843170504));
#6452=CARTESIAN_POINT('',(27.9472067608162,-11.5749999999997,-61.5513843170504));
#6453=CARTESIAN_POINT('',(27.9472067608162,-17.8499999999997,-74.4053843170504));
#6454=CARTESIAN_POINT('',(27.9472067608162,-17.8499999999997,-64.5513843170504));
#6455=CARTESIAN_POINT('',(27.9472067608162,-5.29999999999968,-74.4053843170504));
#6456=CARTESIAN_POINT('',(27.9472067608162,-5.29999999999968,-74.4053843170504));
#6457=CARTESIAN_POINT('',(27.9472067608162,-5.29999999999968,-61.5513843170504));
#6458=CARTESIAN_POINT('',(27.9472067608162,-5.29999999999968,-64.5513843170504));
#6459=CARTESIAN_POINT('',(27.9472067608162,-10.3,-61.5513843170504));
#6460=CARTESIAN_POINT('',(27.9472067608162,-10.3,-61.5513843170504));
#6461=CARTESIAN_POINT('',(27.9472067608162,-10.3,-59.5513843170504));
#6462=CARTESIAN_POINT('',(27.9472067608162,-10.3,-64.5513843170504));
#6463=CARTESIAN_POINT('',(27.9472067608162,-0.299999999999678,-59.5513843170504));
#6464=CARTESIAN_POINT('',(27.9472067608162,-10.3,-59.5513843170504));
#6465=CARTESIAN_POINT('',(27.9472067608162,-0.299999999999678,-64.5513843170504));
#6466=CARTESIAN_POINT('Origin',(30.9472067608162,-10.3,-59.5513843170504));
#6467=CARTESIAN_POINT('',(30.9472067608162,-0.299999999999989,-56.5513843170504));
#6468=CARTESIAN_POINT('Origin',(30.9472067608162,-0.299999999999999,-59.5513843170504));
#6469=CARTESIAN_POINT('',(30.9472067608162,-10.3,-56.5513843170504));
#6470=CARTESIAN_POINT('Origin',(30.9472067608162,-10.3,-59.5513843170504));
#6471=CARTESIAN_POINT('',(30.9472067608162,-10.3,-56.5513843170504));
#6472=CARTESIAN_POINT('Origin',(37.9472067608162,-10.3,-60.5513843170504));
#6473=CARTESIAN_POINT('',(30.9472067608162,-10.3,-64.5513843170504));
#6474=CARTESIAN_POINT('Origin',(30.9472067608162,-10.3,-61.5513843170504));
#6475=CARTESIAN_POINT('',(44.9472067608162,-10.3,-64.5513843170504));
#6476=CARTESIAN_POINT('',(47.9472067608162,-10.3,-64.5513843170504));
#6477=CARTESIAN_POINT('',(47.9472067608162,-10.3,-61.5513843170504));
#6478=CARTESIAN_POINT('Origin',(44.9472067608162,-10.3,-61.5513843170504));
#6479=CARTESIAN_POINT('',(47.9472067608162,-10.3,-59.5513843170504));
#6480=CARTESIAN_POINT('',(47.9472067608162,-10.3,-56.5513843170504));
#6481=CARTESIAN_POINT('',(44.9472067608162,-10.3,-56.5513843170504));
#6482=CARTESIAN_POINT('Origin',(44.9472067608162,-10.3,-59.5513843170504));
#6483=CARTESIAN_POINT('',(27.9472067608162,-10.3,-56.5513843170504));
#6484=CARTESIAN_POINT('',(33.0239478854824,-10.3,-60.4178866041509));
#6485=CARTESIAN_POINT('Origin',(31.2739478854824,-10.3,-60.4178866041509));
#6486=CARTESIAN_POINT('',(46.1388608774029,-10.3,-59.5778377483998));
#6487=CARTESIAN_POINT('Origin',(44.3888608774029,-10.3,-59.5778377483998));
#6488=CARTESIAN_POINT('Origin',(30.9472067608162,-11.5749999999997,-61.5513843170504));
#6489=CARTESIAN_POINT('',(30.9472067608162,-12.8499999999993,-64.5513843170504));
#6490=CARTESIAN_POINT('Origin',(30.9472067608162,-12.8499999999994,-61.5513843170504));
#6491=CARTESIAN_POINT('',(30.9472067608162,-17.8499999999997,-64.5513843170504));
#6492=CARTESIAN_POINT('',(30.9472067608162,-11.5749999999997,-64.5513843170504));
#6493=CARTESIAN_POINT('Origin',(30.9472067608162,-17.8499999999997,-61.5513843170504));
#6494=CARTESIAN_POINT('Origin',(37.9472067608162,-12.8499999999994,-60.5513843170504));
#6495=CARTESIAN_POINT('',(44.9472067608162,-12.8499999999993,-56.5513843170504));
#6496=CARTESIAN_POINT('',(27.9472067608162,-12.8499999999994,-56.5513843170504));
#6497=CARTESIAN_POINT('',(47.9472067608162,-12.8499999999993,-59.5513843170504));
#6498=CARTESIAN_POINT('Origin',(44.9472067608162,-12.8499999999994,-59.5513843170504));
#6499=CARTESIAN_POINT('',(47.9472067608162,-12.8499999999993,-61.5513843170504));
#6500=CARTESIAN_POINT('',(47.9472067608162,-12.8499999999993,-56.5513843170504));
#6501=CARTESIAN_POINT('',(44.9472067608162,-12.8499999999993,-64.5513843170504));
#6502=CARTESIAN_POINT('Origin',(44.9472067608162,-12.8499999999994,-61.5513843170504));
#6503=CARTESIAN_POINT('',(47.9472067608162,-12.8499999999993,-64.5513843170504));
#6504=CARTESIAN_POINT('',(33.0239478854824,-12.8499999999994,-60.4178866041509));
#6505=CARTESIAN_POINT('Origin',(31.2739478854824,-12.8499999999994,-60.4178866041509));
#6506=CARTESIAN_POINT('',(46.1388608774029,-12.8499999999994,-59.5778377483998));
#6507=CARTESIAN_POINT('Origin',(44.3888608774029,-12.8499999999994,-59.5778377483998));
#6508=CARTESIAN_POINT('Origin',(30.9472067608162,-10.3,-61.5513843170504));
#6509=CARTESIAN_POINT('',(30.9472067608162,-5.29999999999968,-64.5513843170504));
#6510=CARTESIAN_POINT('Origin',(30.9472067608162,-5.29999999999967,-61.5513843170504));
#6511=CARTESIAN_POINT('',(30.9472067608162,-10.3,-64.5513843170504));
#6512=CARTESIAN_POINT('Origin',(44.9472067608162,-10.3,-59.5513843170504));
#6513=CARTESIAN_POINT('',(47.9472067608162,-0.300000000000027,-59.5513843170504));
#6514=CARTESIAN_POINT('',(44.9472067608162,-0.30000000000002,-56.5513843170504));
#6515=CARTESIAN_POINT('Origin',(44.9472067608162,-0.3,-59.5513843170504));
#6516=CARTESIAN_POINT('',(44.9472067608162,-10.3,-56.5513843170504));
#6517=CARTESIAN_POINT('',(47.9472067608162,-10.3,-59.5513843170504));
#6518=CARTESIAN_POINT('Origin',(27.9472067608162,-10.3,-56.5513843170504));
#6519=CARTESIAN_POINT('',(27.9472067608162,-0.299999999999983,-56.5513843170504));
#6520=CARTESIAN_POINT('Origin',(44.9472067608162,-11.5749999999997,-59.5513843170504));
#6521=CARTESIAN_POINT('',(47.9472067608162,-11.5749999999997,-59.5513843170504));
#6522=CARTESIAN_POINT('',(44.9472067608162,-11.5749999999997,-56.5513843170504));
#6523=CARTESIAN_POINT('Origin',(27.9472067608162,-12.8499999999994,-56.5513843170504));
#6524=CARTESIAN_POINT('Origin',(44.9472067608162,-11.5749999999997,-61.5513843170504));
#6525=CARTESIAN_POINT('',(47.9472067608162,-17.8499999999997,-61.5513843170504));
#6526=CARTESIAN_POINT('',(47.9472067608162,-11.5749999999997,-61.5513843170504));
#6527=CARTESIAN_POINT('',(44.9472067608162,-17.8499999999997,-64.5513843170504));
#6528=CARTESIAN_POINT('Origin',(44.9472067608162,-17.8499999999997,-61.5513843170504));
#6529=CARTESIAN_POINT('',(44.9472067608162,-11.5749999999997,-64.5513843170504));
#6530=CARTESIAN_POINT('Origin',(47.9472067608162,-12.8499999999993,-64.5513843170504));
#6531=CARTESIAN_POINT('',(47.9472067608162,-17.8499999999997,-64.5513843170504));
#6532=CARTESIAN_POINT('Origin',(44.9472067608162,-10.3,-61.5513843170504));
#6533=CARTESIAN_POINT('',(44.9472067608162,-5.29999999999968,-64.5513843170504));
#6534=CARTESIAN_POINT('',(44.9472067608162,-10.3,-64.5513843170504));
#6535=CARTESIAN_POINT('',(47.9472067608162,-5.29999999999968,-61.5513843170504));
#6536=CARTESIAN_POINT('Origin',(44.9472067608162,-5.29999999999967,-61.5513843170504));
#6537=CARTESIAN_POINT('',(47.9472067608162,-10.3,-61.5513843170504));
#6538=CARTESIAN_POINT('Origin',(47.9472067608162,-10.3,-56.5513843170504));
#6539=CARTESIAN_POINT('',(47.9472067608162,-5.29999999999968,-74.4053843170504));
#6540=CARTESIAN_POINT('',(47.9472067608162,-5.29999999999968,-64.5513843170504));
#6541=CARTESIAN_POINT('',(47.9472067608162,-17.8499999999997,-74.4053843170504));
#6542=CARTESIAN_POINT('',(47.9472067608162,-5.29999999999968,-74.4053843170504));
#6543=CARTESIAN_POINT('',(47.9472067608162,-17.8499999999997,-64.5513843170504));
#6544=CARTESIAN_POINT('',(47.9472067608162,-0.300000000000027,-56.5513843170504));
#6545=CARTESIAN_POINT('Origin',(47.9472067608162,-17.8499999999997,-64.5513843170504));
#6546=CARTESIAN_POINT('',(47.9472067608162,-17.8499999999997,-74.4053843170504));
#6547=CARTESIAN_POINT('Origin',(31.2739478854824,-12.8499999999994,-60.4178866041509));
#6548=CARTESIAN_POINT('',(33.0239478854824,-12.8499999999994,-60.4178866041509));
#6549=CARTESIAN_POINT('Origin',(44.3888608774029,-12.8499999999994,-59.5778377483998));
#6550=CARTESIAN_POINT('',(46.1388608774029,-12.8499999999994,-59.5778377483998));
#6551=CARTESIAN_POINT('Origin',(47.9472067608162,-5.29999999999968,-74.4053843170504));
#6552=CARTESIAN_POINT('',(47.9472067608162,-5.29999999999968,-74.4053843170504));
#6553=CARTESIAN_POINT('Origin',(47.9472067608162,-5.29999999999968,-64.5513843170504));
#6554=CARTESIAN_POINT('',(47.9472067608162,-5.29999999999968,-64.5513843170504));
#6555=CARTESIAN_POINT('Origin',(31.2739478854824,-10.3,-60.4178866041509));
#6556=CARTESIAN_POINT('',(33.0239478854824,-0.300000000000005,-60.4178866041509));
#6557=CARTESIAN_POINT('Origin',(31.2739478854824,-0.300000000000005,-60.4178866041509));
#6558=CARTESIAN_POINT('',(33.0239478854824,-10.3,-60.4178866041509));
#6559=CARTESIAN_POINT('Origin',(44.3888608774029,-10.3,-59.5778377483998));
#6560=CARTESIAN_POINT('',(46.1388608774029,-0.300000000000007,-59.5778377483999));
#6561=CARTESIAN_POINT('Origin',(44.3888608774029,-0.300000000000007,-59.5778377483999));
#6562=CARTESIAN_POINT('',(46.1388608774029,-10.3,-59.5778377483998));
#6563=CARTESIAN_POINT('Origin',(47.9472067608162,-10.3,-64.5513843170504));
#6564=CARTESIAN_POINT('Origin',(37.9472067608162,-0.300000000000005,-60.5513843170504));
#6565=CARTESIAN_POINT('',(0.,0.,0.));
#6566=CARTESIAN_POINT('Origin',(15.8022522796689,-6.05958890894887,0.));
#6567=CARTESIAN_POINT('',(14.052319716316,-6.04422584555094,2.55));
#6568=CARTESIAN_POINT('Origin',(15.8022522796689,-6.05958890894887,2.55));
#6569=CARTESIAN_POINT('',(14.052319716316,-6.04422584555094,0.));
#6570=CARTESIAN_POINT('',(14.052319716316,-6.04422584555094,0.));
#6571=CARTESIAN_POINT('Origin',(15.8022522796689,-6.05958890894887,0.));
#6572=CARTESIAN_POINT('Origin',(15.7346506431598,6.91602157655015,0.));
#6573=CARTESIAN_POINT('',(13.9847180798068,6.93138463994807,2.55));
#6574=CARTESIAN_POINT('Origin',(15.7346506431598,6.91602157655015,2.55));
#6575=CARTESIAN_POINT('',(13.9847180798068,6.93138463994807,0.));
#6576=CARTESIAN_POINT('',(13.9847180798068,6.93138463994807,0.));
#6577=CARTESIAN_POINT('Origin',(15.7346506431598,6.91602157655015,0.));
#6578=CARTESIAN_POINT('Origin',(-3.79181676723858,7.15855027909826,0.));
#6579=CARTESIAN_POINT('',(-5.54174933059153,7.17391334249619,2.55));
#6580=CARTESIAN_POINT('Origin',(-3.79181676723858,7.15855027909826,2.55));
#6581=CARTESIAN_POINT('',(-5.54174933059153,7.17391334249619,0.));
#6582=CARTESIAN_POINT('',(-5.54174933059153,7.17391334249619,0.));
#6583=CARTESIAN_POINT('Origin',(-3.79181676723858,7.15855027909826,0.));
#6584=CARTESIAN_POINT('Origin',(6.58255765763271,8.42523530392324,0.));
#6585=CARTESIAN_POINT('',(6.63501518600621,14.4004197262028,0.));
#6586=CARTESIAN_POINT('',(12.0114690891203,10.9217331191834,0.));
#6587=CARTESIAN_POINT('Origin',(6.58255765763271,8.42523530392324,0.));
#6588=CARTESIAN_POINT('',(12.0114690891203,10.9217331191834,2.55));
#6589=CARTESIAN_POINT('',(12.0114690891203,10.9217331191834,0.));
#6590=CARTESIAN_POINT('',(6.63501518600621,14.4004197262028,2.55));
#6591=CARTESIAN_POINT('Origin',(6.58255765763271,8.42523530392324,2.55));
#6592=CARTESIAN_POINT('',(6.63501518600621,14.4004197262028,0.));
#6593=CARTESIAN_POINT('Origin',(-4.38449548558225,14.4971625633881,0.));
#6594=CARTESIAN_POINT('',(-4.38449548558225,14.4971625633881,0.));
#6595=CARTESIAN_POINT('',(6.63501518600621,14.4004197262028,0.));
#6596=CARTESIAN_POINT('',(-4.38449548558225,14.4971625633881,2.55));
#6597=CARTESIAN_POINT('',(6.63501518600621,14.4004197262028,2.55));
#6598=CARTESIAN_POINT('',(-4.38449548558225,14.4971625633881,0.));
#6599=CARTESIAN_POINT('Origin',(-3.9133518916318,7.31813354868278,0.));
#6600=CARTESIAN_POINT('',(-11.0801910182139,7.94809451080123,0.));
#6601=CARTESIAN_POINT('Origin',(-3.9133518916318,7.31813354868278,0.));
#6602=CARTESIAN_POINT('',(-11.0801910182139,7.94809451080123,2.55));
#6603=CARTESIAN_POINT('Origin',(-3.9133518916318,7.31813354868278,2.55));
#6604=CARTESIAN_POINT('',(-11.0801910182139,7.94809451080123,0.));
#6605=CARTESIAN_POINT('Origin',(-11.0620724410202,-6.37814649940901,0.));
#6606=CARTESIAN_POINT('',(-11.0620724410202,-6.37814649940901,0.));
#6607=CARTESIAN_POINT('',(-11.0801910182139,7.94809451080123,0.));
#6608=CARTESIAN_POINT('',(-11.0620724410202,-6.37814649940901,2.55));
#6609=CARTESIAN_POINT('',(-11.0801910182139,7.94809451080123,2.55));
#6610=CARTESIAN_POINT('',(-11.0620724410202,-6.37814649940901,0.));
#6611=CARTESIAN_POINT('Origin',(-4.06234208330428,-6.43959875391643,0.));
#6612=CARTESIAN_POINT('',(-4.1237943378117,-13.4393291116323,0.));
#6613=CARTESIAN_POINT('Origin',(-4.06234208330428,-6.43959875391643,0.));
#6614=CARTESIAN_POINT('',(-4.1237943378117,-13.4393291116323,2.55));
#6615=CARTESIAN_POINT('Origin',(-4.06234208330428,-6.43959875391643,2.55));
#6616=CARTESIAN_POINT('',(-4.1237943378117,-13.4393291116323,0.));
#6617=CARTESIAN_POINT('Origin',(6.87578193859903,-13.535896940144,0.));
#6618=CARTESIAN_POINT('',(6.87578193859903,-13.535896940144,0.));
#6619=CARTESIAN_POINT('',(-4.1237943378117,-13.4393291116323,0.));
#6620=CARTESIAN_POINT('',(6.87578193859903,-13.535896940144,2.55));
#6621=CARTESIAN_POINT('',(-4.1237943378117,-13.4393291116323,2.55));
#6622=CARTESIAN_POINT('',(6.87578193859903,-13.535896940144,0.));
#6623=CARTESIAN_POINT('Origin',(6.9249258082707,-7.93815542205385,0.));
#6624=CARTESIAN_POINT('',(12.0582103340583,-10.1712060709613,0.));
#6625=CARTESIAN_POINT('Origin',(6.9249258082707,-7.93815542205385,0.));
#6626=CARTESIAN_POINT('',(12.0582103340583,-10.1712060709613,2.55));
#6627=CARTESIAN_POINT('Origin',(6.9249258082707,-7.93815542205385,2.55));
#6628=CARTESIAN_POINT('',(12.0582103340583,-10.1712060709613,0.));
#6629=CARTESIAN_POINT('Origin',(-4.74377907266585,-10.0236975132759,0.));
#6630=CARTESIAN_POINT('',(-4.74377907266585,-10.0236975132759,0.));
#6631=CARTESIAN_POINT('',(19.2229263173895,-10.2341067724998,0.));
#6632=CARTESIAN_POINT('',(-4.74377907266585,-10.0236975132759,2.55));
#6633=CARTESIAN_POINT('',(19.2229263173895,-10.2341067724998,2.55));
#6634=CARTESIAN_POINT('',(-4.74377907266585,-10.0236975132759,0.));
#6635=CARTESIAN_POINT('Origin',(-4.71770591077004,-7.05382920971762,0.));
#6636=CARTESIAN_POINT('',(-7.68768866328211,-7.05383490417668,0.));
#6637=CARTESIAN_POINT('Origin',(-4.71770591077004,-7.05382920971762,0.));
#6638=CARTESIAN_POINT('',(-7.68768866328211,-7.05383490417668,2.55));
#6639=CARTESIAN_POINT('Origin',(-4.71770591077004,-7.05382920971762,2.55));
#6640=CARTESIAN_POINT('',(-7.68768866328211,-7.05383490417668,0.));
#6641=CARTESIAN_POINT('Origin',(-7.68771745095032,7.96056364755742,0.));
#6642=CARTESIAN_POINT('',(-7.68771745095032,7.96056364755742,0.));
#6643=CARTESIAN_POINT('',(-7.68771745095032,7.96056364755742,0.));
#6644=CARTESIAN_POINT('',(-7.68771745095032,7.96056364755742,2.55));
#6645=CARTESIAN_POINT('',(-7.68771745095032,7.96056364755742,2.55));
#6646=CARTESIAN_POINT('',(-7.68771745095032,7.96056364755742,0.));
#6647=CARTESIAN_POINT('Origin',(-4.58100448876614,7.96056960417444,0.));
#6648=CARTESIAN_POINT('',(-4.55373098693912,11.0671628484755,0.));
#6649=CARTESIAN_POINT('Origin',(-4.58100448876614,7.96056960417444,0.));
#6650=CARTESIAN_POINT('',(-4.55373098693912,11.0671628484755,2.55));
#6651=CARTESIAN_POINT('Origin',(-4.58100448876614,7.96056960417444,2.55));
#6652=CARTESIAN_POINT('',(-4.55373098693912,11.0671628484755,0.));
#6653=CARTESIAN_POINT('Origin',(12.0114690891203,10.9217331191834,0.));
#6654=CARTESIAN_POINT('',(-4.55373098693912,11.0671628484755,0.));
#6655=CARTESIAN_POINT('',(-4.55373098693912,11.0671628484755,2.55));
#6656=CARTESIAN_POINT('Origin',(-4.6318656229896,-5.95636271282221,0.));
#6657=CARTESIAN_POINT('',(-6.38179818634256,-5.94099964942428,2.55));
#6658=CARTESIAN_POINT('Origin',(-4.6318656229896,-5.95636271282221,2.55));
#6659=CARTESIAN_POINT('',(-6.38179818634256,-5.94099964942428,0.));
#6660=CARTESIAN_POINT('',(-6.38179818634256,-5.94099964942429,0.));
#6661=CARTESIAN_POINT('Origin',(-4.6318656229896,-5.95636271282221,0.));
#6662=CARTESIAN_POINT('Origin',(19.2544152465845,-6.64735449814952,0.));
#6663=CARTESIAN_POINT('',(19.3881277817805,8.58319642826626,0.));
#6664=CARTESIAN_POINT('',(19.2544152465845,-6.64735449814952,0.));
#6665=CARTESIAN_POINT('',(19.4080882434347,10.8567964859794,0.));
#6666=CARTESIAN_POINT('',(19.3881277817805,8.58319642826626,2.55));
#6667=CARTESIAN_POINT('',(19.3881277817805,8.58319642826626,0.));
#6668=CARTESIAN_POINT('',(19.2544152465845,-6.64735449814952,2.55));
#6669=CARTESIAN_POINT('',(19.4080882434347,10.8567964859794,2.55));
#6670=CARTESIAN_POINT('',(19.2544152465845,-6.64735449814952,0.));
#6671=CARTESIAN_POINT('Origin',(9.77200005039936,-6.47733943062302,0.));
#6672=CARTESIAN_POINT('',(9.75460052166062,-15.9612626869779,0.));
#6673=CARTESIAN_POINT('Origin',(9.77200005039936,-6.47733943062302,0.));
#6674=CARTESIAN_POINT('',(9.75460052166062,-15.9612626869779,2.55));
#6675=CARTESIAN_POINT('Origin',(9.77200005039936,-6.47733943062302,2.55));
#6676=CARTESIAN_POINT('',(9.75460052166062,-15.9612626869779,0.));
#6677=CARTESIAN_POINT('Origin',(-4.6457223114012,-15.9348433640661,0.));
#6678=CARTESIAN_POINT('',(-4.6457223114012,-15.9348433640661,0.));
#6679=CARTESIAN_POINT('',(-4.6457223114012,-15.9348433640661,0.));
#6680=CARTESIAN_POINT('',(-4.6457223114012,-15.9348433640661,2.55));
#6681=CARTESIAN_POINT('',(-4.6457223114012,-15.9348433640661,2.55));
#6682=CARTESIAN_POINT('',(-4.6457223114012,-15.9348433640661,0.));
#6683=CARTESIAN_POINT('Origin',(-4.09123036657325,-6.36075877177951,0.));
#6684=CARTESIAN_POINT('',(-13.6809889152095,-6.27656805972646,0.));
#6685=CARTESIAN_POINT('Origin',(-4.09123036657325,-6.36075877177951,0.));
#6686=CARTESIAN_POINT('',(-13.6809889152095,-6.27656805972646,2.55));
#6687=CARTESIAN_POINT('Origin',(-4.09123036657325,-6.36075877177951,2.55));
#6688=CARTESIAN_POINT('',(-13.6809889152095,-6.27656805972646,0.));
#6689=CARTESIAN_POINT('Origin',(-13.5478941865211,8.88361150276263,0.));
#6690=CARTESIAN_POINT('',(-13.5478941865211,8.88361150276263,0.));
#6691=CARTESIAN_POINT('',(-13.5478941865211,8.88361150276263,0.));
#6692=CARTESIAN_POINT('',(-13.5478941865211,8.88361150276263,2.55));
#6693=CARTESIAN_POINT('',(-13.5478941865211,8.88361150276263,2.55));
#6694=CARTESIAN_POINT('',(-13.5478941865211,8.88361150276263,0.));
#6695=CARTESIAN_POINT('Origin',(-3.2085549832898,6.90420380239551,0.));
#6696=CARTESIAN_POINT('',(-4.66924455996977,17.3294796243739,0.));
#6697=CARTESIAN_POINT('Origin',(-3.2085549832898,6.90420380239551,0.));
#6698=CARTESIAN_POINT('',(-4.66924455996977,17.3294796243739,2.55));
#6699=CARTESIAN_POINT('Origin',(-3.2085549832898,6.90420380239551,2.55));
#6700=CARTESIAN_POINT('',(-4.66924455996977,17.3294796243739,0.));
#6701=CARTESIAN_POINT('Origin',(9.78605309797964,17.2025732172324,0.));
#6702=CARTESIAN_POINT('',(9.78605309797964,17.2025732172324,0.));
#6703=CARTESIAN_POINT('',(9.78605309797964,17.2025732172324,0.));
#6704=CARTESIAN_POINT('',(9.78605309797964,17.2025732172324,2.55));
#6705=CARTESIAN_POINT('',(9.78605309797964,17.2025732172324,2.55));
#6706=CARTESIAN_POINT('',(9.78605309797964,17.2025732172324,0.));
#6707=CARTESIAN_POINT('Origin',(9.7004250012278,7.44908909998272,0.));
#6708=CARTESIAN_POINT('Origin',(9.7004250012278,7.44908909998272,0.));
#6709=CARTESIAN_POINT('Origin',(9.7004250012278,7.44908909998272,2.55));
#6710=CARTESIAN_POINT('Origin',(2.84898757771185,0.631417082028616,2.55));
#6711=CARTESIAN_POINT('Origin',(2.84898757771185,0.631417082028616,0.));
#6712=CARTESIAN_POINT('',(22.9930253694191,14.1820137742883,94.9099299214458));
#6713=CARTESIAN_POINT('',(14.9394092776007,14.1820137742884,86.8563138296176));
#6714=CARTESIAN_POINT('',(42.0930253694192,32.6710468750237,86.5507544746144));
#6715=CARTESIAN_POINT('',(14.9394092776007,14.1820137742884,86.8563138296176));
#6716=CARTESIAN_POINT('',(68.8430253694189,24.4820137754057,94.2099299382095));
#6717=CARTESIAN_POINT('',(14.9394092776007,14.1820137742884,86.8563138296176));
#6718=CARTESIAN_POINT('',(52.1697198759053,27.0320137742883,142.642334810778));
#6719=UNCERTAINTY_MEASURE_WITH_UNIT(LENGTH_MEASURE(0.01),#6737,
'DISTANCE_ACCURACY_VALUE',
'Maximum model space distance between geometric entities at asserted c
onnectivities');
#6720=UNCERTAINTY_MEASURE_WITH_UNIT(LENGTH_MEASURE(0.01),#6737,
'DISTANCE_ACCURACY_VALUE',
'Maximum model space distance between geometric entities at asserted c
onnectivities');
#6721=UNCERTAINTY_MEASURE_WITH_UNIT(LENGTH_MEASURE(0.01),#6737,
'DISTANCE_ACCURACY_VALUE',
'Maximum model space distance between geometric entities at asserted c
onnectivities');
#6722=UNCERTAINTY_MEASURE_WITH_UNIT(LENGTH_MEASURE(0.01),#6737,
'DISTANCE_ACCURACY_VALUE',
'Maximum model space distance between geometric entities at asserted c
onnectivities');
#6723=UNCERTAINTY_MEASURE_WITH_UNIT(LENGTH_MEASURE(0.01),#6737,
'DISTANCE_ACCURACY_VALUE',
'Maximum model space distance between geometric entities at asserted c
onnectivities');
#6724=UNCERTAINTY_MEASURE_WITH_UNIT(LENGTH_MEASURE(0.01),#6737,
'DISTANCE_ACCURACY_VALUE',
'Maximum model space distance between geometric entities at asserted c
onnectivities');
#6725=UNCERTAINTY_MEASURE_WITH_UNIT(LENGTH_MEASURE(0.01),#6737,
'DISTANCE_ACCURACY_VALUE',
'Maximum model space distance between geometric entities at asserted c
onnectivities');
#6726=UNCERTAINTY_MEASURE_WITH_UNIT(LENGTH_MEASURE(0.01),#6737,
'DISTANCE_ACCURACY_VALUE',
'Maximum model space distance between geometric entities at asserted c
onnectivities');
#6727=UNCERTAINTY_MEASURE_WITH_UNIT(LENGTH_MEASURE(0.01),#6737,
'DISTANCE_ACCURACY_VALUE',
'Maximum model space distance between geometric entities at asserted c
onnectivities');
#6728=(
GEOMETRIC_REPRESENTATION_CONTEXT(3)
GLOBAL_UNCERTAINTY_ASSIGNED_CONTEXT((#6719))
GLOBAL_UNIT_ASSIGNED_CONTEXT((#6737,#6739,#6740))
REPRESENTATION_CONTEXT('','3D')
);
#6729=(
GEOMETRIC_REPRESENTATION_CONTEXT(3)
GLOBAL_UNCERTAINTY_ASSIGNED_CONTEXT((#6720))
GLOBAL_UNIT_ASSIGNED_CONTEXT((#6737,#6739,#6740))
REPRESENTATION_CONTEXT('','3D')
);
#6730=(
GEOMETRIC_REPRESENTATION_CONTEXT(3)
GLOBAL_UNCERTAINTY_ASSIGNED_CONTEXT((#6721))
GLOBAL_UNIT_ASSIGNED_CONTEXT((#6737,#6739,#6740))
REPRESENTATION_CONTEXT('','3D')
);
#6731=(
GEOMETRIC_REPRESENTATION_CONTEXT(3)
GLOBAL_UNCERTAINTY_ASSIGNED_CONTEXT((#6722))
GLOBAL_UNIT_ASSIGNED_CONTEXT((#6737,#6739,#6740))
REPRESENTATION_CONTEXT('','3D')
);
#6732=(
GEOMETRIC_REPRESENTATION_CONTEXT(3)
GLOBAL_UNCERTAINTY_ASSIGNED_CONTEXT((#6723))
GLOBAL_UNIT_ASSIGNED_CONTEXT((#6737,#6739,#6740))
REPRESENTATION_CONTEXT('','3D')
);
#6733=(
GEOMETRIC_REPRESENTATION_CONTEXT(3)
GLOBAL_UNCERTAINTY_ASSIGNED_CONTEXT((#6724))
GLOBAL_UNIT_ASSIGNED_CONTEXT((#6737,#6739,#6740))
REPRESENTATION_CONTEXT('','3D')
);
#6734=(
GEOMETRIC_REPRESENTATION_CONTEXT(3)
GLOBAL_UNCERTAINTY_ASSIGNED_CONTEXT((#6725))
GLOBAL_UNIT_ASSIGNED_CONTEXT((#6737,#6739,#6740))
REPRESENTATION_CONTEXT('','3D')
);
#6735=(
GEOMETRIC_REPRESENTATION_CONTEXT(3)
GLOBAL_UNCERTAINTY_ASSIGNED_CONTEXT((#6726))
GLOBAL_UNIT_ASSIGNED_CONTEXT((#6737,#6739,#6740))
REPRESENTATION_CONTEXT('','3D')
);
#6736=(
GEOMETRIC_REPRESENTATION_CONTEXT(3)
GLOBAL_UNCERTAINTY_ASSIGNED_CONTEXT((#6727))
GLOBAL_UNIT_ASSIGNED_CONTEXT((#6737,#6739,#6740))
REPRESENTATION_CONTEXT('','3D')
);
#6737=(
LENGTH_UNIT()
NAMED_UNIT(*)
SI_UNIT(.MILLI.,.METRE.)
);
#6738=(
LENGTH_UNIT()
NAMED_UNIT(*)
SI_UNIT($,.METRE.)
);
#6739=(
NAMED_UNIT(*)
PLANE_ANGLE_UNIT()
SI_UNIT($,.RADIAN.)
);
#6740=(
NAMED_UNIT(*)
SI_UNIT($,.STERADIAN.)
SOLID_ANGLE_UNIT()
);
#6741=SHAPE_DEFINITION_REPRESENTATION(#6749,#6764);
#6742=SHAPE_DEFINITION_REPRESENTATION(#6750,#6765);
#6743=SHAPE_DEFINITION_REPRESENTATION(#6751,#6766);
#6744=SHAPE_DEFINITION_REPRESENTATION(#6752,#6767);
#6745=SHAPE_DEFINITION_REPRESENTATION(#6753,#6768);
#6746=SHAPE_DEFINITION_REPRESENTATION(#6754,#6769);
#6747=SHAPE_DEFINITION_REPRESENTATION(#6755,#6770);
#6748=SHAPE_DEFINITION_REPRESENTATION(#6756,#6771);
#6749=PRODUCT_DEFINITION_SHAPE('',$,#6773);
#6750=PRODUCT_DEFINITION_SHAPE('',$,#6774);
#6751=PRODUCT_DEFINITION_SHAPE('',$,#6775);
#6752=PRODUCT_DEFINITION_SHAPE('',$,#6776);
#6753=PRODUCT_DEFINITION_SHAPE('',$,#6777);
#6754=PRODUCT_DEFINITION_SHAPE('',$,#6778);
#6755=PRODUCT_DEFINITION_SHAPE('',$,#6779);
#6756=PRODUCT_DEFINITION_SHAPE('',$,#6780);
#6757=PRODUCT_DEFINITION_SHAPE($,$,#32);
#6758=PRODUCT_DEFINITION_SHAPE($,$,#33);
#6759=PRODUCT_DEFINITION_SHAPE($,$,#34);
#6760=PRODUCT_DEFINITION_SHAPE($,$,#35);
#6761=PRODUCT_DEFINITION_SHAPE($,$,#36);
#6762=PRODUCT_DEFINITION_SHAPE($,$,#37);
#6763=PRODUCT_DEFINITION_SHAPE($,$,#38);
#6764=SHAPE_REPRESENTATION('',(#4049,#4433,#4434,#4435,#4436,#4437,#4438,
#4439),#6728);
#6765=SHAPE_REPRESENTATION('',(#4050),#6729);
#6766=SHAPE_REPRESENTATION('',(#4110),#6730);
#6767=SHAPE_REPRESENTATION('',(#4166),#6731);
#6768=SHAPE_REPRESENTATION('',(#4220),#6732);
#6769=SHAPE_REPRESENTATION('',(#4262),#6733);
#6770=SHAPE_REPRESENTATION('',(#4319),#6734);
#6771=SHAPE_REPRESENTATION('',(#4378),#6735);
#6772=PRODUCT_DEFINITION_CONTEXT('part definition',#6798,'design');
#6773=PRODUCT_DEFINITION('First Assembly','First Assembly v4',#6781,#6772);
#6774=PRODUCT_DEFINITION('MG996R Servo','MG996R Servo v3',#6782,#6772);
#6775=PRODUCT_DEFINITION('Base','Base',#6783,#6772);
#6776=PRODUCT_DEFINITION('servoHorn','servoHorn v1',#6784,#6772);
#6777=PRODUCT_DEFINITION('Arm','Arm',#6785,#6772);
#6778=PRODUCT_DEFINITION('AS6500_breakout_board',
'AS6500_breakout_board v2',#6786,#6772);
#6779=PRODUCT_DEFINITION('Interface','Interface',#6787,#6772);
#6780=PRODUCT_DEFINITION('newLoadCell','newLoadCell v1',#6788,#6772);
#6781=PRODUCT_DEFINITION_FORMATION('',$,#6800);
#6782=PRODUCT_DEFINITION_FORMATION('',$,#6801);
#6783=PRODUCT_DEFINITION_FORMATION('',$,#6802);
#6784=PRODUCT_DEFINITION_FORMATION('',$,#6803);
#6785=PRODUCT_DEFINITION_FORMATION('',$,#6804);
#6786=PRODUCT_DEFINITION_FORMATION('',$,#6805);
#6787=PRODUCT_DEFINITION_FORMATION('',$,#6806);
#6788=PRODUCT_DEFINITION_FORMATION('',$,#6807);
#6789=PRODUCT_RELATED_PRODUCT_CATEGORY('First Assembly v4',
'First Assembly v4',(#6800));
#6790=PRODUCT_RELATED_PRODUCT_CATEGORY('MG996R Servo v3',
'MG996R Servo v3',(#6801));
#6791=PRODUCT_RELATED_PRODUCT_CATEGORY('Base','Base',(#6802));
#6792=PRODUCT_RELATED_PRODUCT_CATEGORY('servoHorn v1','servoHorn v1',(#6803));
#6793=PRODUCT_RELATED_PRODUCT_CATEGORY('Arm','Arm',(#6804));
#6794=PRODUCT_RELATED_PRODUCT_CATEGORY('AS6500_breakout_board v2',
'AS6500_breakout_board v2',(#6805));
#6795=PRODUCT_RELATED_PRODUCT_CATEGORY('Interface','Interface',(#6806));
#6796=PRODUCT_RELATED_PRODUCT_CATEGORY('newLoadCell v1',
'newLoadCell v1',(#6807));
#6797=APPLICATION_PROTOCOL_DEFINITION('international standard',
'automotive_design',2009,#6798);
#6798=APPLICATION_CONTEXT(
'Core Data for Automotive Mechanical Design Process');
#6799=PRODUCT_CONTEXT('part definition',#6798,'mechanical');
#6800=PRODUCT('First Assembly','First Assembly v4',$,(#6799));
#6801=PRODUCT('MG996R Servo','MG996R Servo v3',$,(#6799));
#6802=PRODUCT('Base','Base',$,(#6799));
#6803=PRODUCT('servoHorn','servoHorn v1',$,(#6799));
#6804=PRODUCT('Arm','Arm',$,(#6799));
#6805=PRODUCT('AS6500_breakout_board','AS6500_breakout_board v2',$,(#6799));
#6806=PRODUCT('Interface','Interface',$,(#6799));
#6807=PRODUCT('newLoadCell','newLoadCell v1',$,(#6799));
#6808=PRESENTATION_STYLE_ASSIGNMENT((#6809));
#6809=SURFACE_STYLE_USAGE(.BOTH.,#6810);
#6810=SURFACE_SIDE_STYLE('',(#6811));
#6811=SURFACE_STYLE_FILL_AREA(#6812);
#6812=FILL_AREA_STYLE('Steel - Satin',(#6813));
#6813=FILL_AREA_STYLE_COLOUR('Steel - Satin',#6814);
#6814=COLOUR_RGB('Steel - Satin',0.627450980392157,0.627450980392157,0.627450980392157);
ENDSEC;
END-ISO-10303-21;
